CountryName,RegionName,Date,PredictedDailyNewCases
Aruba,,2020-08-01,30.812099172146937
Aruba,,2020-08-02,48.110882176004075
Aruba,,2020-08-03,63.691177174381544
Aruba,,2020-08-04,47.95229260344105
Afghanistan,,2020-08-01,45.19274203078296
Afghanistan,,2020-08-02,51.342887944683206
Afghanistan,,2020-08-03,54.926622134623
Afghanistan,,2020-08-04,52.385394474367786
Angola,,2020-08-01,26.829051937991046
Angola,,2020-08-02,43.514305425598465
Angola,,2020-08-03,44.22300431835106
Angola,,2020-08-04,40.83471501933832
Albania,,2020-08-01,60.67374721713455
Albania,,2020-08-02,78.01164385244819
Albania,,2020-08-03,87.6752533065235
Albania,,2020-08-04,79.57526639163201
Andorra,,2020-08-01,114.03133041073806
Andorra,,2020-08-02,58.521373157416726
Andorra,,2020-08-03,48.278198001855884
Andorra,,2020-08-04,50.932586719982936
United Arab Emirates,,2020-08-01,186.34894254415218
United Arab Emirates,,2020-08-02,234.14629544533756
United Arab Emirates,,2020-08-03,255.19666225443942
United Arab Emirates,,2020-08-04,223.04528034648433
Argentina,,2020-08-01,1513.9490219439244
Argentina,,2020-08-02,1716.2058819744143
Argentina,,2020-08-03,1439.5919076542032
Argentina,,2020-08-04,1002.9163116648486
Australia,,2020-08-01,33873.01384445508
Australia,,2020-08-02,41719.04732106793
Australia,,2020-08-03,42225.0167592724
Australia,,2020-08-04,34185.48077058031
Austria,,2020-08-01,16883.061905840994
Austria,,2020-08-02,18222.401561653285
Austria,,2020-08-03,18252.826353698565
Austria,,2020-08-04,14706.265515630716
Azerbaijan,,2020-08-01,52.13887287565409
Azerbaijan,,2020-08-02,63.37040645619438
Azerbaijan,,2020-08-03,67.37696442245011
Azerbaijan,,2020-08-04,63.9049055699678
Burundi,,2020-08-01,27.100995734220948
Burundi,,2020-08-02,36.87268543113551
Burundi,,2020-08-03,38.039121911771744
Burundi,,2020-08-04,38.25841613967606
Belgium,,2020-08-01,9143.922780087323
Belgium,,2020-08-02,15405.068152352604
Belgium,,2020-08-03,5975.024541076667
Belgium,,2020-08-04,3937.5504708207777
Benin,,2020-08-01,20.508261301090556
Benin,,2020-08-02,27.344828304291187
Benin,,2020-08-03,31.109644641377095
Benin,,2020-08-04,34.67475323425333
Burkina Faso,,2020-08-01,20.508261301090556
Burkina Faso,,2020-08-02,28.36431066508159
Burkina Faso,,2020-08-03,32.97183593404658
Burkina Faso,,2020-08-04,35.36938760289088
Bangladesh,,2020-08-01,60.73501922244595
Bangladesh,,2020-08-02,78.92766462772472
Bangladesh,,2020-08-03,86.6673010784112
Bangladesh,,2020-08-04,77.02544212226044
Bulgaria,,2020-08-01,633.2567478650816
Bulgaria,,2020-08-02,781.0964915777431
Bulgaria,,2020-08-03,735.0233399824846
Bulgaria,,2020-08-04,526.7288024888221
Bahrain,,2020-08-01,455.22619651127025
Bahrain,,2020-08-02,494.5798237246393
Bahrain,,2020-08-03,492.9401745789726
Bahrain,,2020-08-04,425.3597072811119
Bahamas,,2020-08-01,25.888775684452717
Bahamas,,2020-08-02,37.78942982461071
Bahamas,,2020-08-03,38.024677890237626
Bahamas,,2020-08-04,39.427733313888695
Bosnia and Herzegovina,,2020-08-01,75.284292976116
Bosnia and Herzegovina,,2020-08-02,100.70075505367927
Bosnia and Herzegovina,,2020-08-03,92.92453235808995
Bosnia and Herzegovina,,2020-08-04,65.44285924447323
Belarus,,2020-08-01,686.8167132856162
Belarus,,2020-08-02,854.9178453972272
Belarus,,2020-08-03,856.6580371147948
Belarus,,2020-08-04,705.5463915100786
Belize,,2020-08-01,27.976760507982064
Belize,,2020-08-02,32.634946829159496
Belize,,2020-08-03,36.1948601912681
Belize,,2020-08-04,37.414096230229354
Bermuda,,2020-08-01,42.529080294163236
Bermuda,,2020-08-02,66.53738651315444
Bermuda,,2020-08-03,45.770131645765446
Bermuda,,2020-08-04,44.350009065928134
Bolivia,,2020-08-01,85.37945867738027
Bolivia,,2020-08-02,129.31113506083784
Bolivia,,2020-08-03,204.74654767616778
Bolivia,,2020-08-04,146.24205974217136
Brazil,,2020-08-01,17357.00734095292
Brazil,,2020-08-02,20468.229987316503
Brazil,,2020-08-03,19549.149532683005
Brazil,,2020-08-04,14731.119423577047
Barbados,,2020-08-01,136.35330990759255
Barbados,,2020-08-02,166.48805944168208
Barbados,,2020-08-03,198.76958677136923
Barbados,,2020-08-04,177.45447005259166
Brunei,,2020-08-01,413.2469531987035
Brunei,,2020-08-02,463.05393527014616
Brunei,,2020-08-03,460.8069466397896
Brunei,,2020-08-04,398.8296228844689
Bhutan,,2020-08-01,617.6965414078721
Bhutan,,2020-08-02,764.4924597479368
Bhutan,,2020-08-03,802.7813738462459
Bhutan,,2020-08-04,659.1244865353289
Botswana,,2020-08-01,11598.680243112985
Botswana,,2020-08-02,3887.0064235087602
Botswana,,2020-08-03,2156.5794926580784
Botswana,,2020-08-04,2047.3973246967844
Central African Republic,,2020-08-01,20.508261301090556
Central African Republic,,2020-08-02,27.344828304291187
Central African Republic,,2020-08-03,31.109644641377095
Central African Republic,,2020-08-04,34.67475323425333
Canada,,2020-08-01,5169.343205421577
Canada,,2020-08-02,6947.413781522735
Canada,,2020-08-03,7149.0346441388065
Canada,,2020-08-04,4362.465823969285
Switzerland,,2020-08-01,7577.163702057501
Switzerland,,2020-08-02,8434.497381075362
Switzerland,,2020-08-03,6362.131614540935
Switzerland,,2020-08-04,3422.9423144640105
Chile,,2020-08-01,3450.1620664798133
Chile,,2020-08-02,4349.380162682108
Chile,,2020-08-03,4584.308297604347
Chile,,2020-08-04,3751.306798442462
China,,2020-08-01,3789.6895833330836
China,,2020-08-02,3307.452609588822
China,,2020-08-03,8269.537258448894
China,,2020-08-04,9267.532202330416
Cote d'Ivoire,,2020-08-01,26.474450810174304
Cote d'Ivoire,,2020-08-02,34.69704077320608
Cote d'Ivoire,,2020-08-03,38.215093470764046
Cote d'Ivoire,,2020-08-04,43.77470966749719
Cameroon,,2020-08-01,20.508261301090556
Cameroon,,2020-08-02,27.344828304291187
Cameroon,,2020-08-03,31.109644641377095
Cameroon,,2020-08-04,34.67475323425333
Democratic Republic of Congo,,2020-08-01,30.79535285691228
Democratic Republic of Congo,,2020-08-02,30.961775431701067
Democratic Republic of Congo,,2020-08-03,33.24834253430551
Democratic Republic of Congo,,2020-08-04,36.56005311149884
Congo,,2020-08-01,20.916054245406716
Congo,,2020-08-02,28.037733037520447
Congo,,2020-08-03,31.37017324472206
Congo,,2020-08-04,34.84788805206695
Colombia,,2020-08-01,206.63030399716922
Colombia,,2020-08-02,268.28243280087133
Colombia,,2020-08-03,299.73458759940934
Colombia,,2020-08-04,260.08403538290236
Comoros,,2020-08-01,20.7867434057137
Comoros,,2020-08-02,27.888764953291066
Comoros,,2020-08-03,31.86810951365171
Comoros,,2020-08-04,34.991643147051605
Cape Verde,,2020-08-01,21.019312255158336
Cape Verde,,2020-08-02,29.1926933975328
Cape Verde,,2020-08-03,33.41672140756714
Cape Verde,,2020-08-04,35.930286894284286
Costa Rica,,2020-08-01,1042.0885338412618
Costa Rica,,2020-08-02,748.390991855959
Costa Rica,,2020-08-03,588.7009281687052
Costa Rica,,2020-08-04,363.1903917485942
Cuba,,2020-08-01,476.04566556249677
Cuba,,2020-08-02,582.4692420089391
Cuba,,2020-08-03,638.7696807017813
Cuba,,2020-08-04,551.3092706327325
Cyprus,,2020-08-01,2538.075635153266
Cyprus,,2020-08-02,2660.48589225979
Cyprus,,2020-08-03,2627.0111503283993
Cyprus,,2020-08-04,2472.6596116251803
Czech Republic,,2020-08-01,3723.253913623415
Czech Republic,,2020-08-02,4521.643416405004
Czech Republic,,2020-08-03,4105.25438071304
Czech Republic,,2020-08-04,2770.1354210859213
Germany,,2020-08-01,205889.7055054541
Germany,,2020-08-02,230621.33580584137
Germany,,2020-08-03,136137.6786936189
Germany,,2020-08-04,138678.27994586245
Djibouti,,2020-08-01,21.033748861780154
Djibouti,,2020-08-02,28.105840543663895
Djibouti,,2020-08-03,31.605300656550952
Djibouti,,2020-08-04,35.220100595292166
Dominica,,2020-08-01,30.991279150584507
Dominica,,2020-08-02,43.078108162680756
Dominica,,2020-08-03,46.025349742734434
Dominica,,2020-08-04,41.71450687020791
Denmark,,2020-08-01,2312.2027866604108
Denmark,,2020-08-02,2575.772368498668
Denmark,,2020-08-03,2545.2594680881116
Denmark,,2020-08-04,2116.8327362552523
Dominican Republic,,2020-08-01,51.14129280963655
Dominican Republic,,2020-08-02,62.82917907618744
Dominican Republic,,2020-08-03,75.7909524399095
Dominican Republic,,2020-08-04,57.27644261384444
Algeria,,2020-08-01,25.87961293026054
Algeria,,2020-08-02,33.47502775104843
Algeria,,2020-08-03,36.97735143361035
Algeria,,2020-08-04,39.07257086591329
Ecuador,,2020-08-01,210.71153875869888
Ecuador,,2020-08-02,106.08204786753814
Ecuador,,2020-08-03,99.79390674348355
Ecuador,,2020-08-04,80.10666356753276
Egypt,,2020-08-01,20.508261301090556
Egypt,,2020-08-02,27.344828304291187
Egypt,,2020-08-03,31.109644641377095
Egypt,,2020-08-04,34.67475323425333
Eritrea,,2020-08-01,21.547604087118074
Eritrea,,2020-08-02,27.969782325360633
Eritrea,,2020-08-03,31.407713106532327
Eritrea,,2020-08-04,34.911365233277
Spain,,2020-08-01,20.508261301090556
Spain,,2020-08-02,8848.925696223638
Spain,,2020-08-03,16072.684416100665
Spain,,2020-08-04,6021.355433002568
Estonia,,2020-08-01,731.5140969917892
Estonia,,2020-08-02,815.356224450613
Estonia,,2020-08-03,839.1132894739251
Estonia,,2020-08-04,703.9227356057994
Ethiopia,,2020-08-01,40.21824518273404
Ethiopia,,2020-08-02,54.55779481909856
Ethiopia,,2020-08-03,54.201690161227035
Ethiopia,,2020-08-04,52.31599409479614
Finland,,2020-08-01,4695.77139811139
Finland,,2020-08-02,5636.543502771943
Finland,,2020-08-03,4050.7706994407094
Finland,,2020-08-04,2194.7509788321995
Fiji,,2020-08-01,23.40857520029653
Fiji,,2020-08-02,30.962321610773508
Fiji,,2020-08-03,36.73785313797467
Fiji,,2020-08-04,37.06968714064227
France,,2020-08-01,91316.77961200826
France,,2020-08-02,109685.89341066516
France,,2020-08-03,113191.71246520733
France,,2020-08-04,92586.5251270084
Faeroe Islands,,2020-08-01,20.508261301090556
Faeroe Islands,,2020-08-02,27.344828304291187
Faeroe Islands,,2020-08-03,31.109644641377095
Faeroe Islands,,2020-08-04,34.67475323425333
Gabon,,2020-08-01,20.508261301090556
Gabon,,2020-08-02,27.795931068472793
Gabon,,2020-08-03,31.816986994698066
Gabon,,2020-08-04,34.943232463689505
United Kingdom,,2020-08-01,40852.88558407463
United Kingdom,,2020-08-02,49935.1975814998
United Kingdom,,2020-08-03,40082.82868539628
United Kingdom,,2020-08-04,20615.218392033414
United Kingdom,England,2020-08-01,21467.541060378044
United Kingdom,England,2020-08-02,15414.516499012003
United Kingdom,England,2020-08-03,7581.6197179751525
United Kingdom,England,2020-08-04,6309.151548988762
United Kingdom,Northern Ireland,2020-08-01,627.1422323761755
United Kingdom,Northern Ireland,2020-08-02,520.5575870503119
United Kingdom,Northern Ireland,2020-08-03,260.1486152220569
United Kingdom,Northern Ireland,2020-08-04,217.38888626179573
United Kingdom,Scotland,2020-08-01,2933.0031660299055
United Kingdom,Scotland,2020-08-02,1936.0565836987557
United Kingdom,Scotland,2020-08-03,1005.844936540407
United Kingdom,Scotland,2020-08-04,859.1310800796965
United Kingdom,Wales,2020-08-01,165.34248244719114
United Kingdom,Wales,2020-08-02,108.4723138193427
United Kingdom,Wales,2020-08-03,96.39427417621582
United Kingdom,Wales,2020-08-04,93.71174132840582
Georgia,,2020-08-01,302.82888457762834
Georgia,,2020-08-02,339.7511891630717
Georgia,,2020-08-03,344.32491824601846
Georgia,,2020-08-04,294.2282618328177
Ghana,,2020-08-01,29.887499020362252
Ghana,,2020-08-02,43.628115727487724
Ghana,,2020-08-03,37.21730347904503
Ghana,,2020-08-04,39.16799385797247
Guinea,,2020-08-01,20.508261301090556
Guinea,,2020-08-02,27.344828304291187
Guinea,,2020-08-03,31.109644641377095
Guinea,,2020-08-04,34.67475323425333
Gambia,,2020-08-01,20.508261301090556
Gambia,,2020-08-02,27.344828304291187
Gambia,,2020-08-03,31.225137494351614
Gambia,,2020-08-04,34.713253554497896
Greece,,2020-08-01,11856.184663588325
Greece,,2020-08-02,14469.479153255028
Greece,,2020-08-03,15040.121068434566
Greece,,2020-08-04,11777.15131773524
Greenland,,2020-08-01,20.52269790771237
Greenland,,2020-08-02,27.364077450943572
Greenland,,2020-08-03,31.3769663092974
Greenland,,2020-08-04,34.766538789722205
Guatemala,,2020-08-01,789.5584745732332
Guatemala,,2020-08-02,864.527247884461
Guatemala,,2020-08-03,841.4312956407069
Guatemala,,2020-08-04,688.7545272012648
Guam,,2020-08-01,41.671435682179
Guam,,2020-08-02,61.15193303473964
Guam,,2020-08-03,64.437457029748
Guam,,2020-08-04,52.056199171175706
Guyana,,2020-08-01,24.511064687265613
Guyana,,2020-08-02,31.648046860293164
Guyana,,2020-08-03,36.278178043158064
Guyana,,2020-08-04,39.699959294386446
Hong Kong,,2020-08-01,3764.6600024295226
Hong Kong,,2020-08-02,4502.308443245245
Hong Kong,,2020-08-03,4478.379422864011
Hong Kong,,2020-08-04,3546.5703873657267
Honduras,,2020-08-01,40.70803351054465
Honduras,,2020-08-02,52.05516350457024
Honduras,,2020-08-03,67.21500578548273
Honduras,,2020-08-04,50.28843655248245
Croatia,,2020-08-01,1127.7285989851111
Croatia,,2020-08-02,1212.2946216375958
Croatia,,2020-08-03,1199.7882568842797
Croatia,,2020-08-04,993.8611521592799
Haiti,,2020-08-01,25.4916642991494
Haiti,,2020-08-02,29.563043460167872
Haiti,,2020-08-03,32.61793654193932
Haiti,,2020-08-04,36.336206227750324
Hungary,,2020-08-01,1411.9906402825595
Hungary,,2020-08-02,1743.0348898346724
Hungary,,2020-08-03,1387.0965693864878
Hungary,,2020-08-04,734.1345073058168
Indonesia,,2020-08-01,1861.310392105384
Indonesia,,2020-08-02,2250.1554614839915
Indonesia,,2020-08-03,1721.4151679270067
Indonesia,,2020-08-04,922.0825766236798
India,,2020-08-01,727.5319895438073
India,,2020-08-02,916.0447958175706
India,,2020-08-03,976.9095971149385
India,,2020-08-04,802.6443316386162
Ireland,,2020-08-01,2686.67782369626
Ireland,,2020-08-02,3671.5576471481354
Ireland,,2020-08-03,3165.455232323045
Ireland,,2020-08-04,1579.4789865605298
Iran,,2020-08-01,1488.7593776190843
Iran,,2020-08-02,1690.4200679048326
Iran,,2020-08-03,1729.2042686704758
Iran,,2020-08-04,1396.6069296400929
Iraq,,2020-08-01,202.72920844732533
Iraq,,2020-08-02,261.38828723363406
Iraq,,2020-08-03,271.8188811874166
Iraq,,2020-08-04,212.301567139543
Iceland,,2020-08-01,439.3318741078629
Iceland,,2020-08-02,391.35266245893695
Iceland,,2020-08-03,324.82920660300863
Iceland,,2020-08-04,196.02189258001908
Israel,,2020-08-01,6374.8477717638525
Israel,,2020-08-02,7824.403531174428
Israel,,2020-08-03,7425.262460133896
Israel,,2020-08-04,6111.0125698628
Italy,,2020-08-01,40481.9948479318
Italy,,2020-08-02,51125.83794875545
Italy,,2020-08-03,57114.355699120366
Italy,,2020-08-04,47310.398878788736
Jamaica,,2020-08-01,29.139206864740522
Jamaica,,2020-08-02,42.44929200735213
Jamaica,,2020-08-03,50.246683297782596
Jamaica,,2020-08-04,49.8743221833533
Jordan,,2020-08-01,20.508261301090556
Jordan,,2020-08-02,27.344828304291187
Jordan,,2020-08-03,31.109644641377095
Jordan,,2020-08-04,34.67475323425333
Japan,,2020-08-01,28971.1687795338
Japan,,2020-08-02,34769.840796015575
Japan,,2020-08-03,38007.64429649786
Japan,,2020-08-04,32015.75344703724
Kazakhstan,,2020-08-01,52.355482810556744
Kazakhstan,,2020-08-02,46.43364277895695
Kazakhstan,,2020-08-03,48.66703606995943
Kazakhstan,,2020-08-04,50.77062163065392
Kenya,,2020-08-01,27.766412493262322
Kenya,,2020-08-02,38.465272706969714
Kenya,,2020-08-03,42.062804918938355
Kenya,,2020-08-04,43.88930056228797
Kyrgyz Republic,,2020-08-01,27.53766820690529
Kyrgyz Republic,,2020-08-02,35.43157755300494
Kyrgyz Republic,,2020-08-03,39.35742712589924
Kyrgyz Republic,,2020-08-04,41.29725824613476
Cambodia,,2020-08-01,40.69631454013136
Cambodia,,2020-08-02,57.74554110890196
Cambodia,,2020-08-03,65.95645580334921
Cambodia,,2020-08-04,60.028865479006434
South Korea,,2020-08-01,166208.78162132239
South Korea,,2020-08-02,192202.56342767001
South Korea,,2020-08-03,202296.7822097814
South Korea,,2020-08-04,165931.56531937537
Kuwait,,2020-08-01,20.508261301090556
Kuwait,,2020-08-02,32.78742900071536
Kuwait,,2020-08-03,32.92397223290196
Kuwait,,2020-08-04,35.67388191304792
Laos,,2020-08-01,1516.7480944389636
Laos,,2020-08-02,1879.374917394406
Laos,,2020-08-03,2021.1529572688423
Laos,,2020-08-04,1634.1201440673753
Lebanon,,2020-08-01,223.1977225314979
Lebanon,,2020-08-02,278.440928353274
Lebanon,,2020-08-03,293.74273298047774
Lebanon,,2020-08-04,245.52720767503692
Liberia,,2020-08-01,20.508261301090556
Liberia,,2020-08-02,27.344828304291187
Liberia,,2020-08-03,31.109644641377095
Liberia,,2020-08-04,34.67475323425333
Libya,,2020-08-01,44.611062444820504
Libya,,2020-08-02,56.673622321677925
Libya,,2020-08-03,52.41462704404285
Libya,,2020-08-04,46.03461262693159
Sri Lanka,,2020-08-01,114.03692780364955
Sri Lanka,,2020-08-02,142.25780297487748
Sri Lanka,,2020-08-03,142.5484210179814
Sri Lanka,,2020-08-04,119.75504912033475
Lesotho,,2020-08-01,28.042282482669204
Lesotho,,2020-08-02,32.91964814859928
Lesotho,,2020-08-03,33.51387981989365
Lesotho,,2020-08-04,36.546797716108074
Lithuania,,2020-08-01,1686.32831587
Lithuania,,2020-08-02,1970.0733554568442
Lithuania,,2020-08-03,1977.5515658384606
Lithuania,,2020-08-04,1573.9326962262026
Luxembourg,,2020-08-01,868.1194707822514
Luxembourg,,2020-08-02,1057.8210001274065
Luxembourg,,2020-08-03,787.1891255861955
Luxembourg,,2020-08-04,436.3810720274505
Latvia,,2020-08-01,1240.8292731200095
Latvia,,2020-08-02,1405.8734332765084
Latvia,,2020-08-03,1386.7190260017765
Latvia,,2020-08-04,1096.5825073182696
Macao,,2020-08-01,20.508261301090556
Macao,,2020-08-02,27.344828304291187
Macao,,2020-08-03,31.109644641377095
Macao,,2020-08-04,34.67475323425333
Morocco,,2020-08-01,69.62301247045247
Morocco,,2020-08-02,78.8837430627219
Morocco,,2020-08-03,99.67169690687153
Morocco,,2020-08-04,98.26276550762483
Monaco,,2020-08-01,43.65536894903598
Monaco,,2020-08-02,46.25997998828216
Monaco,,2020-08-03,39.94387978609283
Monaco,,2020-08-04,41.615843024656
Moldova,,2020-08-01,156.80329571217953
Moldova,,2020-08-02,225.65996496066091
Moldova,,2020-08-03,252.7751041567277
Moldova,,2020-08-04,211.46082235637016
Madagascar,,2020-08-01,22.966137086423785
Madagascar,,2020-08-02,28.164177748170246
Madagascar,,2020-08-03,39.92060601753568
Madagascar,,2020-08-04,50.4759368293618
Mexico,,2020-08-01,1283.672303048943
Mexico,,2020-08-02,2482.078843149869
Mexico,,2020-08-03,2418.4291974440753
Mexico,,2020-08-04,2039.9505718063965
Mali,,2020-08-01,22.74975140086924
Mali,,2020-08-02,30.268764721941643
Mali,,2020-08-03,34.483621621693345
Mali,,2020-08-04,37.352478645974706
Myanmar,,2020-08-01,108.97485463352623
Myanmar,,2020-08-02,117.05172285646223
Myanmar,,2020-08-03,123.7537193097462
Myanmar,,2020-08-04,120.87355678391503
Mongolia,,2020-08-01,23.29452637910081
Mongolia,,2020-08-02,30.771181475765143
Mongolia,,2020-08-03,34.66250515833746
Mongolia,,2020-08-04,36.35391582428045
Mozambique,,2020-08-01,23.579974732080448
Mozambique,,2020-08-02,31.380971573826265
Mozambique,,2020-08-03,34.79725518841585
Mozambique,,2020-08-04,37.390339601783
Mauritania,,2020-08-01,20.712157773248638
Mauritania,,2020-08-02,27.895177143063897
Mauritania,,2020-08-03,31.58636130966421
Mauritania,,2020-08-04,34.906021551454444
Mauritius,,2020-08-01,1731.223830001073
Mauritius,,2020-08-02,765.6943570341028
Mauritius,,2020-08-03,401.1828696095073
Mauritius,,2020-08-04,362.9153107788775
Malawi,,2020-08-01,24.549352360429904
Malawi,,2020-08-02,33.4104961634624
Malawi,,2020-08-03,37.78091083131549
Malawi,,2020-08-04,39.81832657183105
Malaysia,,2020-08-01,9449.562539691562
Malaysia,,2020-08-02,12253.546701205692
Malaysia,,2020-08-03,12967.60213010538
Malaysia,,2020-08-04,10460.811401073228
Namibia,,2020-08-01,25.50283287923719
Namibia,,2020-08-02,35.895485375961705
Namibia,,2020-08-03,34.46628096904231
Namibia,,2020-08-04,36.8551667536322
Niger,,2020-08-01,21.076668223309774
Niger,,2020-08-02,27.53431057935017
Niger,,2020-08-03,33.04905853158653
Niger,,2020-08-04,37.92050828844427
Nigeria,,2020-08-01,41.895513800781316
Nigeria,,2020-08-02,45.28092596687234
Nigeria,,2020-08-03,53.3977977441638
Nigeria,,2020-08-04,46.047375151987644
Nicaragua,,2020-08-01,20.508261301090556
Nicaragua,,2020-08-02,27.344828304291187
Nicaragua,,2020-08-03,31.109644641377095
Nicaragua,,2020-08-04,34.67475323425333
Netherlands,,2020-08-01,14571.273578048254
Netherlands,,2020-08-02,16956.664135047773
Netherlands,,2020-08-03,16740.273668948204
Netherlands,,2020-08-04,13241.295790735916
Norway,,2020-08-01,1024.942196012042
Norway,,2020-08-02,1192.1405874321717
Norway,,2020-08-03,1105.5859990753715
Norway,,2020-08-04,818.2235512629127
Nepal,,2020-08-01,33.454155772466585
Nepal,,2020-08-02,42.06831487874122
Nepal,,2020-08-03,43.62365134712699
Nepal,,2020-08-04,43.95898047145794
New Zealand,,2020-08-01,7838.620038226357
New Zealand,,2020-08-02,9010.962101095784
New Zealand,,2020-08-03,8848.726903661882
New Zealand,,2020-08-04,6928.319805789524
Oman,,2020-08-01,48.910964805924635
Oman,,2020-08-02,55.978519887396295
Oman,,2020-08-03,42.712622779950976
Oman,,2020-08-04,43.13052397715374
Pakistan,,2020-08-01,145.2761813257339
Pakistan,,2020-08-02,166.2239432260587
Pakistan,,2020-08-03,205.20852061007224
Pakistan,,2020-08-04,197.65690858140675
Panama,,2020-08-01,172.15191023260368
Panama,,2020-08-02,224.56385861251457
Panama,,2020-08-03,194.17918668617915
Panama,,2020-08-04,120.42369306422381
Peru,,2020-08-01,346.82217656374684
Peru,,2020-08-02,338.8202476195479
Peru,,2020-08-03,518.191228032362
Peru,,2020-08-04,390.28146462108117
Philippines,,2020-08-01,199.70142660099611
Philippines,,2020-08-02,254.7570839570982
Philippines,,2020-08-03,299.5518464025434
Philippines,,2020-08-04,265.8126742773186
Papua New Guinea,,2020-08-01,20.508261301090556
Papua New Guinea,,2020-08-02,27.344828304291187
Papua New Guinea,,2020-08-03,53.38532865883731
Papua New Guinea,,2020-08-04,42.10050250142275
Poland,,2020-08-01,2913.0956053622
Poland,,2020-08-02,3334.8065530824465
Poland,,2020-08-03,3015.242431558886
Poland,,2020-08-04,2205.8197804568094
Puerto Rico,,2020-08-01,263.7434736846179
Puerto Rico,,2020-08-02,372.3707510334753
Puerto Rico,,2020-08-03,423.7325948857434
Puerto Rico,,2020-08-04,341.2472785146172
Portugal,,2020-08-01,11188.529730815626
Portugal,,2020-08-02,22130.94439484805
Portugal,,2020-08-03,13566.692639347255
Portugal,,2020-08-04,7136.494063680682
Paraguay,,2020-08-01,22.096288029490182
Paraguay,,2020-08-02,111.97899127468344
Paraguay,,2020-08-03,172.96564630381016
Paraguay,,2020-08-04,89.30389115080636
Palestine,,2020-08-01,20.508261301090556
Palestine,,2020-08-02,34.76524410790398
Palestine,,2020-08-03,33.583290217090045
Palestine,,2020-08-04,36.03696050454623
Qatar,,2020-08-01,90.8807691281753
Qatar,,2020-08-02,115.73036661499323
Qatar,,2020-08-03,128.5112780355342
Qatar,,2020-08-04,114.97688271796079
Kosovo,,2020-08-01,38.12301064961843
Kosovo,,2020-08-02,47.92040386297346
Kosovo,,2020-08-03,54.273162800945826
Kosovo,,2020-08-04,55.875458888556004
Romania,,2020-08-01,1819.8852207694072
Romania,,2020-08-02,2109.4265123671453
Romania,,2020-08-03,2166.0419687682975
Romania,,2020-08-04,1706.6141135539456
Russia,,2020-08-01,10821.405069008422
Russia,,2020-08-02,13090.339794685939
Russia,,2020-08-03,14353.253669691978
Russia,,2020-08-04,11956.021337177626
Rwanda,,2020-08-01,22.71207113402994
Rwanda,,2020-08-02,30.182236738697725
Rwanda,,2020-08-03,33.34354244257307
Rwanda,,2020-08-04,35.84889396586716
Saudi Arabia,,2020-08-01,82.04953960591945
Saudi Arabia,,2020-08-02,98.89188411708312
Saudi Arabia,,2020-08-03,105.52533020181404
Saudi Arabia,,2020-08-04,95.75794449840222
Sudan,,2020-08-01,25.939499036796978
Sudan,,2020-08-02,36.3959026965467
Sudan,,2020-08-03,34.91015674192428
Sudan,,2020-08-04,37.07803108264963
Senegal,,2020-08-01,24.700323716844803
Senegal,,2020-08-02,32.52974474012703
Senegal,,2020-08-03,37.02487833140033
Senegal,,2020-08-04,40.264674746286474
Singapore,,2020-08-01,3161.378818782778
Singapore,,2020-08-02,3779.182251492101
Singapore,,2020-08-03,3944.42465880853
Singapore,,2020-08-04,3252.556327240065
Solomon Islands,,2020-08-01,191.14053049064793
Solomon Islands,,2020-08-02,169.86187388030018
Solomon Islands,,2020-08-03,90.98077932886183
Solomon Islands,,2020-08-04,80.05768321280837
Sierra Leone,,2020-08-01,20.508261301090556
Sierra Leone,,2020-08-02,27.344828304291187
Sierra Leone,,2020-08-03,31.109644641377095
Sierra Leone,,2020-08-04,34.67475323425333
El Salvador,,2020-08-01,20.508261301090556
El Salvador,,2020-08-02,27.344828304291187
El Salvador,,2020-08-03,31.109644641377095
El Salvador,,2020-08-04,34.67475323425333
San Marino,,2020-08-01,38.652848202889366
San Marino,,2020-08-02,44.63985241026577
San Marino,,2020-08-03,38.18961250108329
San Marino,,2020-08-04,39.8935314704199
Somalia,,2020-08-01,20.508261301090556
Somalia,,2020-08-02,27.344828304291187
Somalia,,2020-08-03,31.109644641377095
Somalia,,2020-08-04,34.67475323425333
Serbia,,2020-08-01,1061.2466881728355
Serbia,,2020-08-02,1276.7951212436328
Serbia,,2020-08-03,1319.7669800531926
Serbia,,2020-08-04,1089.316596538144
South Sudan,,2020-08-01,25.7356025646389
South Sudan,,2020-08-02,39.759328689737615
South Sudan,,2020-08-03,40.08253066824455
South Sudan,,2020-08-04,39.02791038928628
Suriname,,2020-08-01,28.930691034799786
Suriname,,2020-08-02,37.24807301552703
Suriname,,2020-08-03,37.55217918221534
Suriname,,2020-08-04,38.530619321478866
Slovak Republic,,2020-08-01,4547.591167758706
Slovak Republic,,2020-08-02,5466.815000009634
Slovak Republic,,2020-08-03,5580.499031148078
Slovak Republic,,2020-08-04,4625.329139535144
Slovenia,,2020-08-01,1646.6937116402555
Slovenia,,2020-08-02,1896.6103631286142
Slovenia,,2020-08-03,1971.0991086611016
Slovenia,,2020-08-04,1660.5949819016137
Sweden,,2020-08-01,1267.53908501991
Sweden,,2020-08-02,2233.5745359747257
Sweden,,2020-08-03,856.9171683152055
Sweden,,2020-08-04,580.1521385168653
Eswatini,,2020-08-01,38.64015591952713
Eswatini,,2020-08-02,59.52608524771232
Eswatini,,2020-08-03,61.722821297038
Eswatini,,2020-08-04,50.5589285983958
Seychelles,,2020-08-01,79.5464674811974
Seychelles,,2020-08-02,47.285470804957484
Seychelles,,2020-08-03,42.5395256118634
Seychelles,,2020-08-04,45.153960764635
Syria,,2020-08-01,24.72299331180583
Syria,,2020-08-02,32.32681615193702
Syria,,2020-08-03,35.766151466701984
Syria,,2020-08-04,38.51214626660283
Chad,,2020-08-01,20.508261301090556
Chad,,2020-08-02,27.344828304291187
Chad,,2020-08-03,31.109644641377095
Chad,,2020-08-04,34.67475323425333
Togo,,2020-08-01,24.10084181798304
Togo,,2020-08-02,31.936547074657305
Togo,,2020-08-03,34.01453188894509
Togo,,2020-08-04,36.35143644857897
Thailand,,2020-08-01,15090.862464634114
Thailand,,2020-08-02,19059.341605268324
Thailand,,2020-08-03,21500.344069338953
Thailand,,2020-08-04,17751.241484169284
Tajikistan,,2020-08-01,20.508261301090556
Tajikistan,,2020-08-02,27.344828304291187
Tajikistan,,2020-08-03,31.109644641377095
Tajikistan,,2020-08-04,34.67475323425333
Timor-Leste,,2020-08-01,21.387017434825438
Timor-Leste,,2020-08-02,27.9733774900448
Timor-Leste,,2020-08-03,31.9975512838929
Timor-Leste,,2020-08-04,35.15178830947341
Trinidad and Tobago,,2020-08-01,118.16349406101286
Trinidad and Tobago,,2020-08-02,154.831357710424
Trinidad and Tobago,,2020-08-03,168.87218267923944
Trinidad and Tobago,,2020-08-04,98.47661065370923
Tunisia,,2020-08-01,20.508261301090556
Tunisia,,2020-08-02,27.344828304291187
Tunisia,,2020-08-03,31.109644641377095
Tunisia,,2020-08-04,34.67475323425333
Turkey,,2020-08-01,8072.96640843993
Turkey,,2020-08-02,9673.381602760317
Turkey,,2020-08-03,10175.978397397495
Turkey,,2020-08-04,8309.230485529637
Taiwan,,2020-08-01,140.25152075677573
Taiwan,,2020-08-02,183.74163245323786
Taiwan,,2020-08-03,241.70168607312334
Taiwan,,2020-08-04,240.7976477843677
Tanzania,,2020-08-01,25.520939184307174
Tanzania,,2020-08-02,29.01583823102008
Tanzania,,2020-08-03,32.029849982542686
Tanzania,,2020-08-04,35.54614553477107
Uganda,,2020-08-01,27.938047618742633
Uganda,,2020-08-02,36.90275305238851
Uganda,,2020-08-03,41.57120245005544
Uganda,,2020-08-04,43.3200514681185
Ukraine,,2020-08-01,20.508261301090556
Ukraine,,2020-08-02,27.344828304291187
Ukraine,,2020-08-03,31.109644641377095
Ukraine,,2020-08-04,34.67475323425333
Uruguay,,2020-08-01,553.6259700908772
Uruguay,,2020-08-02,623.3353462864953
Uruguay,,2020-08-03,582.6969600942427
Uruguay,,2020-08-04,460.27200763551537
United States,,2020-08-01,20281.25179798869
United States,,2020-08-02,27149.142462077907
United States,,2020-08-03,24004.013896648798
United States,,2020-08-04,14842.933378760725
United States,Alaska,2020-08-01,258.92214816708304
United States,Alaska,2020-08-02,214.47904022141125
United States,Alaska,2020-08-03,257.80346612260803
United States,Alaska,2020-08-04,144.8996218091312
United States,Alabama,2020-08-01,153.1343376494771
United States,Alabama,2020-08-02,154.45208463655317
United States,Alabama,2020-08-03,116.14654847987217
United States,Alabama,2020-08-04,115.99270635240173
United States,Arkansas,2020-08-01,76.5895026023389
United States,Arkansas,2020-08-02,101.37903995581351
United States,Arkansas,2020-08-03,104.81625974732982
United States,Arkansas,2020-08-04,88.30592367002508
United States,Arizona,2020-08-01,2088.6301784004995
United States,Arizona,2020-08-02,3607.328728711689
United States,Arizona,2020-08-03,1374.3545142849625
United States,Arizona,2020-08-04,924.8288346868363
United States,California,2020-08-01,1012.4207346827596
United States,California,2020-08-02,2663.90560767083
United States,California,2020-08-03,3275.0352845385314
United States,California,2020-08-04,1409.5894052337953
United States,Colorado,2020-08-01,756.00071442879
United States,Colorado,2020-08-02,1012.0937008598039
United States,Colorado,2020-08-03,850.9913959170912
United States,Colorado,2020-08-04,444.41568591066726
United States,Connecticut,2020-08-01,153.76996144072982
United States,Connecticut,2020-08-02,331.54949860263594
United States,Connecticut,2020-08-03,494.5195419823487
United States,Connecticut,2020-08-04,222.98720646784798
United States,Washington DC,2020-08-01,80.77516219115188
United States,Washington DC,2020-08-02,129.81797927246964
United States,Washington DC,2020-08-03,71.20961952003256
United States,Washington DC,2020-08-04,60.799445381708665
United States,Delaware,2020-08-01,73.5460726971835
United States,Delaware,2020-08-02,98.174479246382
United States,Delaware,2020-08-03,109.55834702406457
United States,Delaware,2020-08-04,99.05618672288514
United States,Florida,2020-08-01,20.508261301090556
United States,Florida,2020-08-02,27.344828304291187
United States,Florida,2020-08-03,272.79287609717835
United States,Florida,2020-08-04,115.2414858860247
United States,Georgia,2020-08-01,3141.5742636139234
United States,Georgia,2020-08-02,2062.504927706379
United States,Georgia,2020-08-03,1175.238912516064
United States,Georgia,2020-08-04,839.7067720339426
United States,Hawaii,2020-08-01,363.005593165005
United States,Hawaii,2020-08-02,141.51862018886118
United States,Hawaii,2020-08-03,93.98379723182762
United States,Hawaii,2020-08-04,94.21369527027545
United States,Iowa,2020-08-01,58.147668363186746
United States,Iowa,2020-08-02,41.03267002771577
United States,Iowa,2020-08-03,157.67894818486468
United States,Iowa,2020-08-04,247.4223209645478
United States,Idaho,2020-08-01,62.89442195346188
United States,Idaho,2020-08-02,101.01977570755987
United States,Idaho,2020-08-03,137.7260663607969
United States,Idaho,2020-08-04,79.30448287186147
United States,Illinois,2020-08-01,729.9041312745006
United States,Illinois,2020-08-02,1020.1502174169833
United States,Illinois,2020-08-03,825.870115660851
United States,Illinois,2020-08-04,434.30129527779803
United States,Indiana,2020-08-01,24.882553107500435
United States,Indiana,2020-08-02,164.41981671501645
United States,Indiana,2020-08-03,260.54758581398846
United States,Indiana,2020-08-04,121.47744809480449
United States,Kansas,2020-08-01,85.45325640738933
United States,Kansas,2020-08-02,86.17842331466807
United States,Kansas,2020-08-03,106.94429192226302
United States,Kansas,2020-08-04,70.23846282794759
United States,Kentucky,2020-08-01,49.762977965544614
United States,Kentucky,2020-08-02,603.521484754877
United States,Kentucky,2020-08-03,1098.4262496228043
United States,Kentucky,2020-08-04,570.7033103015312
United States,Louisiana,2020-08-01,82.13859842763446
United States,Louisiana,2020-08-02,101.94283290508724
United States,Louisiana,2020-08-03,83.02374535841246
United States,Louisiana,2020-08-04,62.83889121405611
United States,Massachusetts,2020-08-01,757.5341225592643
United States,Massachusetts,2020-08-02,1061.5294925338944
United States,Massachusetts,2020-08-03,892.0674449532495
United States,Massachusetts,2020-08-04,461.8259230882401
United States,Maryland,2020-08-01,189.82444533545157
United States,Maryland,2020-08-02,295.5611908417508
United States,Maryland,2020-08-03,260.40801918207114
United States,Maryland,2020-08-04,151.31678864762782
United States,Maine,2020-08-01,159.01563513162642
United States,Maine,2020-08-02,186.7489025581085
United States,Maine,2020-08-03,212.23615441931037
United States,Maine,2020-08-04,180.61197538545002
United States,Michigan,2020-08-01,602.7747896997801
United States,Michigan,2020-08-02,626.1817936447741
United States,Michigan,2020-08-03,853.0071417756652
United States,Michigan,2020-08-04,403.56976847008747
United States,Minnesota,2020-08-01,222.78377500009412
United States,Minnesota,2020-08-02,350.2927772310477
United States,Minnesota,2020-08-03,310.49588915878417
United States,Minnesota,2020-08-04,169.106658130797
United States,Missouri,2020-08-01,353.9245503918721
United States,Missouri,2020-08-02,326.73454647819125
United States,Missouri,2020-08-03,185.14507484773077
United States,Missouri,2020-08-04,137.2180253539107
United States,Mississippi,2020-08-01,86.67610553213783
United States,Mississippi,2020-08-02,120.41790000294836
United States,Mississippi,2020-08-03,114.24261818277351
United States,Mississippi,2020-08-04,74.98593561692385
United States,Montana,2020-08-01,33.18855067513065
United States,Montana,2020-08-02,49.020487869523166
United States,Montana,2020-08-03,58.22576433625103
United States,Montana,2020-08-04,46.4065530081933
United States,North Carolina,2020-08-01,559.9648183120704
United States,North Carolina,2020-08-02,758.3964801228288
United States,North Carolina,2020-08-03,650.14759646715
United States,North Carolina,2020-08-04,341.7357170759001
United States,North Dakota,2020-08-01,21.013542532854075
United States,North Dakota,2020-08-02,66.45749338755448
United States,North Dakota,2020-08-03,100.92620919813523
United States,North Dakota,2020-08-04,60.826956618971835
United States,Nebraska,2020-08-01,20.289727386353587
United States,Nebraska,2020-08-02,4.819845339976002
United States,Nebraska,2020-08-03,0.0
United States,Nebraska,2020-08-04,22.931377773882687
United States,New Hampshire,2020-08-01,88.92657750307615
United States,New Hampshire,2020-08-02,98.51256245556613
United States,New Hampshire,2020-08-03,61.0900134547987
United States,New Hampshire,2020-08-04,55.879284307867636
United States,New Jersey,2020-08-01,806.5109448687834
United States,New Jersey,2020-08-02,1029.8779703756381
United States,New Jersey,2020-08-03,1166.108072465107
United States,New Jersey,2020-08-04,984.1167202729868
United States,New Mexico,2020-08-01,84.79727361394677
United States,New Mexico,2020-08-02,102.95849405257583
United States,New Mexico,2020-08-03,88.98021692361979
United States,New Mexico,2020-08-04,65.13337132573028
United States,Nevada,2020-08-01,359.56376285653636
United States,Nevada,2020-08-02,140.37126287894426
United States,Nevada,2020-08-03,93.35196117393075
United States,Nevada,2020-08-04,93.61537546988892
United States,New York,2020-08-01,2067.4250215611983
United States,New York,2020-08-02,2913.071509711914
United States,New York,2020-08-03,2930.2215626387083
United States,New York,2020-08-04,2306.4051771701606
United States,Ohio,2020-08-01,653.1990144076138
United States,Ohio,2020-08-02,1155.3399949983045
United States,Ohio,2020-08-03,452.9721695632248
United States,Ohio,2020-08-04,313.0143885729289
United States,Oklahoma,2020-08-01,389.560875907216
United States,Oklahoma,2020-08-02,680.6116162887433
United States,Oklahoma,2020-08-03,275.61797828402655
United States,Oklahoma,2020-08-04,196.16924193206006
United States,Oregon,2020-08-01,192.63550432335276
United States,Oregon,2020-08-02,250.23909054157048
United States,Oregon,2020-08-03,221.62871453260183
United States,Oregon,2020-08-04,129.56558252457734
United States,Pennsylvania,2020-08-01,401.6887438084929
United States,Pennsylvania,2020-08-02,578.4795769572428
United States,Pennsylvania,2020-08-03,614.7094063808743
United States,Pennsylvania,2020-08-04,494.2584724494499
United States,Rhode Island,2020-08-01,141.06031050006453
United States,Rhode Island,2020-08-02,204.85654060758785
United States,Rhode Island,2020-08-03,169.776939337446
United States,Rhode Island,2020-08-04,104.42862992535801
United States,South Carolina,2020-08-01,20.508261301090556
United States,South Carolina,2020-08-02,27.344828304291187
United States,South Carolina,2020-08-03,31.109644641377095
United States,South Carolina,2020-08-04,34.67475323425333
United States,South Dakota,2020-08-01,64.98253214145458
United States,South Dakota,2020-08-02,42.17062596966774
United States,South Dakota,2020-08-03,39.27403551691573
United States,South Dakota,2020-08-04,42.406057356385595
United States,Tennessee,2020-08-01,167.72140020510065
United States,Tennessee,2020-08-02,208.52450923865464
United States,Tennessee,2020-08-03,228.5892981847678
United States,Tennessee,2020-08-04,181.06374486721313
United States,Texas,2020-08-01,1810.7870636424918
United States,Texas,2020-08-02,2283.846736711342
United States,Texas,2020-08-03,2298.4499290180206
United States,Texas,2020-08-04,1986.3152151330096
United States,Utah,2020-08-01,87.80984350609612
United States,Utah,2020-08-02,90.9621227813232
United States,Utah,2020-08-03,59.08401828341492
United States,Utah,2020-08-04,54.564731354687765
United States,Virginia,2020-08-01,429.0609212758919
United States,Virginia,2020-08-02,577.671544238436
United States,Virginia,2020-08-03,497.8455540891854
United States,Virginia,2020-08-04,266.28777392362025
United States,Vermont,2020-08-01,120.13544521924283
United States,Vermont,2020-08-02,143.91831050812542
United States,Vermont,2020-08-03,124.53566682944843
United States,Vermont,2020-08-04,83.08059476982143
United States,Washington,2020-08-01,471.9999396394845
United States,Washington,2020-08-02,482.0661559918608
United States,Washington,2020-08-03,666.2402435892294
United States,Washington,2020-08-04,319.29645583064126
United States,Wisconsin,2020-08-01,294.5558934333772
United States,Wisconsin,2020-08-02,375.8768169393329
United States,Wisconsin,2020-08-03,314.883972150923
United States,Wisconsin,2020-08-04,178.77411911316875
United States,West Virginia,2020-08-01,76.1901682029274
United States,West Virginia,2020-08-02,91.63124263015999
United States,West Virginia,2020-08-03,84.7478020159957
United States,West Virginia,2020-08-04,62.140176126272706
United States,Wyoming,2020-08-01,20.508261301090556
United States,Wyoming,2020-08-02,38.5591342729856
United States,Wyoming,2020-08-03,51.146214055465144
United States,Wyoming,2020-08-04,42.166542548318695
Uzbekistan,,2020-08-01,37.42424415327397
Uzbekistan,,2020-08-02,51.679372758913
Uzbekistan,,2020-08-03,59.51927781071153
Uzbekistan,,2020-08-04,59.5014918284766
Venezuela,,2020-08-01,89.96767871019543
Venezuela,,2020-08-02,76.86550086751724
Venezuela,,2020-08-03,132.60036503231836
Venezuela,,2020-08-04,137.56431502249134
Vietnam,,2020-08-01,48702.3332894022
Vietnam,,2020-08-02,61253.473597161385
Vietnam,,2020-08-03,63643.70400258165
Vietnam,,2020-08-04,50543.09472083572
Vanuatu,,2020-08-01,201.48174310171797
Vanuatu,,2020-08-02,229.84081443789458
Vanuatu,,2020-08-03,242.50732687043768
Vanuatu,,2020-08-04,186.93024363888583
Yemen,,2020-08-01,21.269121982494926
Yemen,,2020-08-02,27.891385047164174
Yemen,,2020-08-03,31.346966520987436
Yemen,,2020-08-04,34.86079221858141
South Africa,,2020-08-01,892.181690268433
South Africa,,2020-08-02,873.7458908805563
South Africa,,2020-08-03,398.89270397093185
South Africa,,2020-08-04,317.3446791355755
Zambia,,2020-08-01,88.54507391369565
Zambia,,2020-08-02,153.88583429602346
Zambia,,2020-08-03,123.50271313243664
Zambia,,2020-08-04,106.86683190565992
Zimbabwe,,2020-08-01,88.65871138290052
Zimbabwe,,2020-08-02,108.53116623019397
Zimbabwe,,2020-08-03,118.92876390107571
Zimbabwe,,2020-08-04,94.52065541341764
