,CountryName,RegionName,Date,ConfirmedCases,GeoID,ActualDailyNewCases,ActualDailyNewCases7DMA,Population,PredictorName,PredictedDailyNewCases,Prediction,Unnamed: 0,PredictedDailyNewRatios,PredictedDailyNewCases7DMA,DiffDaily,Diff7DMA,CumulDiff7DMA,Cumul-7DMA-MAE-per-100K,PredictorRank
1869,Dominican Republic,,2021-01-01,172218.0,Dominican Republic,1433.0,1026.142857142857,10847910,H7,956.0,True,52994.0,0.7974249720573425,958.0,477.0,68.14285714285711,68.14285714285711,0.6281657678101783,1.0
1869,Dominican Republic,,2021-01-01,172218.0,Dominican Republic,1433.0,1026.142857142857,10847910,NONE,892.0,True,52994.0,0.7898213267326355,948.8571428571429,541.0,77.28571428571422,77.28571428571422,0.7124479672647931,2.0
1869,Dominican Republic,,2021-01-01,172218.0,Dominican Republic,1433.0,1026.142857142857,10847910,SUS,877.0,True,52994.0,0.7880629301071167,946.7142857142857,556.0,79.42857142857144,79.42857142857144,0.7322016077619693,3.0
1869,Dominican Republic,,2021-01-01,172218.0,Dominican Republic,1433.0,1026.142857142857,10847910,H7_SUS,2525.0,True,52994.0,0.9840208292007446,1182.142857142857,1092.0,156.0,156.0,1.438065028194371,4.0
1870,Dominican Republic,,2021-01-02,172965.0,Dominican Republic,747.0,1003.5714285714286,10847910,H7,713.0,True,52995.0,0.8237053155899048,930.5714285714286,34.0,73.0,141.1428571428571,1.3011064540806212,1.0
1870,Dominican Republic,,2021-01-02,172965.0,Dominican Republic,747.0,1003.5714285714286,10847910,NONE,629.0,True,52995.0,0.8127620816230774,909.4285714285714,118.0,94.14285714285711,171.42857142857133,1.5802912397740332,2.0
1870,Dominican Republic,,2021-01-02,172965.0,Dominican Republic,747.0,1003.5714285714286,10847910,SUS,634.0,True,52995.0,0.8133522868156433,908.0,113.0,95.57142857142856,175.0,1.6132139739359932,3.0
1870,Dominican Republic,,2021-01-02,172965.0,Dominican Republic,747.0,1003.5714285714286,10847910,H7_SUS,2419.0,True,52995.0,1.003279447555542,1398.4285714285713,1672.0,394.8571428571428,550.8571428571428,5.078002517140562,4.0
1871,Dominican Republic,,2021-01-03,173331.0,Dominican Republic,366.0,938.1428571428571,10847910,H7,473.0,True,52996.0,0.8024211525917053,880.4285714285714,107.0,57.714285714285666,198.85714285714278,1.833137838137879,1.0
1871,Dominican Republic,,2021-01-03,173331.0,Dominican Republic,366.0,938.1428571428571,10847910,NONE,431.0,True,52996.0,0.7956728935241699,853.2857142857143,65.0,84.85714285714278,256.2857142857141,2.3625354034621795,2.0
1871,Dominican Republic,,2021-01-03,173331.0,Dominican Republic,366.0,938.1428571428571,10847910,SUS,374.0,True,52996.0,0.7880015969276428,843.7142857142857,8.0,94.42857142857144,269.42857142857144,2.4836910651781903,3.0
1871,Dominican Republic,,2021-01-03,173331.0,Dominican Republic,366.0,938.1428571428571,10847910,H7_SUS,2680.0,True,52996.0,1.0091018676757812,1663.5714285714287,2314.0,725.4285714285716,1276.2857142857142,11.765268280117683,4.0
1872,Dominican Republic,,2021-01-04,175374.0,Dominican Republic,2043.0,1138.4285714285713,10847910,H7,55.0,True,52997.0,0.7674528956413269,796.7142857142857,1988.0,341.71428571428567,540.5714285714284,4.98318504275412,1.0
1872,Dominican Republic,,2021-01-04,175374.0,Dominican Republic,2043.0,1138.4285714285713,10847910,NONE,0.0,True,52997.0,0.7526772618293762,761.7142857142857,2043.0,376.71428571428567,632.9999999999998,5.8352254028656185,2.0
1872,Dominican Republic,,2021-01-04,175374.0,Dominican Republic,2043.0,1138.4285714285713,10847910,SUS,31.0,True,52997.0,0.7605565786361694,756.5714285714286,2012.0,381.8571428571428,651.2857142857142,6.00378980177485,3.0
1872,Dominican Republic,,2021-01-04,175374.0,Dominican Republic,2043.0,1138.4285714285713,10847910,H7_SUS,2448.0,True,52997.0,0.9800798296928406,1921.7142857142858,405.0,783.2857142857144,2059.571428571429,18.985882336518543,4.0
1873,Dominican Republic,,2021-01-05,175849.0,Dominican Republic,475.0,1083.4285714285713,10847910,H7,56.0,True,52998.0,0.7258825898170471,681.8571428571429,419.0,401.57142857142844,942.1428571428569,8.685017271924794,1.0
1873,Dominican Republic,,2021-01-05,175849.0,Dominican Republic,475.0,1083.4285714285713,10847910,NONE,65.0,True,52998.0,0.7216463685035706,648.1428571428571,410.0,435.2857142857142,1068.285714285714,9.847848242525187,2.0
1873,Dominican Republic,,2021-01-05,175849.0,Dominican Republic,475.0,1083.4285714285713,10847910,SUS,107.0,True,52998.0,0.7276117205619812,649.0,368.0,434.42857142857133,1085.7142857142856,10.008511185235548,3.0
1873,Dominican Republic,,2021-01-05,175849.0,Dominican Republic,475.0,1083.4285714285713,10847910,H7_SUS,2937.0,True,52998.0,0.97963285446167,2218.4285714285716,2462.0,1135.0000000000002,3194.571428571429,29.44872725318913,4.0
1874,Dominican Republic,,2021-01-06,176378.0,Dominican Republic,529.0,971.2857142857143,10847910,H7,463.0,True,52999.0,0.6969670653343201,560.2857142857143,66.0,411.0,1353.1428571428569,12.47376551928304,1.0
1874,Dominican Republic,,2021-01-06,176378.0,Dominican Republic,529.0,971.2857142857143,10847910,NONE,476.0,True,52999.0,0.6915691494941711,528.4285714285714,53.0,442.8571428571429,1511.1428571428569,13.930267278608108,2.0
1874,Dominican Republic,,2021-01-06,176378.0,Dominican Republic,529.0,971.2857142857143,10847910,SUS,550.0,True,52999.0,0.7054233551025391,539.8571428571429,21.0,431.42857142857144,1517.1428571428569,13.9855774720002,3.0
1874,Dominican Republic,,2021-01-06,176378.0,Dominican Republic,529.0,971.2857142857143,10847910,H7_SUS,3206.0,True,52999.0,0.9521825313568116,2488.714285714286,2677.0,1517.4285714285716,4712.0,43.43693854392228,4.0
1875,Dominican Republic,,2021-01-07,177493.0,Dominican Republic,1115.0,958.2857142857143,10847910,H7,516.0,True,53000.0,0.6988818049430847,461.7142857142857,599.0,496.5714285714286,1849.7142857142856,17.05134247716183,1.0
1875,Dominican Republic,,2021-01-07,177493.0,Dominican Republic,1115.0,958.2857142857143,10847910,SUS,603.0,True,53000.0,0.7129532694816589,453.7142857142857,512.0,504.5714285714286,2021.7142857142856,18.636901354401775,2.0
1875,Dominican Republic,,2021-01-07,177493.0,Dominican Republic,1115.0,958.2857142857143,10847910,NONE,535.0,True,53000.0,0.6944308876991272,432.57142857142856,580.0,525.7142857142858,2036.8571428571427,18.77649374724848,3.0
1875,Dominican Republic,,2021-01-07,177493.0,Dominican Republic,1115.0,958.2857142857143,10847910,H7_SUS,3558.0,True,53000.0,0.9636249542236328,2824.714285714286,2443.0,1866.4285714285716,6578.4285714285725,60.64235941696209,4.0
1876,Dominican Republic,,2021-01-08,178538.0,Dominican Republic,1045.0,902.8571428571429,10847910,H7,392.0,True,53001.0,0.7001457214355469,381.14285714285717,653.0,521.7142857142858,2371.4285714285716,21.860695483540805,1.0
1876,Dominican Republic,,2021-01-08,178538.0,Dominican Republic,1045.0,902.8571428571429,10847910,SUS,432.0,True,53001.0,0.729351818561554,390.14285714285717,613.0,512.7142857142858,2534.4285714285716,23.363289070692616,2.0
1876,Dominican Republic,,2021-01-08,178538.0,Dominican Republic,1045.0,902.8571428571429,10847910,NONE,350.0,True,53001.0,0.6964068412780762,355.14285714285717,695.0,547.7142857142858,2584.5714285714284,23.82552425832652,3.0
1876,Dominican Republic,,2021-01-08,178538.0,Dominican Republic,1045.0,902.8571428571429,10847910,H7_SUS,5236.0,True,53001.0,0.9656491279602052,3212.0,4191.0,2309.142857142857,8887.57142857143,81.92888241671832,4.0
1877,Dominican Republic,,2021-01-09,180644.0,Dominican Republic,2106.0,1097.0,10847910,H7,216.0,True,53002.0,0.690292477607727,310.14285714285717,1890.0,786.8571428571429,3158.285714285714,29.11423227410362,1.0
1877,Dominican Republic,,2021-01-09,180644.0,Dominican Republic,2106.0,1097.0,10847910,SUS,226.0,True,53002.0,0.7215060591697693,331.85714285714283,1880.0,765.1428571428571,3299.5714285714284,30.416655637550722,2.0
1877,Dominican Republic,,2021-01-09,180644.0,Dominican Republic,2106.0,1097.0,10847910,NONE,150.0,True,53002.0,0.6849404573440552,286.7142857142857,1956.0,810.2857142857142,3394.8571428571427,31.29503418499179,3.0
1877,Dominican Republic,,2021-01-09,180644.0,Dominican Republic,2106.0,1097.0,10847910,H7_SUS,5401.0,True,53002.0,0.9622650146484376,3638.0,3295.0,2541.0,11428.57142857143,105.35274931826895,4.0
1878,Dominican Republic,,2021-01-10,182103.0,Dominican Republic,1459.0,1253.142857142857,10847910,H7,39.0,True,53003.0,0.6786906719207764,248.14285714285714,1420.0,1005.0,4163.285714285714,38.37868966727889,1.0
1878,Dominican Republic,,2021-01-10,182103.0,Dominican Republic,1459.0,1253.142857142857,10847910,SUS,17.0,True,53003.0,0.7179009914398193,280.85714285714283,1442.0,972.2857142857142,4271.857142857143,39.379540785802455,2.0
1878,Dominican Republic,,2021-01-10,182103.0,Dominican Republic,1459.0,1253.142857142857,10847910,NONE,20.0,True,53003.0,0.6748594641685486,228.0,1439.0,1025.142857142857,4420.0,40.74517579884051,3.0
1878,Dominican Republic,,2021-01-10,182103.0,Dominican Republic,1459.0,1253.142857142857,10847910,H7_SUS,5891.0,True,53003.0,0.9571074843406676,4096.714285714285,4432.0,2843.5714285714284,14272.142857142857,131.56583025802072,4.0
1879,Dominican Republic,,2021-01-11,183282.0,Dominican Republic,1179.0,1129.7142857142858,10847910,H7,0.0,True,53004.0,0.6749075651168823,240.28571428571428,1179.0,889.4285714285716,5052.714285714286,46.577767382973185,1.0
1879,Dominican Republic,,2021-01-11,183282.0,Dominican Republic,1179.0,1129.7142857142858,10847910,SUS,0.0,True,53004.0,0.7166693210601807,276.42857142857144,1179.0,853.2857142857143,5125.142857142857,47.2454404317777,2.0
1879,Dominican Republic,,2021-01-11,183282.0,Dominican Republic,1179.0,1129.7142857142858,10847910,NONE,0.0,True,53004.0,0.670912504196167,228.0,1179.0,901.7142857142858,5321.714285714285,49.05750772005193,3.0
1879,Dominican Republic,,2021-01-11,183282.0,Dominican Republic,1179.0,1129.7142857142858,10847910,H7_SUS,6090.0,True,53004.0,0.9583322405815125,4617.0,4911.0,3487.285714285714,17759.428571428572,163.71290480312402,4.0
1880,Dominican Republic,,2021-01-12,184788.0,Dominican Republic,1506.0,1277.0,10847910,H7,0.0,True,53005.0,0.6644180417060852,232.28571428571428,1506.0,1044.7142857142858,6097.428571428572,56.20832558002944,1.0
1880,Dominican Republic,,2021-01-12,184788.0,Dominican Republic,1506.0,1277.0,10847910,SUS,0.0,True,53005.0,0.7210471034049988,261.14285714285717,1506.0,1015.8571428571429,6141.0,56.60998293680534,2.0
1880,Dominican Republic,,2021-01-12,184788.0,Dominican Republic,1506.0,1277.0,10847910,NONE,0.0,True,53005.0,0.6622546911239624,218.71428571428572,1506.0,1058.2857142857142,6380.0,58.81317230692363,3.0
1880,Dominican Republic,,2021-01-12,184788.0,Dominican Republic,1506.0,1277.0,10847910,H7_SUS,7139.0,True,53005.0,0.9613503217697144,5217.285714285715,5633.0,3940.2857142857147,21699.714285714286,200.0358989493302,4.0
1881,Dominican Republic,,2021-01-13,186383.0,Dominican Republic,1595.0,1429.2857142857142,10847910,H7,104.0,True,53006.0,0.661165714263916,181.0,1491.0,1248.2857142857142,7345.714285714286,67.71547962431737,1.0
1881,Dominican Republic,,2021-01-13,186383.0,Dominican Republic,1595.0,1429.2857142857142,10847910,SUS,266.0,True,53006.0,0.7166566848754883,220.57142857142858,1329.0,1208.7142857142856,7349.714285714285,67.75235308657875,2.0
1881,Dominican Republic,,2021-01-13,186383.0,Dominican Republic,1595.0,1429.2857142857142,10847910,NONE,128.0,True,53006.0,0.6555920839309692,169.0,1467.0,1260.2857142857142,7640.285714285714,70.43094673799574,3.0
1881,Dominican Republic,,2021-01-13,186383.0,Dominican Republic,1595.0,1429.2857142857142,10847910,H7_SUS,7893.0,True,53006.0,0.9604443311691284,5886.857142857143,6298.0,4457.571428571429,26157.285714285717,241.12742191155453,4.0
1882,Dominican Republic,,2021-01-14,187487.0,Dominican Republic,1104.0,1427.7142857142858,10847910,SUS,362.0,True,53007.0,0.7158211469650269,186.14285714285714,742.0,1241.5714285714287,8591.285714285714,79.19761239064219,1.0
1882,Dominican Republic,,2021-01-14,187487.0,Dominican Republic,1104.0,1427.7142857142858,10847910,H7,214.0,True,53007.0,0.6462730765342712,137.85714285714286,890.0,1289.857142857143,8635.57142857143,79.60585429425049,2.0
1882,Dominican Republic,,2021-01-14,187487.0,Dominican Republic,1104.0,1427.7142857142858,10847910,NONE,256.0,True,53007.0,0.6483294367790222,129.14285714285714,848.0,1298.5714285714287,8938.857142857143,82.40165287928406,3.0
1882,Dominican Republic,,2021-01-14,187487.0,Dominican Republic,1104.0,1427.7142857142858,10847910,H7_SUS,8786.0,True,53007.0,0.959794819355011,6633.714285714285,7682.0,5206.0,31363.285714285717,289.118233044759,4.0
1883,Dominican Republic,,2021-01-15,188969.0,Dominican Republic,1482.0,1490.142857142857,10847910,SUS,216.0,True,53008.0,0.7079514265060425,155.28571428571428,1266.0,1334.857142857143,9926.142857142857,91.50281351101602,1.0
1883,Dominican Republic,,2021-01-15,188969.0,Dominican Republic,1482.0,1490.142857142857,10847910,H7,152.0,True,53008.0,0.6377654671669006,103.57142857142857,1330.0,1386.5714285714284,10022.142857142857,92.38777660528947,2.0
1883,Dominican Republic,,2021-01-15,188969.0,Dominican Republic,1482.0,1490.142857142857,10847910,NONE,124.0,True,53008.0,0.6368234753608704,96.85714285714286,1358.0,1393.2857142857142,10332.142857142857,95.24546993054751,3.0
1883,Dominican Republic,,2021-01-15,188969.0,Dominican Republic,1482.0,1490.142857142857,10847910,H7_SUS,10897.0,True,53008.0,0.9562329053878784,7442.428571428572,9415.0,5952.285714285715,37315.57142857143,343.98857870844637,4.0
1884,Dominican Republic,,2021-01-16,191339.0,Dominican Republic,2370.0,1527.857142857143,10847910,SUS,44.0,True,53009.0,0.7067305445671082,129.28571428571428,2326.0,1398.5714285714287,11324.714285714286,104.39535620883917,1.0
1884,Dominican Republic,,2021-01-16,191339.0,Dominican Republic,2370.0,1527.857142857143,10847910,H7,19.0,True,53009.0,0.6183778643608093,75.42857142857143,2351.0,1452.4285714285716,11474.57142857143,105.77679413427498,2.0
1884,Dominican Republic,,2021-01-16,191339.0,Dominican Republic,2370.0,1527.857142857143,10847910,NONE,0.0,True,53009.0,0.6231792569160461,75.42857142857143,2370.0,1452.4285714285716,11784.571428571428,108.634487459533,3.0
1884,Dominican Republic,,2021-01-16,191339.0,Dominican Republic,2370.0,1527.857142857143,10847910,H7_SUS,11514.0,True,53009.0,0.9531437754631042,8315.714285714286,9144.0,6787.857142857143,44103.42857142857,406.5615272566658,4.0
1885,Dominican Republic,,2021-01-17,193118.0,Dominican Republic,1779.0,1573.5714285714287,10847910,SUS,0.0,True,53010.0,0.7016642093658447,126.85714285714286,1779.0,1446.7142857142858,12771.42857142857,117.73169736316554,1.0
1885,Dominican Republic,,2021-01-17,193118.0,Dominican Republic,1779.0,1573.5714285714287,10847910,H7,0.0,True,53010.0,0.6078184843063354,69.85714285714286,1779.0,1503.7142857142858,12978.285714285714,119.6385821258262,2.0
1885,Dominican Republic,,2021-01-17,193118.0,Dominican Republic,1779.0,1573.5714285714287,10847910,NONE,0.0,True,53010.0,0.609649121761322,72.57142857142857,1779.0,1501.0,13285.571428571428,122.47125417312115,3.0
1885,Dominican Republic,,2021-01-17,193118.0,Dominican Republic,1779.0,1573.5714285714287,10847910,H7_SUS,12509.0,True,53010.0,0.9509045481681824,9261.142857142857,10730.0,7687.571428571428,51791.0,477.42837099496586,4.0
1886,Dominican Republic,,2021-01-18,194966.0,Dominican Republic,1848.0,1669.142857142857,10847910,SUS,0.0,True,53011.0,0.7012678980827332,126.85714285714286,1848.0,1542.2857142857142,14313.714285714286,131.94905088366593,1.0
1886,Dominican Republic,,2021-01-18,194966.0,Dominican Republic,1848.0,1669.142857142857,10847910,H7,0.0,True,53011.0,0.5898981690406799,69.85714285714286,1848.0,1599.2857142857142,14577.57142857143,134.38138248355148,2.0
1886,Dominican Republic,,2021-01-18,194966.0,Dominican Republic,1848.0,1669.142857142857,10847910,NONE,0.0,True,53011.0,0.5933328866958618,72.57142857142857,1848.0,1596.5714285714284,14882.142857142857,137.18903325288335,3.0
1886,Dominican Republic,,2021-01-18,194966.0,Dominican Republic,1848.0,1669.142857142857,10847910,H7_SUS,13526.0,True,53011.0,0.9526984095573424,10323.42857142857,11678.0,8654.285714285714,60445.28571428572,557.206740416225,4.0
1887,Dominican Republic,,2021-01-19,196591.0,Dominican Republic,1625.0,1686.142857142857,10847910,SUS,0.0,True,53012.0,0.6977881789207458,126.85714285714286,1625.0,1559.2857142857142,15873.0,146.32311661877725,1.0
1887,Dominican Republic,,2021-01-19,196591.0,Dominican Republic,1625.0,1686.142857142857,10847910,H7,0.0,True,53012.0,0.5764718055725098,69.85714285714286,1625.0,1616.2857142857142,16193.857142857143,149.28089505588767,2.0
1887,Dominican Republic,,2021-01-19,196591.0,Dominican Republic,1625.0,1686.142857142857,10847910,NONE,0.0,True,53012.0,0.5822912454605103,72.57142857142857,1625.0,1613.5714285714284,16495.714285714286,152.06352454725643,3.0
1887,Dominican Republic,,2021-01-19,196591.0,Dominican Republic,1625.0,1686.142857142857,10847910,H7_SUS,15033.0,True,53012.0,0.949042558670044,11451.142857142857,13408.0,9765.0,70210.28571428571,647.2240801618534,4.0
1888,Dominican Republic,,2021-01-20,198123.0,Dominican Republic,1532.0,1677.142857142857,10847910,SUS,104.0,True,53013.0,0.6937856078147888,103.71428571428571,1428.0,1573.4285714285713,17446.428571428572,160.82755638116993,1.0
1888,Dominican Republic,,2021-01-20,198123.0,Dominican Republic,1532.0,1677.142857142857,10847910,H7,0.0,True,53013.0,0.5607122182846069,55.0,1532.0,1622.142857142857,17816.0,164.23440091224944,2.0
1888,Dominican Republic,,2021-01-20,198123.0,Dominican Republic,1532.0,1677.142857142857,10847910,NONE,0.0,True,53013.0,0.5706588625907898,54.285714285714285,1532.0,1622.857142857143,18118.571428571428,167.02361495045062,3.0
1888,Dominican Republic,,2021-01-20,198123.0,Dominican Republic,1532.0,1677.142857142857,10847910,H7_SUS,16496.0,True,53013.0,0.9485308527946472,12680.142857142857,14964.0,11003.0,81213.28571428571,748.6537564773832,4.0
1889,Dominican Republic,,2021-01-21,199672.0,Dominican Republic,1549.0,1740.7142857142858,10847910,SUS,225.0,True,53014.0,0.6890992522239685,84.14285714285714,1324.0,1656.5714285714287,19103.0,176.09843739485302,1.0
1889,Dominican Republic,,2021-01-21,199672.0,Dominican Republic,1549.0,1740.7142857142858,10847910,H7,76.0,True,53014.0,0.5441908240318298,35.285714285714285,1473.0,1705.4285714285716,19521.428571428572,179.95566492926815,2.0
1889,Dominican Republic,,2021-01-21,199672.0,Dominican Republic,1549.0,1740.7142857142858,10847910,NONE,124.0,True,53014.0,0.5557323694229126,35.42857142857143,1425.0,1705.2857142857144,19823.85714285714,182.7435620581028,3.0
1889,Dominican Republic,,2021-01-21,199672.0,Dominican Republic,1549.0,1740.7142857142858,10847910,H7_SUS,17771.0,True,53014.0,0.9445289969444276,13963.714285714286,16222.0,12223.0,93436.28571428571,861.3298387826384,4.0
1890,Dominican Republic,,2021-01-22,201145.0,Dominican Republic,1473.0,1739.4285714285713,10847910,SUS,98.0,True,53015.0,0.6789314150810242,67.28571428571429,1375.0,1672.142857142857,20775.142857142855,191.51286152948222,1.0
1890,Dominican Republic,,2021-01-22,201145.0,Dominican Republic,1473.0,1739.4285714285713,10847910,H7,58.0,True,53015.0,0.5279300808906555,21.857142857142858,1415.0,1717.5714285714284,21239.0,195.78886624243748,2.0
1890,Dominican Republic,,2021-01-22,201145.0,Dominican Republic,1473.0,1739.4285714285713,10847910,NONE,34.0,True,53015.0,0.5427600145339966,22.571428571428573,1439.0,1716.8571428571427,21540.714285714286,198.57017882443978,3.0
1890,Dominican Republic,,2021-01-22,201145.0,Dominican Republic,1473.0,1739.4285714285713,10847910,H7_SUS,20503.0,True,53015.0,0.9433228969573976,15336.0,19030.0,13596.57142857143,107032.85714285714,986.668004646583,4.0
1891,Dominican Republic,,2021-01-23,202507.0,Dominican Republic,1362.0,1595.4285714285713,10847910,SUS,0.0,True,53016.0,0.6753127574920654,61.0,1362.0,1534.4285714285713,22309.571428571428,205.6577850348263,1.0
1891,Dominican Republic,,2021-01-23,202507.0,Dominican Republic,1362.0,1595.4285714285713,10847910,H7,0.0,True,53016.0,0.5149522423744202,19.142857142857142,1362.0,1576.2857142857142,22815.285714285714,210.31964419215973,2.0
1891,Dominican Republic,,2021-01-23,202507.0,Dominican Republic,1362.0,1595.4285714285713,10847910,NONE,0.0,True,53016.0,0.5314720869064331,22.571428571428573,1362.0,1572.8571428571427,23113.571428571428,213.06935094936654,3.0
1891,Dominican Republic,,2021-01-23,202507.0,Dominican Republic,1362.0,1595.4285714285713,10847910,H7_SUS,21800.0,True,53016.0,0.9427390694618224,16805.428571428572,20438.0,15210.000000000002,122242.85714285714,1126.8793448955341,4.0
1892,Dominican Republic,,2021-01-24,203946.0,Dominican Republic,1439.0,1546.857142857143,10847910,SUS,0.0,True,53017.0,0.670608401298523,61.0,1439.0,1485.857142857143,23795.428571428572,219.3549593555678,1.0
1892,Dominican Republic,,2021-01-24,203946.0,Dominican Republic,1439.0,1546.857142857143,10847910,H7,0.0,True,53017.0,0.5026988983154297,19.142857142857142,1439.0,1527.7142857142858,24343.0,224.40267295727932,2.0
1892,Dominican Republic,,2021-01-24,203946.0,Dominican Republic,1439.0,1546.857142857143,10847910,NONE,0.0,True,53017.0,0.5197911858558655,22.571428571428573,1439.0,1524.2857142857142,24637.85714285714,227.12077388969064,3.0
1892,Dominican Republic,,2021-01-24,203946.0,Dominican Republic,1439.0,1546.857142857143,10847910,H7_SUS,23379.0,True,53017.0,0.9414300918579102,18358.285714285714,21940.0,16811.428571428572,139054.2857142857,1281.8532391427077,4.0
1893,Dominican Republic,,2021-01-25,205162.0,Dominican Republic,1216.0,1456.5714285714287,10847910,SUS,0.0,True,53018.0,0.6663530468940735,61.0,1216.0,1395.5714285714287,25191.0,232.21984695669488,1.0
1893,Dominican Republic,,2021-01-25,205162.0,Dominican Republic,1216.0,1456.5714285714287,10847910,H7,0.0,True,53018.0,0.4911410212516784,19.142857142857142,1216.0,1437.4285714285716,25780.428571428572,237.6534150027846,2.0
1893,Dominican Republic,,2021-01-25,205162.0,Dominican Republic,1216.0,1456.5714285714287,10847910,NONE,0.0,True,53018.0,0.5086619257926941,22.571428571428573,1216.0,1434.0,26071.85714285714,240.33991011040044,3.0
1893,Dominican Republic,,2021-01-25,205162.0,Dominican Republic,1216.0,1456.5714285714287,10847910,H7_SUS,24788.0,True,53018.0,0.9390707015991212,19967.14285714286,23572.0,18510.57142857143,157564.85714285716,1452.4904533947752,4.0
1894,Dominican Republic,,2021-01-26,206305.0,Dominican Republic,1143.0,1387.7142857142858,10847910,SUS,0.0,True,53019.0,0.6628506779670715,61.0,1143.0,1326.7142857142858,26517.714285714286,244.44998424317941,1.0
1894,Dominican Republic,,2021-01-26,206305.0,Dominican Republic,1143.0,1387.7142857142858,10847910,H7,0.0,True,53019.0,0.4801165461540222,19.142857142857142,1143.0,1368.5714285714287,27149.0,250.26940673364732,2.0
1894,Dominican Republic,,2021-01-26,206305.0,Dominican Republic,1143.0,1387.7142857142858,10847910,NONE,0.0,True,53019.0,0.4976389110088348,22.571428571428573,1143.0,1365.142857142857,27437.0,252.92429601646768,3.0
1894,Dominican Republic,,2021-01-26,206305.0,Dominican Republic,1143.0,1387.7142857142858,10847910,H7_SUS,26855.0,True,53019.0,0.9382821321487428,21656.0,25712.0,20268.285714285714,177833.14285714287,1639.3309204919922,4.0
1895,Dominican Republic,,2021-01-27,207455.0,Dominican Republic,1150.0,1333.142857142857,10847910,SUS,9.0,True,53020.0,0.6606311798095703,47.42857142857143,1141.0,1285.7142857142858,27803.428571428572,256.30216854148466,1.0
1895,Dominican Republic,,2021-01-27,207455.0,Dominican Republic,1150.0,1333.142857142857,10847910,H7,0.0,True,53020.0,0.4704464375972748,19.142857142857142,1150.0,1314.0,28463.0,262.3823390865153,2.0
1895,Dominican Republic,,2021-01-27,207455.0,Dominican Republic,1150.0,1333.142857142857,10847910,NONE,0.0,True,53020.0,0.4870471060276031,22.571428571428573,1150.0,1310.5714285714284,28747.571428571428,265.0056225445402,3.0
1895,Dominican Republic,,2021-01-27,207455.0,Dominican Republic,1150.0,1333.142857142857,10847910,H7_SUS,28733.0,True,53020.0,0.9369507431983948,23404.14285714286,27583.0,22071.0,199904.14285714287,1842.7894668847996,4.0
1896,Dominican Republic,,2021-01-28,208610.0,Dominican Republic,1155.0,1276.857142857143,10847910,SUS,151.0,True,53021.0,0.6606520414352417,36.857142857142854,1004.0,1240.0,29043.428571428572,267.7329418425169,1.0
1896,Dominican Republic,,2021-01-28,208610.0,Dominican Republic,1155.0,1276.857142857143,10847910,H7,14.0,True,53021.0,0.4611604213714599,10.285714285714286,1141.0,1266.5714285714287,29729.571428571428,274.0580575297124,2.0
1896,Dominican Republic,,2021-01-28,208610.0,Dominican Republic,1155.0,1276.857142857143,10847910,NONE,54.0,True,53021.0,0.4769371747970581,12.571428571428571,1101.0,1264.2857142857142,30011.85714285714,276.66027043787363,3.0
1896,Dominican Republic,,2021-01-28,208610.0,Dominican Republic,1155.0,1276.857142857143,10847910,H7_SUS,30524.0,True,53021.0,0.9366060495376588,25226.0,29369.0,23949.14285714286,223853.2857142857,2063.5614207186977,4.0
1897,Dominican Republic,,2021-01-29,210412.0,Dominican Republic,1802.0,1323.857142857143,10847910,SUS,40.0,True,53022.0,0.6601505875587463,28.571428571428573,1762.0,1295.2857142857142,30338.714285714286,279.67335906837616,1.0
1897,Dominican Republic,,2021-01-29,210412.0,Dominican Republic,1802.0,1323.857142857143,10847910,H7,24.0,True,53022.0,0.4527067542076111,5.428571428571429,1778.0,1318.4285714285716,31048.0,286.21181407294125,2.0
1897,Dominican Republic,,2021-01-29,210412.0,Dominican Republic,1802.0,1323.857142857143,10847910,NONE,0.0,True,53022.0,0.4667067229747772,7.714285714285714,1802.0,1316.142857142857,31328.0,288.79295643123885,3.0
1897,Dominican Republic,,2021-01-29,210412.0,Dominican Republic,1802.0,1323.857142857143,10847910,H7_SUS,33615.0,True,53022.0,0.9357733130455016,27099.14285714286,31813.0,25775.285714285717,249628.57142857145,2301.1674269842897,4.0
1898,Dominican Republic,,2021-01-30,212553.0,Dominican Republic,2141.0,1435.142857142857,10847910,SUS,0.0,True,53023.0,0.6591286659240723,28.571428571428573,2141.0,1406.5714285714284,31745.285714285714,292.6396486907221,1.0
1898,Dominican Republic,,2021-01-30,212553.0,Dominican Republic,2141.0,1435.142857142857,10847910,H7,0.0,True,53023.0,0.4434371590614319,5.428571428571429,2141.0,1429.7142857142858,32477.714285714286,299.3914430126567,2.0
1898,Dominican Republic,,2021-01-30,212553.0,Dominican Republic,2141.0,1435.142857142857,10847910,NONE,0.0,True,53023.0,0.4564540386199951,7.714285714285714,2141.0,1427.4285714285713,32755.42857142857,301.9515148210906,3.0
1898,Dominican Republic,,2021-01-30,212553.0,Dominican Republic,2141.0,1435.142857142857,10847910,H7_SUS,35160.0,True,53023.0,0.934967577457428,29007.714285714286,33019.0,27572.571428571428,277201.14285714284,2555.3414699895447,4.0
1899,Dominican Republic,,2021-01-31,214060.0,Dominican Republic,1507.0,1444.857142857143,10847910,SUS,0.0,True,53024.0,0.658755362033844,28.571428571428573,1507.0,1416.2857142857142,33161.57142857143,305.6954881499886,1.0
1899,Dominican Republic,,2021-01-31,214060.0,Dominican Republic,1507.0,1444.857142857143,10847910,H7,0.0,True,53024.0,0.4358137845993042,5.428571428571429,1507.0,1439.4285714285716,33917.142857142855,312.66062178929263,2.0
1899,Dominican Republic,,2021-01-31,214060.0,Dominican Republic,1507.0,1444.857142857143,10847910,NONE,0.0,True,53024.0,0.4464525878429413,7.714285714285714,1507.0,1437.142857142857,34192.57142857143,315.19962304786293,3.0
1899,Dominican Republic,,2021-01-31,214060.0,Dominican Republic,1507.0,1444.857142857143,10847910,H7_SUS,36914.0,True,53024.0,0.9343181252479552,30941.285714285714,35407.0,29496.428571428572,306697.5714285714,2827.250331433165,4.0
