,date,Argentina,Austria,Belgium,Bulgaria,Canada,Croatia,Cyprus,Czechia,Denmark,Ecuador,Estonia,Finland,France,Germany,Hungary,Ireland,Italy,Latvia,Liechtenstein,Lithuania,Luxembourg,Malta,Netherlands,Norway,Poland,Portugal,Slovakia,Slovenia,Spain,Sweden,Switzerland,United States
0,2020-01-01,0,0,0,0,0,0,0,0,0,0,0,0,0,0,0,0,0,0,0,0,0,0,0,0,0,0,0,0,0,0,0,0
1,2020-01-02,0,0,0,0,0,0,0,0,0,0,0,0,0,0,0,0,0,0,0,0,0,0,0,0,0,0,0,0,0,0,0,0
2,2020-01-03,0,0,0,0,0,0,0,0,0,0,0,0,0,0,0,0,0,0,0,0,0,0,0,0,0,0,0,0,0,0,0,0
3,2020-01-04,0,0,0,0,0,0,0,0,0,0,0,0,0,0,0,0,0,0,0,0,0,0,0,0,0,0,0,0,0,0,0,0
4,2020-01-05,0,0,0,0,0,0,0,0,0,0,0,0,0,0,0,0,0,0,0,0,0,0,0,0,0,0,0,0,0,0,0,0
5,2020-01-06,0,0,0,0,0,0,0,0,0,0,0,0,0,0,0,0,0,0,0,0,0,0,0,0,0,0,0,0,0,0,0,0
6,2020-01-07,0,0,0,0,0,0,0,0,0,0,0,0,0,0,0,0,0,0,0,0,0,0,0,0,0,0,0,0,0,0,0,0
7,2020-01-08,0,0,0,0,0,0,0,0,0,0,0,0,0,0,0,0,0,0,0,0,0,0,0,0,0,0,0,0,0,0,0,0
8,2020-01-09,0,0,0,0,0,0,0,0,0,0,0,0,0,0,0,0,0,0,0,0,0,0,0,0,0,0,0,0,0,0,0,0
9,2020-01-10,0,0,0,0,0,0,0,0,0,0,0,0,0,0,0,0,0,0,0,0,0,0,0,0,0,0,0,0,0,0,0,0
10,2020-01-11,0,0,0,0,0,0,0,0,0,0,0,0,0,0,0,0,0,0,0,0,0,0,0,0,0,0,0,0,0,0,0,0
11,2020-01-12,0,0,0,0,0,0,0,0,0,0,0,0,0,0,0,0,0,0,0,0,0,0,0,0,0,0,0,0,0,0,0,0
12,2020-01-13,0,0,0,0,0,0,0,0,0,0,0,0,0,0,0,0,0,0,0,0,0,0,0,0,0,0,0,0,0,0,0,0
13,2020-01-14,0,0,0,0,0,0,0,0,0,0,0,0,0,0,0,0,0,0,0,0,0,0,0,0,0,0,0,0,0,0,0,0
14,2020-01-15,0,0,0,0,0,0,0,0,0,0,0,0,0,0,0,0,0,0,0,0,0,0,0,0,0,0,0,0,0,0,0,0
15,2020-01-16,0,0,0,0,0,0,0,0,0,0,0,0,0,0,0,0,0,0,0,0,0,0,0,0,0,0,0,0,0,0,0,0
16,2020-01-17,0,0,0,0,0,0,0,0,0,0,0,0,0,0,0,0,0,0,0,0,0,0,0,0,0,0,0,0,0,0,0,0
17,2020-01-18,0,0,0,0,0,0,0,0,0,0,0,0,0,0,0,0,0,0,0,0,0,0,0,0,0,0,0,0,0,0,0,0
18,2020-01-19,0,0,0,0,0,0,0,0,0,0,0,0,0,0,0,0,0,0,0,0,0,0,0,0,0,0,0,0,0,0,0,0
19,2020-01-20,0,0,0,0,0,0,0,0,0,0,0,0,0,0,0,0,0,0,0,0,0,0,0,0,0,0,0,0,0,0,0,0
20,2020-01-21,0,0,0,0,0,0,0,0,0,0,0,0,0,0,0,0,0,0,0,0,0,0,0,0,0,0,0,0,0,0,0,0
21,2020-01-22,0,0,0,0,0,0,0,0,0,0,0,0,0,0,0,0,0,0,0,0,0,0,0,0,0,0,0,0,0,0,0,0
22,2020-01-23,0,0,0,0,0,0,0,0,0,0,0,0,0,0,0,0,0,0,0,0,0,0,0,0,0,0,0,0,0,0,0,0
23,2020-01-24,0,0,0,0,0,0,0,0,0,0,0,0,0,0,0,0,0,0,0,0,0,0,0,0,0,0,0,0,0,0,0,0
24,2020-01-25,0,0,0,0,0,0,0,0,0,0,0,0,0,0,0,0,0,0,0,0,0,0,0,0,0,0,0,0,0,0,0,0
25,2020-01-26,0,0,0,0,0,0,0,0,0,0,0,0,0,0,0,0,0,0,0,0,0,0,0,0,0,0,0,0,0,0,0,0
26,2020-01-27,0,0,0,0,0,0,0,0,0,0,0,0,0,0,0,0,0,0,0,0,0,0,0,0,0,0,0,0,0,0,0,0
27,2020-01-28,0,0,0,0,0,0,0,0,0,0,0,0,0,0,0,0,0,0,0,0,0,0,0,0,0,0,0,0,0,0,0,0
28,2020-01-29,0,0,0,0,0,0,0,0,0,0,0,0,0,0,0,0,0,0,0,0,0,0,0,0,0,0,0,0,0,0,0,0
29,2020-01-30,0,0,0,0,0,0,0,0,0,0,0,0,0,0,0,0,0,0,0,0,0,0,0,0,0,0,0,0,0,0,0,0
30,2020-01-31,0,0,0,0,0,0,0,0,0,0,0,0,0,0,0,0,0,0,0,0,0,0,0,0,0,0,0,0,0,0,0,0
31,2020-02-01,0,0,0,0,0,0,0,0,0,0,0,0,0,0,0,0,0,0,0,0,0,0,0,0,0,0,0,0,0,0,0,0
32,2020-02-02,0,0,0,0,0,0,0,0,0,0,0,0,0,0,0,0,0,0,0,0,0,0,0,0,0,0,0,0,0,0,0,0
33,2020-02-03,0,0,0,0,0,0,0,0,0,0,0,0,0,0,0,0,0,0,0,0,0,0,0,0,0,0,0,0,0,0,0,0
34,2020-02-04,0,0,0,0,0,0,0,0,0,0,0,0,0,0,0,0,0,0,0,0,0,0,0,0,0,0,0,0,0,0,0,0
35,2020-02-05,0,0,0,0,0,0,0,0,0,0,0,0,0,0,0,0,0,0,0,0,0,0,0,0,0,0,0,0,0,0,0,0
36,2020-02-06,0,0,0,0,0,0,0,0,0,0,0,0,0,0,0,0,0,0,0,0,0,0,0,0,0,0,0,0,0,0,0,0
37,2020-02-07,0,0,0,0,0,0,0,0,0,0,0,0,0,0,0,0,0,0,0,0,0,0,0,0,0,0,0,0,0,0,0,0
38,2020-02-08,0,0,0,0,0,0,0,0,0,0,0,0,0,0,0,0,0,0,0,0,0,0,0,0,0,0,0,0,0,0,0,0
39,2020-02-09,0,0,0,0,0,0,0,0,0,0,0,0,0,0,0,0,0,0,0,0,0,0,0,0,0,0,0,0,0,0,0,0
40,2020-02-10,0,0,0,0,0,0,0,0,0,0,0,0,0,0,0,0,0,0,0,0,0,0,0,0,0,0,0,0,0,0,0,0
41,2020-02-11,0,0,0,0,0,0,0,0,0,0,0,0,0,0,0,0,0,0,0,0,0,0,0,0,0,0,0,0,0,0,0,0
42,2020-02-12,0,0,0,0,0,0,0,0,0,0,0,0,0,0,0,0,0,0,0,0,0,0,0,0,0,0,0,0,0,0,0,0
43,2020-02-13,0,0,0,0,0,0,0,0,0,0,0,0,0,0,0,0,0,0,0,0,0,0,0,0,0,0,0,0,0,0,0,0
44,2020-02-14,0,0,0,0,0,0,0,0,0,0,0,0,0,0,0,0,0,0,0,0,0,0,0,0,0,0,0,0,0,0,0,0
45,2020-02-15,0,0,0,0,0,0,0,0,0,0,0,0,0,0,0,0,0,0,0,0,0,0,0,0,0,0,0,0,0,0,0,0
46,2020-02-16,0,0,0,0,0,0,0,0,0,0,0,0,0,0,0,0,0,0,0,0,0,0,0,0,0,0,0,0,0,0,0,0
47,2020-02-17,0,0,0,0,0,0,0,0,0,0,0,0,0,0,0,0,0,0,0,0,0,0,0,0,0,0,0,0,0,0,0,0
48,2020-02-18,0,0,0,0,0,0,0,0,0,0,0,0,0,0,0,0,0,0,0,0,0,0,0,0,0,0,0,0,0,0,0,0
49,2020-02-19,0,0,0,0,0,0,0,0,0,0,0,0,0,0,0,0,0,0,0,0,0,0,0,0,0,0,0,0,0,0,0,0
50,2020-02-20,0,0,0,0,0,0,0,0,0,0,0,0,0,0,0,0,0,0,0,0,0,0,0,0,0,0,0,0,0,0,0,0
51,2020-02-21,0,0,0,0,0,0,0,0,0,0,0,0,0,0,0,0,0,0,0,0,0,0,0,0,0,0,0,0,0,0,0,0
52,2020-02-22,0,0,0,0,0,0,0,0,0,0,0,0,0,0,0,0,0,0,0,0,0,0,0,0,0,0,0,0,0,0,0,0
53,2020-02-23,0,0,0,0,0,0,0,0,0,0,0,0,0,0,0,0,0,0,0,0,0,0,0,0,0,0,0,0,0,0,0,0
54,2020-02-24,0,0,0,0,0,0,0,0,0,0,0,0,0,0,0,0,0,0,0,0,0,0,0,0,0,0,0,0,0,0,0,0
55,2020-02-25,0,0,0,0,0,0,0,0,0,0,0,0,0,0,0,0,0,0,0,0,0,0,0,0,0,0,0,0,0,0,0,0
56,2020-02-26,0,0,0,0,0,0,0,0,0,0,0,0,0,0,0,0,0,0,0,0,0,0,0,0,0,0,0,0,0,0,0,0
57,2020-02-27,0,0,0,0,0,0,0,0,0,0,0,0,0,0,0,0,0,0,0,0,0,0,0,0,0,0,0,0,0,0,0,0
58,2020-02-28,0,0,0,0,0,0,0,0,0,0,0,0,0,0,0,0,0,0,0,0,0,0,0,0,0,0,0,0,0,0,0,0
59,2020-02-29,0,0,0,0,0,0,0,0,0,0,0,0,0,0,0,0,0,0,0,0,0,0,0,0,0,0,0,0,0,0,0,0
60,2020-03-01,0,0,0,0,0,0,0,0,0,0,0,0,0,0,0,0,0,0,0,0,0,0,0,0,0,0,0,0,0,0,0,0
61,2020-03-02,0,0,0,0,0,0,0,0,0,0,0,0,0,0,0,0,0,0,0,0,0,0,0,0,0,0,0,0,0,0,0,0
62,2020-03-03,0,0,0,0,0,0,0,0,0,0,0,0,0,0,0,0,0,0,0,0,0,0,0,0,0,0,0,0,0,0,0,0
63,2020-03-04,0,0,0,0,0,0,0,0,0,0,0,0,0,0,0,0,0,0,0,0,0,0,0,0,0,0,0,0,0,0,0,0
64,2020-03-05,0,0,0,0,0,0,0,0,0,0,0,0,0,0,0,0,0,0,0,0,0,0,0,0,0,0,0,0,0,0,0,0
65,2020-03-06,0,0,0,0,0,0,0,0,0,0,0,0,0,0,0,0,0,0,0,0,0,0,0,0,0,0,0,0,0,0,0,0
66,2020-03-07,0,0,0,0,0,0,0,0,0,0,0,0,0,0,0,0,0,0,0,0,0,0,0,0,0,0,0,0,0,0,0,0
67,2020-03-08,0,0,0,0,0,0,0,0,0,0,0,0,0,0,0,0,0,0,0,0,0,0,0,0,0,0,0,0,0,0,0,0
68,2020-03-09,0,0,0,0,0,0,0,0,0,0,0,0,0,0,0,0,0,0,0,0,0,0,0,0,0,0,0,0,0,0,0,0
69,2020-03-10,0,0,0,0,0,0,0,0,0,0,0,0,0,0,0,0,0,0,0,0,0,0,0,0,0,0,0,0,0,0,0,0
70,2020-03-11,0,0,0,0,0,0,0,0,0,0,0,0,0,0,0,0,0,0,0,0,0,0,0,0,0,0,0,0,0,0,0,0
71,2020-03-12,0,0,0,0,0,0,0,0,0,0,0,0,0,0,0,0,0,0,0,0,0,0,0,0,0,0,0,0,0,0,0,0
72,2020-03-13,0,0,0,0,0,0,0,0,0,0,0,0,0,0,0,0,0,0,0,0,0,0,0,0,0,0,0,0,0,0,0,0
73,2020-03-14,0,0,0,0,0,0,0,0,0,0,0,0,0,0,0,0,0,0,0,0,0,0,0,0,0,0,0,0,0,0,0,0
74,2020-03-15,0,0,0,0,0,0,0,0,0,0,0,0,0,0,0,0,0,0,0,0,0,0,0,0,0,0,0,0,0,0,0,0
75,2020-03-16,0,0,0,0,0,0,0,0,0,0,0,0,0,0,0,0,0,0,0,0,0,0,0,0,0,0,0,0,0,0,0,0
76,2020-03-17,0,0,0,0,0,0,0,0,0,0,0,0,0,0,0,0,0,0,0,0,0,0,0,0,0,0,0,0,0,0,0,0
77,2020-03-18,0,0,0,0,0,0,0,0,0,0,0,0,0,0,0,0,0,0,0,0,0,0,0,0,0,0,0,0,0,0,0,0
78,2020-03-19,0,0,0,0,0,0,0,0,0,0,0,0,0,0,0,0,0,0,0,0,0,0,0,0,0,0,0,0,0,0,0,0
79,2020-03-20,0,0,0,0,0,0,0,0,0,0,0,0,0,0,0,0,0,0,0,0,0,0,0,0,0,0,0,0,0,0,0,0
80,2020-03-21,0,0,0,0,0,0,0,0,0,0,0,0,0,0,0,0,0,0,0,0,0,0,0,0,0,0,0,0,0,0,0,0
81,2020-03-22,0,0,0,0,0,0,0,0,0,0,0,0,0,0,0,0,0,0,0,0,0,0,0,0,0,0,0,0,0,0,0,0
82,2020-03-23,0,0,0,0,0,0,0,0,0,0,0,0,0,0,0,0,0,0,0,0,0,0,0,0,0,0,0,0,0,0,0,0
83,2020-03-24,0,0,0,0,0,0,0,0,0,0,0,0,0,0,0,0,0,0,0,0,0,0,0,0,0,0,0,0,0,0,0,0
84,2020-03-25,0,0,0,0,0,0,0,0,0,0,0,0,0,0,0,0,0,0,0,0,0,0,0,0,0,0,0,0,0,0,0,0
85,2020-03-26,0,0,0,0,0,0,0,0,0,0,0,0,0,0,0,0,0,0,0,0,0,0,0,0,0,0,0,0,0,0,0,0
86,2020-03-27,0,0,0,0,0,0,0,0,0,0,0,0,0,0,0,0,0,0,0,0,0,0,0,0,0,0,0,0,0,0,0,0
87,2020-03-28,0,0,0,0,0,0,0,0,0,0,0,0,0,0,0,0,0,0,0,0,0,0,0,0,0,0,0,0,0,0,0,0
88,2020-03-29,0,0,0,0,0,0,0,0,0,0,0,0,0,0,0,0,0,0,0,0,0,0,0,0,0,0,0,0,0,0,0,0
89,2020-03-30,0,0,0,0,0,0,0,0,0,0,0,0,0,0,0,0,0,0,0,0,0,0,0,0,0,0,0,0,0,0,0,0
90,2020-03-31,0,0,0,0,0,0,0,0,0,0,0,0,0,0,0,0,0,0,0,0,0,0,0,0,0,0,0,0,0,0,0,0
91,2020-04-01,0,0,0,0,0,0,0,0,0,0,0,0,0,0,0,0,0,0,0,0,0,0,0,0,0,0,0,0,0,0,0,0
92,2020-04-02,0,0,0,0,0,0,0,0,0,0,0,0,0,0,0,0,0,0,0,0,0,0,0,0,0,0,0,0,0,0,0,0
93,2020-04-03,0,0,0,0,0,0,0,0,0,0,0,0,0,0,0,0,0,0,0,0,0,0,0,0,0,0,0,0,0,0,0,0
94,2020-04-04,0,0,0,0,0,0,0,0,0,0,0,0,0,0,0,0,0,0,0,0,0,0,0,0,0,0,0,0,0,0,0,0
95,2020-04-05,0,0,0,0,0,0,0,0,0,0,0,0,0,0,0,0,0,0,0,0,0,0,0,0,0,0,0,0,0,0,0,0
96,2020-04-06,0,0,0,0,0,0,0,0,0,0,0,0,0,0,0,0,0,0,0,0,0,0,0,0,0,0,0,0,0,0,0,0
97,2020-04-07,0,0,0,0,0,0,0,0,0,0,0,0,0,0,0,0,0,0,0,0,0,0,0,0,0,0,0,0,0,0,0,0
98,2020-04-08,0,0,0,0,0,0,0,0,0,0,0,0,0,0,0,0,0,0,0,0,0,0,0,0,0,0,0,0,0,0,0,0
99,2020-04-09,0,0,0,0,0,0,0,0,0,0,0,0,0,0,0,0,0,0,0,0,0,0,0,0,0,0,0,0,0,0,0,0
100,2020-04-10,0,0,0,0,0,0,0,0,0,0,0,0,0,0,0,0,0,0,0,0,0,0,0,0,0,0,0,0,0,0,0,0
101,2020-04-11,0,0,0,0,0,0,0,0,0,0,0,0,0,0,0,0,0,0,0,0,0,0,0,0,0,0,0,0,0,0,0,0
102,2020-04-12,0,0,0,0,0,0,0,0,0,0,0,0,0,0,0,0,0,0,0,0,0,0,0,0,0,0,0,0,0,0,0,0
103,2020-04-13,0,0,0,0,0,0,0,0,0,0,0,0,0,0,0,0,0,0,0,0,0,0,0,0,0,0,0,0,0,0,0,0
104,2020-04-14,0,0,0,0,0,0,0,0,0,0,0,0,0,0,0,0,0,0,0,0,0,0,0,0,0,0,0,0,0,0,0,0
105,2020-04-15,0,0,0,0,0,0,0,0,0,0,0,0,0,0,0,0,0,0,0,0,0,0,0,0,0,0,0,0,0,0,0,0
106,2020-04-16,0,0,0,0,0,0,0,0,0,0,0,0,0,0,0,0,0,0,0,0,0,0,0,0,0,0,0,0,0,0,0,0
107,2020-04-17,0,0,0,0,0,0,0,0,0,0,0,0,0,0,0,0,0,0,0,0,0,0,0,0,0,0,0,0,0,0,0,0
108,2020-04-18,0,0,0,0,0,0,0,0,0,0,0,0,0,0,0,0,0,0,0,0,0,0,0,0,0,0,0,0,0,0,0,0
109,2020-04-19,0,0,0,0,0,0,0,0,0,0,0,0,0,0,0,0,0,0,0,0,0,0,0,0,0,0,0,0,0,0,0,0
110,2020-04-20,0,0,0,0,0,0,0,0,0,0,0,0,0,0,0,0,0,0,0,0,0,0,0,0,0,0,0,0,0,0,0,0
111,2020-04-21,0,0,0,0,0,0,0,0,0,0,0,0,0,0,0,0,0,0,0,0,0,0,0,0,0,0,0,0,0,0,0,0
112,2020-04-22,0,0,0,0,0,0,0,0,0,0,0,0,0,0,0,0,0,0,0,0,0,0,0,0,0,0,0,0,0,0,0,0
113,2020-04-23,0,0,0,0,0,0,0,0,0,0,0,0,0,0,0,0,0,0,0,0,0,0,0,0,0,0,0,0,0,0,0,0
114,2020-04-24,0,0,0,0,0,0,0,0,0,0,0,0,0,0,0,0,0,0,0,0,0,0,0,0,0,0,0,0,0,0,0,0
115,2020-04-25,0,0,0,0,0,0,0,0,0,0,0,0,0,0,0,0,0,0,0,0,0,0,0,0,0,0,0,0,0,0,0,0
116,2020-04-26,0,0,0,0,0,0,0,0,0,0,0,0,0,0,0,0,0,0,0,0,0,0,0,0,0,0,0,0,0,0,0,0
117,2020-04-27,0,0,0,0,0,0,0,0,0,0,0,0,0,0,0,0,0,0,0,0,0,0,0,0,0,0,0,0,0,0,0,0
118,2020-04-28,0,0,0,0,0,0,0,0,0,0,0,0,0,0,0,0,0,0,0,0,0,0,0,0,0,0,0,0,0,0,0,0
119,2020-04-29,0,0,0,0,0,0,0,0,0,0,0,0,0,0,0,0,0,0,0,0,0,0,0,0,0,0,0,0,0,0,0,0
120,2020-04-30,0,0,0,0,0,0,0,0,0,0,0,0,0,0,0,0,0,0,0,0,0,0,0,0,0,0,0,0,0,0,0,0
121,2020-05-01,0,0,0,0,0,0,0,0,0,0,0,0,0,0,0,0,0,0,0,0,0,0,0,0,0,0,0,0,0,0,0,0
122,2020-05-02,0,0,0,0,0,0,0,0,0,0,0,0,0,0,0,0,0,0,0,0,0,0,0,0,0,0,0,0,0,0,0,0
123,2020-05-03,0,0,0,0,0,0,0,0,0,0,0,0,0,0,0,0,0,0,0,0,0,0,0,0,0,0,0,0,0,0,0,0
124,2020-05-04,0,0,0,0,0,0,0,0,0,0,0,0,0,0,0,0,0,0,0,0,0,0,0,0,0,0,0,0,0,0,0,0
125,2020-05-05,0,0,0,0,0,0,0,0,0,0,0,0,0,0,0,0,0,0,0,0,0,0,0,0,0,0,0,0,0,0,0,0
126,2020-05-06,0,0,0,0,0,0,0,0,0,0,0,0,0,0,0,0,0,0,0,0,0,0,0,0,0,0,0,0,0,0,0,0
127,2020-05-07,0,0,0,0,0,0,0,0,0,0,0,0,0,0,0,0,0,0,0,0,0,0,0,0,0,0,0,0,0,0,0,0
128,2020-05-08,0,0,0,0,0,0,0,0,0,0,0,0,0,0,0,0,0,0,0,0,0,0,0,0,0,0,0,0,0,0,0,0
129,2020-05-09,0,0,0,0,0,0,0,0,0,0,0,0,0,0,0,0,0,0,0,0,0,0,0,0,0,0,0,0,0,0,0,0
130,2020-05-10,0,0,0,0,0,0,0,0,0,0,0,0,0,0,0,0,0,0,0,0,0,0,0,0,0,0,0,0,0,0,0,0
131,2020-05-11,0,0,0,0,0,0,0,0,0,0,0,0,0,0,0,0,0,0,0,0,0,0,0,0,0,0,0,0,0,0,0,0
132,2020-05-12,0,0,0,0,0,0,0,0,0,0,0,0,0,0,0,0,0,0,0,0,0,0,0,0,0,0,0,0,0,0,0,0
133,2020-05-13,0,0,0,0,0,0,0,0,0,0,0,0,0,0,0,0,0,0,0,0,0,0,0,0,0,0,0,0,0,0,0,0
134,2020-05-14,0,0,0,0,0,0,0,0,0,0,0,0,0,0,0,0,0,0,0,0,0,0,0,0,0,0,0,0,0,0,0,0
135,2020-05-15,0,0,0,0,0,0,0,0,0,0,0,0,0,0,0,0,0,0,0,0,0,0,0,0,0,0,0,0,0,0,0,0
136,2020-05-16,0,0,0,0,0,0,0,0,0,0,0,0,0,0,0,0,0,0,0,0,0,0,0,0,0,0,0,0,0,0,0,0
137,2020-05-17,0,0,0,0,0,0,0,0,0,0,0,0,0,0,0,0,0,0,0,0,0,0,0,0,0,0,0,0,0,0,0,0
138,2020-05-18,0,0,0,0,0,0,0,0,0,0,0,0,0,0,0,0,0,0,0,0,0,0,0,0,0,0,0,0,0,0,0,0
139,2020-05-19,0,0,0,0,0,0,0,0,0,0,0,0,0,0,0,0,0,0,0,0,0,0,0,0,0,0,0,0,0,0,0,0
140,2020-05-20,0,0,0,0,0,0,0,0,0,0,0,0,0,0,0,0,0,0,0,0,0,0,0,0,0,0,0,0,0,0,0,0
141,2020-05-21,0,0,0,0,0,0,0,0,0,0,0,0,0,0,0,0,0,0,0,0,0,0,0,0,0,0,0,0,0,0,0,0
142,2020-05-22,0,0,0,0,0,0,0,0,0,0,0,0,0,0,0,0,0,0,0,0,0,0,0,0,0,0,0,0,0,0,0,0
143,2020-05-23,0,0,0,0,0,0,0,0,0,0,0,0,0,0,0,0,0,0,0,0,0,0,0,0,0,0,0,0,0,0,0,0
144,2020-05-24,0,0,0,0,0,0,0,0,0,0,0,0,0,0,0,0,0,0,0,0,0,0,0,0,0,0,0,0,0,0,0,0
145,2020-05-25,0,0,0,0,0,0,0,0,0,0,0,0,0,0,0,0,0,0,0,0,0,0,0,0,0,0,0,0,0,0,0,0
146,2020-05-26,0,0,0,0,0,0,0,0,0,0,0,0,0,0,0,0,0,0,0,0,0,0,0,0,0,0,0,0,0,0,0,0
147,2020-05-27,0,0,0,0,0,0,0,0,0,0,0,0,0,0,0,0,0,0,0,0,0,0,0,0,0,0,0,0,0,0,0,0
148,2020-05-28,0,0,0,0,0,0,0,0,0,0,0,0,0,0,0,0,0,0,0,0,0,0,0,0,0,0,0,0,0,0,0,0
149,2020-05-29,0,0,0,0,0,0,0,0,0,0,0,0,0,0,0,0,0,0,0,0,0,0,0,0,0,0,0,0,0,0,0,0
150,2020-05-30,0,0,0,0,0,0,0,0,0,0,0,0,0,0,0,0,0,0,0,0,0,0,0,0,0,0,0,0,0,0,0,0
151,2020-05-31,0,0,0,0,0,0,0,0,0,0,0,0,0,0,0,0,0,0,0,0,0,0,0,0,0,0,0,0,0,0,0,0
152,2020-06-01,0,0,0,0,0,0,0,0,0,0,0,0,0,0,0,0,0,0,0,0,0,0,0,0,0,0,0,0,0,0,0,0
153,2020-06-02,0,0,0,0,0,0,0,0,0,0,0,0,0,0,0,0,0,0,0,0,0,0,0,0,0,0,0,0,0,0,0,0
154,2020-06-03,0,0,0,0,0,0,0,0,0,0,0,0,0,0,0,0,0,0,0,0,0,0,0,0,0,0,0,0,0,0,0,0
155,2020-06-04,0,0,0,0,0,0,0,0,0,0,0,0,0,0,0,0,0,0,0,0,0,0,0,0,0,0,0,0,0,0,0,0
156,2020-06-05,0,0,0,0,0,0,0,0,0,0,0,0,0,0,0,0,0,0,0,0,0,0,0,0,0,0,0,0,0,0,0,0
157,2020-06-06,0,0,0,0,0,0,0,0,0,0,0,0,0,0,0,0,0,0,0,0,0,0,0,0,0,0,0,0,0,0,0,0
158,2020-06-07,0,0,0,0,0,0,0,0,0,0,0,0,0,0,0,0,0,0,0,0,0,0,0,0,0,0,0,0,0,0,0,0
159,2020-06-08,0,0,0,0,0,0,0,0,0,0,0,0,0,0,0,0,0,0,0,0,0,0,0,0,0,0,0,0,0,0,0,0
160,2020-06-09,0,0,0,0,0,0,0,0,0,0,0,0,0,0,0,0,0,0,0,0,0,0,0,0,0,0,0,0,0,0,0,0
161,2020-06-10,0,0,0,0,0,0,0,0,0,0,0,0,0,0,0,0,0,0,0,0,0,0,0,0,0,0,0,0,0,0,0,0
162,2020-06-11,0,0,0,0,0,0,0,0,0,0,0,0,0,0,0,0,0,0,0,0,0,0,0,0,0,0,0,0,0,0,0,0
163,2020-06-12,0,0,0,0,0,0,0,0,0,0,0,0,0,0,0,0,0,0,0,0,0,0,0,0,0,0,0,0,0,0,0,0
164,2020-06-13,0,0,0,0,0,0,0,0,0,0,0,0,0,0,0,0,0,0,0,0,0,0,0,0,0,0,0,0,0,0,0,0
165,2020-06-14,0,0,0,0,0,0,0,0,0,0,0,0,0,0,0,0,0,0,0,0,0,0,0,0,0,0,0,0,0,0,0,0
166,2020-06-15,0,0,0,0,0,0,0,0,0,0,0,0,0,0,0,0,0,0,0,0,0,0,0,0,0,0,0,0,0,0,0,0
167,2020-06-16,0,0,0,0,0,0,0,0,0,0,0,0,0,0,0,0,0,0,0,0,0,0,0,0,0,0,0,0,0,0,0,0
168,2020-06-17,0,0,0,0,0,0,0,0,0,0,0,0,0,0,0,0,0,0,0,0,0,0,0,0,0,0,0,0,0,0,0,0
169,2020-06-18,0,0,0,0,0,0,0,0,0,0,0,0,0,0,0,0,0,0,0,0,0,0,0,0,0,0,0,0,0,0,0,0
170,2020-06-19,0,0,0,0,0,0,0,0,0,0,0,0,0,0,0,0,0,0,0,0,0,0,0,0,0,0,0,0,0,0,0,0
171,2020-06-20,0,0,0,0,0,0,0,0,0,0,0,0,0,0,0,0,0,0,0,0,0,0,0,0,0,0,0,0,0,0,0,0
172,2020-06-21,0,0,0,0,0,0,0,0,0,0,0,0,0,0,0,0,0,0,0,0,0,0,0,0,0,0,0,0,0,0,0,0
173,2020-06-22,0,0,0,0,0,0,0,0,0,0,0,0,0,0,0,0,0,0,0,0,0,0,0,0,0,0,0,0,0,0,0,0
174,2020-06-23,0,0,0,0,0,0,0,0,0,0,0,0,0,0,0,0,0,0,0,0,0,0,0,0,0,0,0,0,0,0,0,0
175,2020-06-24,0,0,0,0,0,0,0,0,0,0,0,0,0,0,0,0,0,0,0,0,0,0,0,0,0,0,0,0,0,0,0,0
176,2020-06-25,0,0,0,0,0,0,0,0,0,0,0,0,0,0,0,0,0,0,0,0,0,0,0,0,0,0,0,0,0,0,0,0
177,2020-06-26,0,0,0,0,0,0,0,0,0,0,0,0,0,0,0,0,0,0,0,0,0,0,0,0,0,0,0,0,0,0,0,0
178,2020-06-27,0,0,0,0,0,0,0,0,0,0,0,0,0,0,0,0,0,0,0,0,0,0,0,0,0,0,0,0,0,0,0,0
179,2020-06-28,0,0,0,0,0,0,0,0,0,0,0,0,0,0,0,0,0,0,0,0,0,0,0,0,0,0,0,0,0,0,0,0
180,2020-06-29,0,0,0,0,0,0,0,0,0,0,0,0,0,0,0,0,0,0,0,0,0,0,0,0,0,0,0,0,0,0,0,0
181,2020-06-30,0,0,0,0,0,0,0,0,0,0,0,0,0,0,0,0,0,0,0,0,0,0,0,0,0,0,0,0,0,0,0,0
182,2020-07-01,0,0,0,0,0,0,0,0,0,0,0,0,0,0,0,0,0,0,0,0,0,0,0,0,0,0,0,0,0,0,0,0
183,2020-07-02,0,0,0,0,0,0,0,0,0,0,0,0,0,0,0,0,0,0,0,0,0,0,0,0,0,0,0,0,0,0,0,0
184,2020-07-03,0,0,0,0,0,0,0,0,0,0,0,0,0,0,0,0,0,0,0,0,0,0,0,0,0,0,0,0,0,0,0,0
185,2020-07-04,0,0,0,0,0,0,0,0,0,0,0,0,0,0,0,0,0,0,0,0,0,0,0,0,0,0,0,0,0,0,0,0
186,2020-07-05,0,0,0,0,0,0,0,0,0,0,0,0,0,0,0,0,0,0,0,0,0,0,0,0,0,0,0,0,0,0,0,0
187,2020-07-06,0,0,0,0,0,0,0,0,0,0,0,0,0,0,0,0,0,0,0,0,0,0,0,0,0,0,0,0,0,0,0,0
188,2020-07-07,0,0,0,0,0,0,0,0,0,0,0,0,0,0,0,0,0,0,0,0,0,0,0,0,0,0,0,0,0,0,0,0
189,2020-07-08,0,0,0,0,0,0,0,0,0,0,0,0,0,0,0,0,0,0,0,0,0,0,0,0,0,0,0,0,0,0,0,0
190,2020-07-09,0,0,0,0,0,0,0,0,0,0,0,0,0,0,0,0,0,0,0,0,0,0,0,0,0,0,0,0,0,0,0,0
191,2020-07-10,0,0,0,0,0,0,0,0,0,0,0,0,0,0,0,0,0,0,0,0,0,0,0,0,0,0,0,0,0,0,0,0
192,2020-07-11,0,0,0,0,0,0,0,0,0,0,0,0,0,0,0,0,0,0,0,0,0,0,0,0,0,0,0,0,0,0,0,0
193,2020-07-12,0,0,0,0,0,0,0,0,0,0,0,0,0,0,0,0,0,0,0,0,0,0,0,0,0,0,0,0,0,0,0,0
194,2020-07-13,0,0,0,0,0,0,0,0,0,0,0,0,0,0,0,0,0,0,0,0,0,0,0,0,0,0,0,0,0,0,0,0
195,2020-07-14,0,0,0,0,0,0,0,0,0,0,0,0,0,0,0,0,0,0,0,0,0,0,0,0,0,0,0,0,0,0,0,0
196,2020-07-15,0,0,0,0,0,0,0,0,0,0,0,0,0,0,0,0,0,0,0,0,0,0,0,0,0,0,0,0,0,0,0,0
197,2020-07-16,0,0,0,0,0,0,0,0,0,0,0,0,0,0,0,0,0,0,0,0,0,0,0,0,0,0,0,0,0,0,0,0
198,2020-07-17,0,0,0,0,0,0,0,0,0,0,0,0,0,0,0,0,0,0,0,0,0,0,0,0,0,0,0,0,0,0,0,0
199,2020-07-18,0,0,0,0,0,0,0,0,0,0,0,0,0,0,0,0,0,0,0,0,0,0,0,0,0,0,0,0,0,0,0,0
200,2020-07-19,0,0,0,0,0,0,0,0,0,0,0,0,0,0,0,0,0,0,0,0,0,0,0,0,0,0,0,0,0,0,0,0
201,2020-07-20,0,0,0,0,0,0,0,0,0,0,0,0,0,0,0,0,0,0,0,0,0,0,0,0,0,0,0,0,0,0,0,0
202,2020-07-21,0,0,0,0,0,0,0,0,0,0,0,0,0,0,0,0,0,0,0,0,0,0,0,0,0,0,0,0,0,0,0,0
203,2020-07-22,0,0,0,0,0,0,0,0,0,0,0,0,0,0,0,0,0,0,0,0,0,0,0,0,0,0,0,0,0,0,0,0
204,2020-07-23,0,0,0,0,0,0,0,0,0,0,0,0,0,0,0,0,0,0,0,0,0,0,0,0,0,0,0,0,0,0,0,0
205,2020-07-24,0,0,0,0,0,0,0,0,0,0,0,0,0,0,0,0,0,0,0,0,0,0,0,0,0,0,0,0,0,0,0,0
206,2020-07-25,0,0,0,0,0,0,0,0,0,0,0,0,0,0,0,0,0,0,0,0,0,0,0,0,0,0,0,0,0,0,0,0
207,2020-07-26,0,0,0,0,0,0,0,0,0,0,0,0,0,0,0,0,0,0,0,0,0,0,0,0,0,0,0,0,0,0,0,0
208,2020-07-27,0,0,0,0,0,0,0,0,0,0,0,0,0,0,0,0,0,0,0,0,0,0,0,0,0,0,0,0,0,0,0,0
209,2020-07-28,0,0,0,0,0,0,0,0,0,0,0,0,0,0,0,0,0,0,0,0,0,0,0,0,0,0,0,0,0,0,0,0
210,2020-07-29,0,0,0,0,0,0,0,0,0,0,0,0,0,0,0,0,0,0,0,0,0,0,0,0,0,0,0,0,0,0,0,0
211,2020-07-30,0,0,0,0,0,0,0,0,0,0,0,0,0,0,0,0,0,0,0,0,0,0,0,0,0,0,0,0,0,0,0,0
212,2020-07-31,0,0,0,0,0,0,0,0,0,0,0,0,0,0,0,0,0,0,0,0,0,0,0,0,0,0,0,0,0,0,0,0
213,2020-08-01,0,0,0,0,0,0,0,0,0,0,0,0,0,0,0,0,0,0,0,0,0,0,0,0,0,0,0,0,0,0,0,0
214,2020-08-02,0,0,0,0,0,0,0,0,0,0,0,0,0,0,0,0,0,0,0,0,0,0,0,0,0,0,0,0,0,0,0,0
215,2020-08-03,0,0,0,0,0,0,0,0,0,0,0,0,0,0,0,0,0,0,0,0,0,0,0,0,0,0,0,0,0,0,0,0
216,2020-08-04,0,0,0,0,0,0,0,0,0,0,0,0,0,0,0,0,0,0,0,0,0,0,0,0,0,0,0,0,0,0,0,0
217,2020-08-05,0,0,0,0,0,0,0,0,0,0,0,0,0,0,0,0,0,0,0,0,0,0,0,0,0,0,0,0,0,0,0,0
218,2020-08-06,0,0,0,0,0,0,0,0,0,0,0,0,0,0,0,0,0,0,0,0,0,0,0,0,0,0,0,0,0,0,0,0
219,2020-08-07,0,0,0,0,0,0,0,0,0,0,0,0,0,0,0,0,0,0,0,0,0,0,0,0,0,0,0,0,0,0,0,0
220,2020-08-08,0,0,0,0,0,0,0,0,0,0,0,0,0,0,0,0,0,0,0,0,0,0,0,0,0,0,0,0,0,0,0,0
221,2020-08-09,0,0,0,0,0,0,0,0,0,0,0,0,0,0,0,0,0,0,0,0,0,0,0,0,0,0,0,0,0,0,0,0
222,2020-08-10,0,0,0,0,0,0,0,0,0,0,0,0,0,0,0,0,0,0,0,0,0,0,0,0,0,0,0,0,0,0,0,0
223,2020-08-11,0,0,0,0,0,0,0,0,0,0,0,0,0,0,0,0,0,0,0,0,0,0,0,0,0,0,0,0,0,0,0,0
224,2020-08-12,0,0,0,0,0,0,0,0,0,0,0,0,0,0,0,0,0,0,0,0,0,0,0,0,0,0,0,0,0,0,0,0
225,2020-08-13,0,0,0,0,0,0,0,0,0,0,0,0,0,0,0,0,0,0,0,0,0,0,0,0,0,0,0,0,0,0,0,0
226,2020-08-14,0,0,0,0,0,0,0,0,0,0,0,0,0,0,0,0,0,0,0,0,0,0,0,0,0,0,0,0,0,0,0,0
227,2020-08-15,0,0,0,0,0,0,0,0,0,0,0,0,0,0,0,0,0,0,0,0,0,0,0,0,0,0,0,0,0,0,0,0
228,2020-08-16,0,0,0,0,0,0,0,0,0,0,0,0,0,0,0,0,0,0,0,0,0,0,0,0,0,0,0,0,0,0,0,0
229,2020-08-17,0,0,0,0,0,0,0,0,0,0,0,0,0,0,0,0,0,0,0,0,0,0,0,0,0,0,0,0,0,0,0,0
230,2020-08-18,0,0,0,0,0,0,0,0,0,0,0,0,0,0,0,0,0,0,0,0,0,0,0,0,0,0,0,0,0,0,0,0
231,2020-08-19,0,0,0,0,0,0,0,0,0,0,0,0,0,0,0,0,0,0,0,0,0,0,0,0,0,0,0,0,0,0,0,0
232,2020-08-20,0,0,0,0,0,0,0,0,0,0,0,0,0,0,0,0,0,0,0,0,0,0,0,0,0,0,0,0,0,0,0,0
233,2020-08-21,0,0,0,0,0,0,0,0,0,0,0,0,0,0,0,0,0,0,0,0,0,0,0,0,0,0,0,0,0,0,0,0
234,2020-08-22,0,0,0,0,0,0,0,0,0,0,0,0,0,0,0,0,0,0,0,0,0,0,0,0,0,0,0,0,0,0,0,0
235,2020-08-23,0,0,0,0,0,0,0,0,0,0,0,0,0,0,0,0,0,0,0,0,0,0,0,0,0,0,0,0,0,0,0,0
236,2020-08-24,0,0,0,0,0,0,0,0,0,0,0,0,0,0,0,0,0,0,0,0,0,0,0,0,0,0,0,0,0,0,0,0
237,2020-08-25,0,0,0,0,0,0,0,0,0,0,0,0,0,0,0,0,0,0,0,0,0,0,0,0,0,0,0,0,0,0,0,0
238,2020-08-26,0,0,0,0,0,0,0,0,0,0,0,0,0,0,0,0,0,0,0,0,0,0,0,0,0,0,0,0,0,0,0,0
239,2020-08-27,0,0,0,0,0,0,0,0,0,0,0,0,0,0,0,0,0,0,0,0,0,0,0,0,0,0,0,0,0,0,0,0
240,2020-08-28,0,0,0,0,0,0,0,0,0,0,0,0,0,0,0,0,0,0,0,0,0,0,0,0,0,0,0,0,0,0,0,0
241,2020-08-29,0,0,0,0,0,0,0,0,0,0,0,0,0,0,0,0,0,0,0,0,0,0,0,0,0,0,0,0,0,0,0,0
242,2020-08-30,0,0,0,0,0,0,0,0,0,0,0,0,0,0,0,0,0,0,0,0,0,0,0,0,0,0,0,0,0,0,0,0
243,2020-08-31,0,0,0,0,0,0,0,0,0,0,0,0,0,0,0,0,0,0,0,0,0,0,0,0,0,0,0,0,0,0,0,0
244,2020-09-01,0,0,0,0,0,0,0,0,0,0,0,0,0,0,0,0,0,0,0,0,0,0,0,0,0,0,0,0,0,0,0,0
245,2020-09-02,0,0,0,0,0,0,0,0,0,0,0,0,0,0,0,0,0,0,0,0,0,0,0,0,0,0,0,0,0,0,0,0
246,2020-09-03,0,0,0,0,0,0,0,0,0,0,0,0,0,0,0,0,0,0,0,0,0,0,0,0,0,0,0,0,0,0,0,0
247,2020-09-04,0,0,0,0,0,0,0,0,0,0,0,0,0,0,0,0,0,0,0,0,0,0,0,0,0,0,0,0,0,0,0,0
248,2020-09-05,0,0,0,0,0,0,0,0,0,0,0,0,0,0,0,0,0,0,0,0,0,0,0,0,0,0,0,0,0,0,0,0
249,2020-09-06,0,0,0,0,0,0,0,0,0,0,0,0,0,0,0,0,0,0,0,0,0,0,0,0,0,0,0,0,0,0,0,0
250,2020-09-07,0,0,0,0,0,0,0,0,0,0,0,0,0,0,0,0,0,0,0,0,0,0,0,0,0,0,0,0,0,0,0,0
251,2020-09-08,0,0,0,0,0,0,0,0,0,0,0,0,0,0,0,0,0,0,0,0,0,0,0,0,0,0,0,0,0,0,0,0
252,2020-09-09,0,0,0,0,0,0,0,0,0,0,0,0,0,0,0,0,0,0,0,0,0,0,0,0,0,0,0,0,0,0,0,0
253,2020-09-10,0,0,0,0,0,0,0,0,0,0,0,0,0,0,0,0,0,0,0,0,0,0,0,0,0,0,0,0,0,0,0,0
254,2020-09-11,0,0,0,0,0,0,0,0,0,0,0,0,0,0,0,0,0,0,0,0,0,0,0,0,0,0,0,0,0,0,0,0
255,2020-09-12,0,0,0,0,0,0,0,0,0,0,0,0,0,0,0,0,0,0,0,0,0,0,0,0,0,0,0,0,0,0,0,0
256,2020-09-13,0,0,0,0,0,0,0,0,0,0,0,0,0,0,0,0,0,0,0,0,0,0,0,0,0,0,0,0,0,0,0,0
257,2020-09-14,0,0,0,0,0,0,0,0,0,0,0,0,0,0,0,0,0,0,0,0,0,0,0,0,0,0,0,0,0,0,0,0
258,2020-09-15,0,0,0,0,0,0,0,0,0,0,0,0,0,0,0,0,0,0,0,0,0,0,0,0,0,0,0,0,0,0,0,0
259,2020-09-16,0,0,0,0,0,0,0,0,0,0,0,0,0,0,0,0,0,0,0,0,0,0,0,0,0,0,0,0,0,0,0,0
260,2020-09-17,0,0,0,0,0,0,0,0,0,0,0,0,0,0,0,0,0,0,0,0,0,0,0,0,0,0,0,0,0,0,0,0
261,2020-09-18,0,0,0,0,0,0,0,0,0,0,0,0,0,0,0,0,0,0,0,0,0,0,0,0,0,0,0,0,0,0,0,0
262,2020-09-19,0,0,0,0,0,0,0,0,0,0,0,0,0,0,0,0,0,0,0,0,0,0,0,0,0,0,0,0,0,0,0,0
263,2020-09-20,0,0,0,0,0,0,0,0,0,0,0,0,0,0,0,0,0,0,0,0,0,0,0,0,0,0,0,0,0,0,0,0
264,2020-09-21,0,0,0,0,0,0,0,0,0,0,0,0,0,0,0,0,0,0,0,0,0,0,0,0,0,0,0,0,0,0,0,0
265,2020-09-22,0,0,0,0,0,0,0,0,0,0,0,0,0,0,0,0,0,0,0,0,0,0,0,0,0,0,0,0,0,0,0,0
266,2020-09-23,0,0,0,0,0,0,0,0,0,0,0,0,0,0,0,0,0,0,0,0,0,0,0,0,0,0,0,0,0,0,0,0
267,2020-09-24,0,0,0,0,0,0,0,0,0,0,0,0,0,0,0,0,0,0,0,0,0,0,0,0,0,0,0,0,0,0,0,0
268,2020-09-25,0,0,0,0,0,0,0,0,0,0,0,0,0,0,0,0,0,0,0,0,0,0,0,0,0,0,0,0,0,0,0,0
269,2020-09-26,0,0,0,0,0,0,0,0,0,0,0,0,0,0,0,0,0,0,0,0,0,0,0,0,0,0,0,0,0,0,0,0
270,2020-09-27,0,0,0,0,0,0,0,0,0,0,0,0,0,0,0,0,0,0,0,0,0,0,0,0,0,0,0,0,0,0,0,0
271,2020-09-28,0,0,0,0,0,0,0,0,0,0,0,0,0,0,0,0,0,0,0,0,0,0,0,0,0,0,0,0,0,0,0,0
272,2020-09-29,0,0,0,0,0,0,0,0,0,0,0,0,0,0,0,0,0,0,0,0,0,0,0,0,0,0,0,0,0,0,0,0
273,2020-09-30,0,0,0,0,0,0,0,0,0,0,0,0,0,0,0,0,0,0,0,0,0,0,0,0,0,0,0,0,0,0,0,0
274,2020-10-01,0,0,0,0,0,0,0,0,0,0,0,0,0,0,0,0,0,0,0,0,0,0,0,0,0,0,0,0,0,0,0,0
275,2020-10-02,0,0,0,0,0,0,0,0,0,0,0,0,0,0,0,0,0,0,0,0,0,0,0,0,0,0,0,0,0,0,0,0
276,2020-10-03,0,0,0,0,0,0,0,0,0,0,0,0,0,0,0,0,0,0,0,0,0,0,0,0,0,0,0,0,0,0,0,0
277,2020-10-04,0,0,0,0,0,0,0,0,0,0,0,0,0,0,0,0,0,0,0,0,0,0,0,0,0,0,0,0,0,0,0,0
278,2020-10-05,0,0,0,0,0,0,0,0,0,0,0,0,0,0,0,0,0,0,0,0,0,0,0,0,0,0,0,0,0,0,0,0
279,2020-10-06,0,0,0,0,0,0,0,0,0,0,0,0,0,0,0,0,0,0,0,0,0,0,0,0,0,0,0,0,0,0,0,0
280,2020-10-07,0,0,0,0,0,0,0,0,0,0,0,0,0,0,0,0,0,0,0,0,0,0,0,0,0,0,0,0,0,0,0,0
281,2020-10-08,0,0,0,0,0,0,0,0,0,0,0,0,0,0,0,0,0,0,0,0,0,0,0,0,0,0,0,0,0,0,0,0
282,2020-10-09,0,0,0,0,0,0,0,0,0,0,0,0,0,0,0,0,0,0,0,0,0,0,0,0,0,0,0,0,0,0,0,0
283,2020-10-10,0,0,0,0,0,0,0,0,0,0,0,0,0,0,0,0,0,0,0,0,0,0,0,0,0,0,0,0,0,0,0,0
284,2020-10-11,0,0,0,0,0,0,0,0,0,0,0,0,0,0,0,0,0,0,0,0,0,0,0,0,0,0,0,0,0,0,0,0
285,2020-10-12,0,0,0,0,0,0,0,0,0,0,0,0,0,0,0,0,0,0,0,0,0,0,0,0,0,0,0,0,0,0,0,0
286,2020-10-13,0,0,0,0,0,0,0,0,0,0,0,0,0,0,0,0,0,0,0,0,0,0,0,0,0,0,0,0,0,0,0,0
287,2020-10-14,0,0,0,0,0,0,0,0,0,0,0,0,0,0,0,0,0,0,0,0,0,0,0,0,0,0,0,0,0,0,0,0
288,2020-10-15,0,0,0,0,0,0,0,0,0,0,0,0,0,0,0,0,0,0,0,0,0,0,0,0,0,0,0,0,0,0,0,0
289,2020-10-16,0,0,0,0,0,0,0,0,0,0,0,0,0,0,0,0,0,0,0,0,0,0,0,0,0,0,0,0,0,0,0,0
290,2020-10-17,0,0,0,0,0,0,0,0,0,0,0,0,0,0,0,0,0,0,0,0,0,0,0,0,0,0,0,0,0,0,0,0
291,2020-10-18,0,0,0,0,0,0,0,0,0,0,0,0,0,0,0,0,0,0,0,0,0,0,0,0,0,0,0,0,0,0,0,0
292,2020-10-19,0,0,0,0,0,0,0,0,0,0,0,0,0,0,0,0,0,0,0,0,0,0,0,0,0,0,0,0,0,0,0,0
293,2020-10-20,0,0,0,0,0,0,0,0,0,0,0,0,0,0,0,0,0,0,0,0,0,0,0,0,0,0,0,0,0,0,0,0
294,2020-10-21,0,0,0,0,0,0,0,0,0,0,0,0,0,0,0,0,0,0,0,0,0,0,0,0,0,0,0,0,0,0,0,0
295,2020-10-22,0,0,0,0,0,0,0,0,0,0,0,0,0,0,0,0,0,0,0,0,0,0,0,0,0,0,0,0,0,0,0,0
296,2020-10-23,0,0,0,0,0,0,0,0,0,0,0,0,0,0,0,0,0,0,0,0,0,0,0,0,0,0,0,0,0,0,0,0
297,2020-10-24,0,0,0,0,0,0,0,0,0,0,0,0,0,0,0,0,0,0,0,0,0,0,0,0,0,0,0,0,0,0,0,0
298,2020-10-25,0,0,0,0,0,0,0,0,0,0,0,0,0,0,0,0,0,0,0,0,0,0,0,0,0,0,0,0,0,0,0,0
299,2020-10-26,0,0,0,0,0,0,0,0,0,0,0,0,0,0,0,0,0,0,0,0,0,0,0,0,0,0,0,0,0,0,0,0
300,2020-10-27,0,0,0,0,0,0,0,0,0,0,0,0,0,0,0,0,0,0,0,0,0,0,0,0,0,0,0,0,0,0,0,0
301,2020-10-28,0,0,0,0,0,0,0,0,0,0,0,0,0,0,0,0,0,0,0,0,0,0,0,0,0,0,0,0,0,0,0,0
302,2020-10-29,0,0,0,0,0,0,0,0,0,0,0,0,0,0,0,0,0,0,0,0,0,0,0,0,0,0,0,0,0,0,0,0
303,2020-10-30,0,0,0,0,0,0,0,0,0,0,0,0,0,0,0,0,0,0,0,0,0,0,0,0,0,0,0,0,0,0,0,0
304,2020-10-31,0,0,0,0,0,0,0,0,0,0,0,0,0,0,0,0,0,0,0,0,0,0,0,0,0,0,0,0,0,0,0,0
305,2020-11-01,0,0,0,0,0,0,0,0,0,0,0,0,0,0,0,0,0,0,0,0,0,0,0,0,0,0,0,0,0,0,0,0
306,2020-11-02,0,0,0,0,0,0,0,0,0,0,0,0,0,0,0,0,0,0,0,0,0,0,0,0,0,0,0,0,0,0,0,0
307,2020-11-03,0,0,0,0,0,0,0,0,0,0,0,0,0,0,0,0,0,0,0,0,0,0,0,0,0,0,0,0,0,0,0,0
308,2020-11-04,0,0,0,0,0,0,0,0,0,0,0,0,0,0,0,0,0,0,0,0,0,0,0,0,0,0,0,0,0,0,0,0
309,2020-11-05,0,0,0,0,0,0,0,0,0,0,0,0,0,0,0,0,0,0,0,0,0,0,0,0,0,0,0,0,0,0,0,0
310,2020-11-06,0,0,0,0,0,0,0,0,0,0,0,0,0,0,0,0,0,0,0,0,0,0,0,0,0,0,0,0,0,0,0,0
311,2020-11-07,0,0,0,0,0,0,0,0,0,0,0,0,0,0,0,0,0,0,0,0,0,0,0,0,0,0,0,0,0,0,0,0
312,2020-11-08,0,0,0,0,0,0,0,0,0,0,0,0,0,0,0,0,0,0,0,0,0,0,0,0,0,0,0,0,0,0,0,0
313,2020-11-09,0,0,0,0,0,0,0,0,0,0,0,0,0,0,0,0,0,0,0,0,0,0,0,0,0,0,0,0,0,0,0,0
314,2020-11-10,0,0,0,0,0,0,0,0,0,0,0,0,0,0,0,0,0,0,0,0,0,0,0,0,0,0,0,0,0,0,0,0
315,2020-11-11,0,0,0,0,0,0,0,0,0,0,0,0,0,0,0,0,0,0,0,0,0,0,0,0,0,0,0,0,0,0,0,0
316,2020-11-12,0,0,0,0,0,0,0,0,0,0,0,0,0,0,0,0,0,0,0,0,0,0,0,0,0,0,0,0,0,0,0,0
317,2020-11-13,0,0,0,0,0,0,0,0,0,0,0,0,0,0,0,0,0,0,0,0,0,0,0,0,0,0,0,0,0,0,0,0
318,2020-11-14,0,0,0,0,0,0,0,0,0,0,0,0,0,0,0,0,0,0,0,0,0,0,0,0,0,0,0,0,0,0,0,0
319,2020-11-15,0,0,0,0,0,0,0,0,0,0,0,0,0,0,0,0,0,0,0,0,0,0,0,0,0,0,0,0,0,0,0,0
320,2020-11-16,0,0,0,0,0,0,0,0,0,0,0,0,0,0,0,0,0,0,0,0,0,0,0,0,0,0,0,0,0,0,0,0
321,2020-11-17,0,0,0,0,0,0,0,0,0,0,0,0,0,0,0,0,0,0,0,0,0,0,0,0,0,0,0,0,0,0,0,0
322,2020-11-18,0,0,0,0,0,0,0,0,0,0,0,0,0,0,0,0,0,0,0,0,0,0,0,0,0,0,0,0,0,0,0,0
323,2020-11-19,0,0,0,0,0,0,0,0,0,0,0,0,0,0,0,0,0,0,0,0,0,0,0,0,0,0,0,0,0,0,0,0
324,2020-11-20,0,0,0,0,0,0,0,0,0,0,0,0,0,0,0,0,0,0,0,0,0,0,0,0,0,0,0,0,0,0,0,0
325,2020-11-21,0,0,0,0,0,0,0,0,0,0,0,0,0,0,0,0,0,0,0,0,0,0,0,0,0,0,0,0,0,0,0,0
326,2020-11-22,0,0,0,0,0,0,0,0,0,0,0,0,0,0,0,0,0,0,0,0,0,0,0,0,0,0,0,0,0,0,0,0
327,2020-11-23,0,0,0,0,0,0,0,0,0,0,0,0,0,0,0,0,0,0,0,0,0,0,0,0,0,0,0,0,0,0,0,0
328,2020-11-24,0,0,0,0,0,0,0,0,0,0,0,0,0,0,0,0,0,0,0,0,0,0,0,0,0,0,0,0,0,0,0,0
329,2020-11-25,0,0,0,0,0,0,0,0,0,0,0,0,0,0,0,0,0,0,0,0,0,0,0,0,0,0,0,0,0,0,0,0
330,2020-11-26,0,0,0,0,0,0,0,0,0,0,0,0,0,0,0,0,0,0,0,0,0,0,0,0,0,0,0,0,0,0,0,0
331,2020-11-27,0,0,0,0,0,0,0,0,0,0,0,0,0,0,0,0,0,0,0,0,0,0,0,0,0,0,0,0,0,0,0,0
332,2020-11-28,0,0,0,0,0,0,0,0,0,0,0,0,0,0,0,0,0,0,0,0,0,0,0,0,0,0,0,0,0,0,0,0
333,2020-11-29,0,0,0,0,0,0,0,0,0,0,0,0,0,0,0,0,0,0,0,0,0,0,0,0,0,0,0,0,0,0,0,0
334,2020-11-30,0,0,0,0,0,0,0,0,0,0,0,0,0,0,0,0,0,0,0,0,0,0,0,0,0,0,0,0,0,0,0,0
335,2020-12-01,0,0,0,0,0,0,0,0,0,0,0,0,0,0,0,0,0,0,0,0,0,0,0,0,0,0,0,0,0,0,0,0
336,2020-12-02,0,0,0,0,0,0,0,0,0,0,0,0,0,0,0,0,0,0,0,0,0,0,0,0,0,0,0,0,0,0,0,0
337,2020-12-03,0,0,0,0,0,0,0,0,0,0,0,0,0,0,0,0,0,0,0,0,0,0,0,0,0,0,0,0,0,0,0,0
338,2020-12-04,0,0,0,0,0,0,0,0,0,0,0,0,0,0,0,0,0,0,0,0,0,0,0,0,0,0,0,0,0,0,0,0
339,2020-12-05,0,0,0,0,0,0,0,0,0,0,0,0,0,0,0,0,0,0,0,0,0,0,0,0,0,0,0,0,0,0,0,0
340,2020-12-06,0,0,0,0,0,0,0,0,0,0,0,0,0,0,0,0,0,0,0,0,0,0,0,0,0,0,0,0,0,0,0,0
341,2020-12-07,0,0,0,0,0,0,0,0,0,0,0,0,0,0,0,0,0,0,0,0,0,0,0,0,0,0,0,0,0,0,0,0
342,2020-12-08,0,0,0,0,0,0,0,0,0,0,0,0,0,0,0,0,0,0,0,0,0,0,0,0,0,0,0,0,0,0,0,0
343,2020-12-09,0,0,0,0,0,0,0,0,0,0,0,0,0,0,0,0,0,0,0,0,0,0,0,0,0,0,0,0,0,0,0,0
344,2020-12-10,0,0,0,0,0,0,0,0,0,0,0,0,0,0,0,0,0,0,0,0,0,0,0,0,0,0,0,0,0,0,0,0
345,2020-12-11,0,0,0,0,0,0,0,0,0,0,0,0,0,0,0,0,0,0,0,0,0,0,0,0,0,0,0,0,0,0,0,0
346,2020-12-12,0,0,0,0,0,0,0,0,0,0,0,0,0,0,0,0,0,0,0,0,0,0,0,0,0,0,0,0,0,0,0,0
347,2020-12-13,0,0,0,0,0,0,0,0,0,0,0,0,0,0,0,0,0,0,0,0,0,0,0,0,0,0,0,0,0,0,0,0
348,2020-12-14,0,0,0,0,0,0,0,0,0,0,0,0,0,0,0,0,0,0,0,0,0,0,0,0,0,0,0,0,0,0,0,0
349,2020-12-15,0,0,0,0,0,0,0,0,0,0,0,0,0,0,0,0,0,0,0,0,0,0,0,0,0,0,0,0,0,0,0,0
350,2020-12-16,0,0,0,0,0,0,0,0,0,0,0,0,0,0,0,0,0,0,0,0,0,0,0,0,0,0,0,0,0,0,0,0
351,2020-12-17,0,0,0,0,0,0,0,0,0,0,0,0,0,0,0,0,0,0,0,0,0,0,0,0,0,0,0,0,0,0,0,0
352,2020-12-18,0,0,0,0,0,0,0,0,0,0,0,0,0,0,0,0,0,0,0,0,0,0,0,0,0,0,0,0,0,0,0,0
353,2020-12-19,0,0,0,0,0,0,0,0,0,0,0,0,0,0,0,0,0,0,0,0,0,0,0,0,0,0,0,0,0,0,0,0
354,2020-12-20,0,0,0,0,0,0,0,0,0,0,0,0,0,0,0,0,0,0,0,0,0,0,0,0,0,0,0,0,0,0,0,0
355,2020-12-21,0,0,0,0,0,0,0,0,0,0,0,0,0,0,0,0,0,0,0,0,0,0,0,0,0,0,0,0,0,0,0,0
356,2020-12-22,0,0,0,0,0,0,0,0,0,0,0,0,0,0,0,0,0,0,0,0,0,0,0,0,0,0,0,0,0,0,0,0
357,2020-12-23,0,0,0,0,0,0,0,0,0,0,0,0,0,0,0,0,0,0,0,0,0,0,0,0,0,0,0,0,0,0,0,0
358,2020-12-24,0,0,0,0,0,0,0,0,0,0,0,0,0,0,0,0,0,0,0,0,0,0,0,0,0,0,0,0,0,0,0,0
359,2020-12-25,0,0,0,0,0,0,0,0,0,0,0,0,0,0,0,0,0,0,0,0,0,0,0,0,0,0,0,0,0,0,0,0
360,2020-12-26,0,0,0,0,0,0,0,0,0,0,0,0,0,0,0,0,0,0,0,0,0,0,0,0,0,0,0,0,0,0,0,0
361,2020-12-27,0,0,0,0,0,0,0,0,0,0,0,0,0,0,0,0,0,0,0,0,0,0,0,0,0,0,0,0,0,0,0,0
362,2020-12-28,0,0,0,0,0,0,0,0,0,0,0,0,0,0,0,0,0,0,0,0,0,0,0,0,0,0,0,0,0,0,0,0
363,2020-12-29,0,0,0,0,0,0,0,0,0,0,0,0,0,0,0,0,0,0,0,0,0,0,0,0,0,0,0,0,0,0,0,0
364,2020-12-30,0,0,0,0,0,0,0,0,0,0,0,0,0,0,0,0,0,0,0,0,0,0,0,0,0,0,0,0,0,0,0,405
365,2020-12-31,0,0,0,0,0,0,0,0,0,0,0,0,0,0,0,0,0,0,0,0,0,0,0,0,0,0,0,0,0,0,0,1764
366,2021-01-01,0,0,0,0,0,0,0,0,0,0,0,0,0,0,0,0,0,0,0,0,0,0,0,0,0,0,0,0,0,0,0,4108
367,2021-01-02,0,0,0,0,0,0,0,0,0,0,0,0,0,0,0,0,0,0,0,0,0,0,0,0,0,0,0,0,0,0,0,4108
368,2021-01-03,0,0,0,0,0,0,0,0,0,0,0,0,0,0,0,0,0,0,0,0,0,0,0,0,0,0,0,0,0,0,0,4108
369,2021-01-04,0,0,0,0,0,0,0,0,0,0,0,0,0,0,0,0,0,0,0,0,0,0,0,0,0,0,0,0,0,0,0,5024
370,2021-01-05,0,0,0,0,0,0,0,0,0,0,0,0,0,0,0,0,0,0,0,0,0,0,0,0,0,0,0,0,0,0,0,8341
371,2021-01-06,0,0,0,0,50,0,0,0,0,0,0,0,0,0,0,0,0,0,0,0,0,0,0,0,0,0,0,0,0,0,0,12204
372,2021-01-07,0,0,0,0,50,0,0,0,0,0,0,0,0,0,0,0,0,0,0,0,0,0,0,0,0,0,0,0,0,0,0,17151
373,2021-01-08,0,0,0,0,50,0,0,0,0,0,0,0,0,0,0,0,0,0,0,0,0,0,0,0,0,0,0,0,0,0,0,18836
374,2021-01-09,0,0,0,0,50,0,0,0,0,0,0,0,0,0,0,0,0,0,0,0,0,0,0,0,0,0,0,0,0,0,0,18946
375,2021-01-10,0,0,0,0,50,0,0,0,0,0,0,0,0,0,0,0,0,0,0,0,0,0,0,0,0,0,0,0,0,0,0,20168
376,2021-01-11,0,0,0,0,50,0,0,0,0,0,1,0,0,0,0,0,0,0,0,0,0,0,0,0,0,0,0,0,0,0,6,20991
377,2021-01-12,0,0,0,0,50,0,0,0,0,0,3,0,6,0,0,1,0,5,0,0,0,0,0,0,0,0,0,0,0,0,12,26079
378,2021-01-13,59,0,0,0,163,0,0,30,0,0,6,0,6,0,0,1,0,5,0,0,0,0,0,0,0,0,0,0,0,0,26,32279
379,2021-01-14,234,0,4,0,163,0,0,30,0,0,14,0,6,0,0,10,0,11,0,0,0,0,0,0,0,0,0,0,0,0,40,39516
380,2021-01-15,234,0,4,0,163,0,0,30,0,0,19,0,9,0,0,19,0,11,0,0,0,0,0,0,0,0,0,0,0,0,42,43152
381,2021-01-16,234,0,4,0,244,0,0,30,0,0,19,0,19,0,0,26,0,11,0,0,0,0,0,0,0,7,0,0,0,0,42,44227
382,2021-01-17,262,0,4,0,244,0,0,41,0,0,19,0,22,0,0,26,0,11,0,0,0,0,0,0,0,107,0,0,0,0,42,46495
383,2021-01-18,265,0,4,0,244,0,0,41,0,0,19,0,22,0,0,26,0,11,0,0,0,0,0,0,0,207,0,4,0,0,42,47685
384,2021-01-19,356,0,4,0,244,0,0,72,0,0,24,0,40,0,0,36,609,17,0,0,0,0,0,0,0,307,0,4,0,0,73,53002
385,2021-01-20,449,0,19,0,400,0,0,111,0,0,39,0,108,0,0,66,1310,17,0,0,0,0,0,0,0,407,0,4,0,0,135,59505
386,2021-01-21,449,0,54,0,641,0,0,162,0,0,53,0,217,0,0,125,1879,23,0,0,0,0,0,80,0,507,0,51,0,0,184,66883
387,2021-01-22,608,0,128,0,957,0,0,162,0,0,64,0,474,0,0,227,2688,30,0,0,0,0,0,137,0,607,0,51,0,0,245,74558
388,2021-01-23,851,21,210,0,1311,0,0,249,111,0,83,0,798,0,0,337,2688,38,0,0,0,0,0,151,0,707,0,79,0,0,313,81908
389,2021-01-24,940,127,238,0,1616,0,0,266,168,0,87,0,896,0,0,407,2688,38,0,0,0,0,0,152,0,770,0,79,0,0,331,85141
390,2021-01-25,940,233,242,0,1821,0,0,281,225,0,88,0,948,0,0,448,2688,40,0,0,0,0,0,153,0,833,0,79,0,0,331,86824
391,2021-01-26,1113,339,292,0,2156,0,0,367,282,0,95,0,1297,0,0,520,3406,40,0,0,0,0,0,157,0,896,0,79,0,0,394,93196
392,2021-01-27,1281,445,432,0,2418,0,0,483,338,0,108,0,1839,0,0,597,3406,54,0,0,0,0,0,194,0,958,0,79,0,0,483,101259
393,2021-01-28,1427,551,623,0,2613,0,0,600,394,0,119,0,2409,0,0,683,3406,66,0,0,0,0,0,280,0,1021,0,120,0,0,577,110289
394,2021-01-29,1572,657,828,0,2958,0,0,733,450,0,134,0,3135,0,0,753,3406,81,0,0,0,0,0,354,0,1084,0,178,0,0,667,120460
395,2021-01-30,1724,763,1034,0,3363,0,0,854,507,0,144,0,3738,796,0,819,3406,81,0,0,0,0,0,393,0,1148,0,218,0,0,758,130284
396,2021-01-31,1774,880,1079,0,3683,0,0,883,518,0,145,0,3914,1301,0,864,3407,86,0,0,0,0,0,400,0,1301,1,218,0,0,795,135245
397,2021-02-01,1782,997,1107,0,3921,0,0,905,529,0,145,38,4009,1569,0,873,3711,87,0,0,0,0,0,403,101,1454,43,218,1,59,800,137579
398,2021-02-02,1869,1113,1204,0,4277,0,0,1015,540,0,150,104,4760,2170,0,948,4055,89,0,25,1,0,0,414,303,1607,92,218,372,176,898,143308
399,2021-02-03,1940,1229,1372,4,4606,0,0,1125,551,0,156,170,5903,2914,5,1020,4335,89,0,43,4,0,0,454,641,1761,141,223,906,293,1041,151855
400,2021-02-04,1989,1346,1557,10,4867,0,0,1243,562,0,163,236,7107,3604,41,1093,4577,89,0,56,7,0,0,542,964,1914,190,233,1388,410,1210,161997
401,2021-02-05,2028,1462,1822,17,5193,0,0,1379,573,0,175,301,8493,4168,79,1171,4721,91,0,64,7,0,0,617,1296,2068,239,242,1768,527,1405,173715
402,2021-02-06,2070,1580,2085,23,5468,0,0,1508,586,0,185,367,9552,4777,115,1230,4848,92,0,66,12,0,0,646,1586,2222,288,252,2140,644,1571,186008
403,2021-02-07,2078,1619,2158,23,5668,0,6,1536,590,0,187,432,9887,5124,132,1266,4901,93,0,66,12,0,0,649,1720,2275,337,253,2364,761,1620,192502
404,2021-02-08,2081,1657,2174,23,5774,5,11,1556,594,0,188,499,9971,5357,145,1276,4948,93,0,66,12,0,0,649,1781,2328,388,253,2601,879,1630,195394
405,2021-02-09,2143,1695,2273,28,5906,1,16,1639,598,0,191,551,10656,5822,171,1288,5001,93,0,66,12,7,0,655,2154,2381,445,253,2773,952,1767,203054
406,2021-02-10,2187,1733,2371,42,6094,1,21,1731,602,0,197,603,11536,6279,198,1298,5040,93,0,88,12,15,0,677,2858,2434,502,255,2901,1025,1958,212373
407,2021-02-11,2227,1771,2490,55,6212,1,26,1809,606,0,202,654,12477,6725,273,1318,5114,93,0,121,19,21,0,778,3526,2486,559,257,3091,1098,2152,223330
408,2021-02-12,2243,1810,2632,67,6343,1,31,1871,610,0,211,705,13567,7146,396,1327,5167,93,0,151,25,27,10,872,4040,2538,615,260,3254,1171,2360,235340
409,2021-02-13,2250,1853,2739,75,6450,1,36,1921,614,0,221,756,14366,7584,595,1339,5217,93,0,174,31,32,169,904,4276,2590,671,263,3340,1243,2540,247302
410,2021-02-14,2247,1877,2752,75,6504,1,41,1927,624,0,223,807,14618,7879,800,1342,5247,93,0,175,31,36,354,905,4386,2621,728,263,3427,1316,2587,253885
411,2021-02-15,2255,1899,2758,75,6527,1,44,1936,634,0,225,860,14673,8120,938,1346,5286,93,0,175,33,39,540,906,4557,2651,786,263,3525,1390,2601,256938
412,2021-02-16,2275,1921,2797,82,6647,1,47,1970,644,0,231,887,15147,8637,983,1353,5331,93,0,184,35,45,726,909,4764,2681,848,263,3565,1437,2704,263908
413,2021-02-17,2323,1943,2891,97,6707,1,50,2007,652,0,241,913,15783,9230,1019,1361,5399,94,0,198,39,52,912,968,5245,2712,911,265,3671,1483,2822,272513
414,2021-02-18,2415,1966,2983,121,6745,4,53,2045,661,23,254,940,16427,9792,1039,1373,5488,96,0,212,44,59,1098,1190,5807,2742,974,267,3799,1531,2942,283703
415,2021-02-19,2505,1988,3071,149,6808,5,56,2086,670,23,271,967,17145,10343,1169,1384,5613,97,0,223,49,65,1284,1417,6272,2773,1036,271,4004,1577,3058,295954
416,2021-02-20,2621,2010,3135,170,6898,7,59,2130,678,23,283,993,17730,10943,1296,1411,5765,98,0,228,53,73,1474,1508,6457,2807,1097,271,4044,1624,3162,307689
417,2021-02-21,2644,2046,3144,170,6963,9,62,2136,722,23,286,1020,17927,11336,1355,1417,5886,98,0,228,53,78,1617,1514,6522,2858,1160,271,4083,1670,3177,315108
418,2021-02-22,2651,2082,3148,170,7016,11,69,2146,765,23,286,1045,17991,11599,1377,1419,5973,98,0,229,53,82,1760,1516,6572,2910,1222,271,4131,1718,3187,317794
419,2021-02-23,2794,2118,3173,184,7109,13,76,2181,808,23,294,1093,18419,12078,1397,1428,6209,100,0,229,53,89,1903,1518,6948,2963,1270,271,4218,1770,3275,325299
420,2021-02-24,2918,2153,3245,210,7194,16,83,2225,852,23,314,1141,19010,12618,1406,1464,6514,101,0,237,54,96,2046,1569,7340,3014,1317,271,4355,1821,3398,334524
421,2021-02-25,3019,2189,3308,236,7280,30,90,2275,896,23,336,1190,19659,13313,1423,1541,6913,104,0,276,60,99,2191,1775,7884,3066,1366,291,4660,1873,3541,345440
422,2021-02-26,3060,2225,3384,269,7394,43,97,2331,940,23,359,1238,20433,13996,1564,1595,7406,112,0,343,68,105,2335,1962,8428,3119,1415,352,5052,1925,3678,356764
423,2021-02-27,3094,2258,3437,291,7518,48,104,2387,983,23,371,1287,21123,14708,1745,1633,7932,121,0,398,73,114,2479,2033,8713,3169,1464,413,5258,1977,3813,368761
424,2021-02-28,3095,2339,3438,294,7629,53,112,2398,1078,23,371,1336,21320,15260,1783,1642,8345,122,0,398,73,121,2668,2040,8892,3302,1513,418,5464,2030,3840,376308
425,2021-03-01,3095,2419,3443,294,7648,58,121,2409,1173,23,371,1386,21395,15630,1792,1668,8592,122,0,398,75,126,2858,2041,8982,3435,1564,418,5672,2083,3850,379486
426,2021-03-02,3103,2500,3461,305,7666,64,130,2466,1268,23,375,1485,21754,16267,1843,1684,9105,127,0,433,77,135,3049,2048,9213,3568,1612,418,5996,2164,3936,385064
427,2021-03-03,3112,2581,3502,326,7742,121,138,2543,1363,23,390,1585,22221,16979,1905,1733,9696,137,1,436,90,145,3240,2107,9578,3702,1660,426,6392,2245,4046,392228
428,2021-03-04,3291,2662,3570,353,7788,177,146,2628,1459,23,422,1684,22693,17846,2052,1819,10339,152,2,474,97,154,3431,2304,10238,3836,1708,469,7000,2325,4139,400520
429,2021-03-05,3770,2744,3667,381,7862,234,155,2740,1556,226,469,1785,23329,18696,2302,1896,11098,164,3,532,106,165,3625,2477,10966,3972,1757,544,8160,2409,4240,407984
430,2021-03-06,4320,2825,3827,494,8094,281,164,2845,1654,271,502,1886,23904,19637,2627,1980,11893,174,3,596,115,179,3820,2575,11434,4106,1805,600,8551,2491,4320,415071
431,2021-03-07,4605,2965,3868,528,8404,328,173,2862,1787,271,506,1987,24065,20334,2790,2032,12573,179,3,604,116,185,4107,2579,11692,4339,1855,622,8943,2574,4341,420194
432,2021-03-08,4787,3104,3886,626,8675,374,192,2873,1919,287,509,2086,24124,20875,2859,2041,13020,185,3,604,117,191,4393,2579,11809,4570,1903,622,9332,2654,4352,422684
433,2021-03-09,5388,3242,3977,722,8944,421,211,2964,2052,301,526,2208,24474,21775,2890,2076,13940,200,3,638,118,201,4680,2604,12186,4802,1968,625,9912,2774,4415,428253
434,2021-03-10,6148,3381,4086,862,9224,499,230,3081,2185,301,559,2331,24972,22787,3016,2198,14871,221,4,706,124,216,4969,2665,12806,5033,2034,638,10887,2895,4500,436020
435,2021-03-11,6963,3521,4225,1026,9520,579,257,3208,2320,301,561,2456,25539,23886,3372,2355,15939,260,4,805,130,233,5260,2772,13442,5268,2099,700,12198,3018,4587,447080
436,2021-03-12,7610,3664,4441,1189,9912,673,285,3377,2458,460,595,2583,26489,25133,3486,2525,17046,297,4,907,136,243,5557,2869,14121,5509,2168,801,13685,3144,4673,460695
437,2021-03-13,8281,3809,4680,1316,10441,713,314,3529,2597,554,643,2711,27556,26529,3890,2678,18227,327,4,992,141,249,5856,2946,14781,5753,2235,869,14340,3270,4741,475198
438,2021-03-14,8432,4019,4714,1363,10955,753,330,3555,2737,554,652,2838,28044,27558,4975,2762,19322,332,4,999,143,249,6112,2950,15009,5944,2305,876,14993,3395,4758,484990
439,2021-03-15,8486,4224,4718,1386,11333,792,346,3577,2874,554,653,2962,28123,28310,5044,2783,19984,332,4,999,144,252,6362,2954,15227,6131,2370,876,15630,3516,4767,489913
440,2021-03-16,9116,4431,4823,1476,11766,831,362,3760,3011,557,674,3109,28751,29717,5385,2835,21035,344,4,1067,145,263,6614,3010,15628,6319,2460,876,16334,3708,4858,500761
441,2021-03-17,9757,4638,4981,1639,12372,920,378,4014,3149,557,700,3256,29703,31304,5730,2948,22278,360,4,1147,151,275,6866,3116,16322,6507,2550,895,17558,3899,4957,513770
442,2021-03-18,10368,4846,5212,1677,13016,1009,394,4305,3289,557,726,3404,30813,32990,5987,3069,23664,396,4,1239,158,294,7121,3288,17038,6697,2641,956,18962,4092,5093,529221
443,2021-03-19,11306,5055,5603,1822,13721,1099,410,4620,3428,834,773,3553,32364,34729,6730,3245,25107,450,5,1335,169,315,7375,3437,17843,6887,2732,1020,20936,4285,5245,546583
444,2021-03-20,12256,5268,5973,1943,14522,1146,427,4896,3571,1026,825,3705,34288,36741,7556,3422,26596,494,6,1422,179,334,7635,3551,18333,7081,2825,1061,21578,4481,5368,564129
445,2021-03-21,12743,5580,6047,1966,15204,1192,444,5010,3628,1063,858,3854,36272,38213,7859,3520,27924,500,6,1425,184,355,7866,3555,18806,7215,2917,1072,22213,4676,5396,575843
446,2021-03-22,12853,5888,6058,1979,15731,1238,461,5119,3684,1063,866,4002,37437,39302,8060,3533,28719,500,6,1425,186,368,8092,3556,19011,7348,3009,1072,22849,4868,5408,582056
447,2021-03-23,13802,6197,6207,2025,16456,1285,477,5399,3740,1063,897,4169,38459,41078,8479,3595,30003,515,6,1500,188,391,8320,3605,19219,7481,3153,1084,23873,5101,5521,595269
448,2021-03-24,14879,6506,6412,2090,17089,1358,492,5743,3798,1063,934,4334,40098,42967,9056,3727,31401,536,7,1598,198,416,8547,3731,19916,7614,3296,1118,24880,5333,5672,611369
449,2021-03-25,16396,6817,6671,2145,17796,1431,507,6137,3856,1069,971,4501,41815,45093,9460,3856,32950,558,8,1722,217,437,8777,3935,20845,7747,3442,1164,26108,5568,5836,629739
450,2021-03-26,17876,7128,7097,2279,18691,1504,523,6565,3913,1352,1047,4668,44134,47242,10229,4032,34538,581,9,1727,243,468,9006,4047,21767,7881,3587,1221,27051,5802,6003,650104
451,2021-03-27,19015,7445,7398,2362,19747,1578,538,6936,3972,1778,1101,4837,46982,49738,10841,4199,36013,629,9,1828,267,493,9242,4066,22297,8021,3735,1301,27492,6039,6137,668772
452,2021-03-28,19185,7703,7471,2369,20729,1651,553,7097,4034,1930,1151,5003,49174,51553,11080,4277,37238,636,9,1836,277,513,9360,4066,22512,8134,3879,1361,27923,6272,6168,680768
453,2021-03-29,19271,7959,7474,2371,21585,1723,568,7213,4097,1936,1199,5166,49781,52831,11222,4280,37937,636,9,1836,282,528,9479,4066,22603,8248,4022,1361,28349,6503,6179,686687
454,2021-03-30,20234,8201,7705,2381,22642,1791,582,7464,4155,2027,1228,5324,51191,54525,11334,4303,38875,667,9,1896,287,552,9591,4067,22801,8355,4165,1372,28754,6644,6274,700007
455,2021-03-31,21219,8442,8085,2402,23682,1859,596,7807,4213,2096,1260,5482,52444,55519,11780,4381,39487,667,9,1946,309,590,9703,4118,23148,8462,4307,1376,29325,6784,6406,717141
456,2021-04-01,22305,8683,8433,2425,24885,1927,610,8137,4270,2152,1304,5640,53781,56628,12174,4423,40245,667,9,1965,330,608,9814,4326,23956,8569,4449,1379,29675,6925,6542,736010
457,2021-04-02,23179,8933,8976,2444,26279,1998,625,8483,4331,2180,1364,5805,55320,57723,12502,4529,41024,667,9,1989,353,638,9928,4522,24759,8678,4596,1392,30165,7071,6689,756285
458,2021-04-03,24018,9193,9434,2479,27779,2071,640,8803,4393,2211,1423,5974,57481,59241,12901,4625,41944,670,9,2016,375,650,10047,4588,25227,8786,4747,1417,30411,7222,6813,775648
459,2021-04-04,24370,9401,9632,2502,28988,2142,655,8944,4461,2257,1442,6142,59041,60814,13300,4673,43014,673,9,2019,383,669,10273,4592,25413,9136,4898,1453,30659,7371,6841,788011
460,2021-04-05,24543,9609,9637,2518,29805,2212,668,9016,4527,2275,1453,6309,59521,62016,13545,4705,43823,673,9,2019,386,688,10499,4593,25490,9483,5049,1453,30906,7521,6853,794251
461,2021-04-06,25205,9818,9897,2563,31153,2282,682,9247,4596,2668,1470,6455,61128,63847,13989,4776,45063,695,9,2084,389,725,10727,4608,25939,9833,5180,1462,31150,7686,6971,808538
462,2021-04-07,26084,10026,10299,2635,32303,2338,695,9497,4662,2885,1494,6601,63486,65876,14558,4894,46538,743,9,2151,406,761,10953,4734,26858,10183,5310,1498,31575,7850,7131,826169
463,2021-04-08,26433,10237,10790,2738,33897,2395,708,9750,4730,2978,1542,6748,65928,68253,15063,5023,48178,795,10,2265,421,794,11183,5110,28177,10535,5442,1567,32447,8016,7315,845786
464,2021-04-09,27265,10447,11354,2842,35648,2451,721,9999,4798,3080,1621,6895,69168,70645,15599,5219,49957,838,11,2360,437,831,11412,5482,29417,10887,5573,1679,33435,8182,7536,865837
465,2021-04-10,28045,10657,11827,2939,37634,2507,734,10225,4865,3184,1674,7041,72550,73340,16212,5402,51795,869,12,2451,453,873,11641,5648,30635,11242,5704,1808,34484,8346,7735,884113
466,2021-04-11,28530,10849,12002,2968,39170,2565,747,10303,4973,3225,1693,7186,74374,75401,16514,5510,53423,870,12,2479,463,911,12057,5654,31122,11430,5833,1870,35752,8510,7800,896035
467,2021-04-12,28723,11040,12017,2984,40516,2623,760,10360,5081,3225,1696,7330,74947,76759,16682,5626,54582,870,12,2479,474,940,12469,5657,31609,11617,5964,1881,37013,8673,7829,902305
468,2021-04-13,29798,11230,12192,3046,42221,2736,773,10538,5189,3400,1713,7505,76849,78787,17104,5743,56251,884,12,2535,485,980,12881,5703,32413,11804,6109,1890,38277,8926,8010,916707
469,2021-04-14,31245,11418,12439,3140,43752,2848,786,10767,5294,3475,1736,7676,79477,80942,17521,5887,58051,923,13,2596,505,1019,13286,6003,33208,11987,6251,1960,39444,9175,8257,934664
470,2021-04-15,32805,11606,13122,3247,45741,2960,799,10979,5400,3593,1777,7848,81906,83081,18046,6068,60046,964,13,2716,524,1060,13691,6345,34755,12171,6393,2082,41483,9424,8468,956143
471,2021-04-16,33887,11799,13847,3350,47606,3136,812,11212,5508,3810,1850,8023,84875,85344,18884,6251,61910,996,13,2864,548,1107,14106,6435,36378,12359,6539,2238,43633,9678,8671,978450
472,2021-04-17,34502,11989,14431,3437,49122,3270,824,11275,5614,3861,1882,8196,87449,86801,19604,6317,63788,1000,13,2978,570,1142,14511,6474,37660,12540,6682,2330,44379,9926,8724,996320
473,2021-04-18,35187,12277,14612,3466,50898,3299,836,11306,5749,3914,1953,8370,88744,88357,20313,6343,65354,1029,13,3051,593,1164,14988,6477,37848,12883,6827,2357,45125,10179,8757,1007727
474,2021-04-19,35638,12565,14613,3476,52020,3328,857,11328,5885,3946,1988,8544,89173,89697,20781,6376,66068,1029,13,3072,604,1183,15465,6480,38036,13228,6972,2371,45977,10434,8766,1012147
475,2021-04-20,37077,12851,14728,3521,53577,3333,877,11359,6021,4242,2010,8762,89801,91353,21451,6488,67316,1053,13,3105,614,1203,15938,6494,38090,13568,7099,2371,46839,10756,8806,1027799
476,2021-04-21,38764,13132,15072,3586,55315,3338,897,11504,6154,4532,2030,8978,91783,94065,22400,6654,69242,1096,13,3209,637,1228,16406,6666,39534,13905,7223,2391,48907,11073,8970,1048140
477,2021-04-22,40872,13414,15423,3682,57299,3384,917,11721,6286,4898,2072,9194,94160,99795,23040,6835,71480,1175,13,3315,656,1250,16873,7208,40979,14241,7347,2446,51630,11392,9202,1070897
478,2021-04-23,43044,13704,16461,3837,59564,3462,947,12084,6422,4990,2180,9417,97331,105716,23802,7026,73834,1237,13,3518,677,1272,17354,7751,43392,14588,7475,2582,55136,11721,9467,1093571
479,2021-04-24,45156,13989,17567,3949,62208,3626,977,12444,6559,5051,2267,9638,101129,110651,24461,7127,76199,1280,13,3793,700,1299,17830,8008,45071,14931,7602,2753,58540,12046,9725,1114842
480,2021-04-25,45960,14353,18162,3979,64292,3760,994,12583,6801,5061,2277,9857,103069,113447,25146,7153,78521,1294,13,3934,719,1310,18643,8018,46736,15493,7728,2835,60124,12367,9814,1129772
481,2021-04-26,46395,14720,18199,3990,65950,3796,1012,12678,7045,5064,2278,10078,103625,115412,25749,7227,80025,1294,14,3949,735,1323,19462,8022,47213,16060,7858,2848,61718,12689,9843,1137588
482,2021-04-27,48001,15087,18567,4043,68887,3852,1029,13031,7288,5071,2291,10347,105833,118513,26393,7331,81933,1314,15,4025,752,1341,20278,8057,48047,16625,7946,2862,63315,13218,10119,1152176
483,2021-04-28,49476,15451,19163,4123,71252,3922,1047,13364,7529,5442,2310,10613,108678,123378,27008,7517,83986,1347,17,4171,784,1366,21087,8295,49547,17185,8035,2890,65715,13743,10446,1167744
484,2021-04-29,50916,15813,19864,4226,73871,4000,1065,13718,7770,5707,2358,10880,111394,130023,27498,7765,86225,1402,19,4354,816,1390,21898,8921,51400,17746,8123,2963,68600,14267,10796,1183179
485,2021-04-30,52122,16183,20657,4331,76596,4177,1082,14162,8015,5979,2444,11151,114545,135730,28000,8022,88601,1450,21,4520,845,1415,22721,9535,53267,18316,8214,3048,72154,14801,11157,1198825
486,2021-05-01,53199,16550,21372,4424,79548,4364,1099,14571,8263,6243,2518,11422,117703,140476,28502,8168,91240,1527,23,4664,876,1444,23548,9808,54346,18894,8304,3125,75600,15336,11488,1213191
487,2021-05-02,53571,16941,21859,4441,81697,4482,1132,14725,8456,6624,2529,11693,119442,143292,28997,8176,93813,1582,23,4684,914,1472,24290,9826,55423,19180,8394,3145,76968,15871,11613,1223255
488,2021-05-03,53757,17325,21914,4446,83495,4493,1165,14848,8647,6648,2536,11959,119961,145394,29124,8239,95556,1588,25,4684,918,1481,25019,9837,56481,19460,8482,3155,78310,16393,11667,1228432
489,2021-05-04,54458,17710,22439,4487,85729,4520,1198,15252,8840,6980,2545,12210,121883,148500,29596,8377,97633,1617,27,4728,922,1511,25751,9896,57554,19741,8598,3175,79666,16915,11987,1238319
490,2021-05-05,55448,18098,22878,4556,87838,4596,1240,15644,9033,7389,2561,12462,124252,153381,30028,8625,99848,1667,31,4829,930,1543,26488,10081,59143,20025,8714,3225,81083,17440,12374,1250570
491,2021-05-06,56922,18487,23690,4661,90670,4716,1278,16087,9226,7888,2600,12714,126620,159638,30548,8915,102230,1731,33,4954,954,1571,27226,10634,61099,20309,8829,3296,83845,17964,12787,1262984
492,2021-05-07,58430,18871,24523,4782,93868,4858,1325,16583,9417,8316,2675,12963,129268,164888,31380,9220,104667,1798,35,5096,977,1598,27954,11106,63218,20588,8942,3366,86175,18484,13231,1275514
493,2021-05-08,60102,19258,25121,4870,97051,5021,1372,17038,9611,8773,2725,13213,131990,169235,32004,9435,107215,1878,36,5246,1001,1633,28686,11276,65192,20868,9057,3463,88589,19005,13631,1287432
494,2021-05-09,60939,19640,25533,4884,99573,5105,1419,17202,9797,8937,2732,13464,133725,172036,32133,9525,109726,1928,36,5281,1019,1659,29434,11280,66295,21328,9174,3484,90395,19528,13815,1296085
495,2021-05-10,61386,20016,25593,4892,101596,5158,1466,17335,9982,9010,2742,13710,134411,174145,32253,9667,111750,1939,36,5282,1019,1663,30171,11282,67409,21782,9288,3488,92181,20041,13904,1300868
496,2021-05-11,62878,20390,26105,4937,103889,5174,1512,17781,10165,9334,2755,13961,136426,177413,32944,9898,114141,1963,36,5325,1030,1694,30900,11305,68795,22232,9441,3490,94173,20514,14240,1309439
497,2021-05-12,64215,20760,26452,5015,106051,5267,1558,18218,10346,9791,2785,14211,138988,184286,33786,10131,116520,2004,36,5430,1035,1721,31626,11489,70184,22680,9593,3494,96443,20986,14676,1319453
498,2021-05-13,65439,21133,27173,5129,108299,5350,1604,18745,10527,10204,2845,14462,141707,193561,34656,10416,118985,2103,38,5561,1068,1747,32354,12020,71556,23129,9746,3525,98804,21459,15134,1329747
499,2021-05-14,66557,21509,27974,5212,110887,5656,1651,19339,10711,10826,2918,14716,144955,200904,35055,10738,122240,2196,40,5681,1103,1775,33089,12508,74909,23584,9900,3578,100966,21936,15568,1339708
500,2021-05-15,67288,21887,28519,5268,113284,5830,1697,19900,10902,11334,2965,14970,148271,206584,36050,10886,125317,2275,43,5775,1138,1801,33830,12737,76356,24045,10054,3632,102279,22412,16027,1349458
501,2021-05-16,67443,22323,28877,5303,115236,5870,1744,20073,11078,11786,2972,15223,149786,208858,36422,10998,127896,2331,43,5831,1174,1824,34488,12750,77789,24548,10208,3636,103594,22889,16257,1355582
502,2021-05-17,67706,22760,28915,5324,116704,5880,1805,20245,11255,12143,2986,15479,150677,210641,36515,11128,130204,2344,43,5832,1189,1838,35147,12759,78246,25052,10362,3647,104889,23372,16364,1358875
503,2021-05-18,68608,23198,29526,5372,118701,5958,1866,20858,11433,12568,3005,15745,153354,213757,36765,11373,132884,2361,43,5922,1205,1872,35809,12791,78774,25558,10560,3692,106630,23816,16820,1364823
504,2021-05-19,69855,23637,30171,5429,120665,6120,1928,21463,11609,12866,3049,16012,156253,220507,36981,11667,135788,2441,43,6025,1237,1908,36471,12896,80777,26065,10759,3757,109478,24261,17308,1372202
505,2021-05-20,71361,24076,30953,5480,123124,6358,1990,22131,11788,13252,3115,16279,159272,229414,37261,12008,138931,2528,45,6139,1277,1958,37134,13269,82775,26573,10959,3850,112045,24706,17777,1379577
506,2021-05-21,72648,24518,31766,5523,126223,6691,2053,22868,11966,13682,3191,16548,162784,236578,37712,12377,142151,2650,47,6274,1321,2004,37800,13586,85356,27083,11159,3991,114785,25153,18304,1386570
507,2021-05-22,73630,24955,32675,5593,129643,7037,2124,23570,12142,14048,3245,16816,166123,242264,38237,12608,145427,2756,47,6442,1359,2036,38466,13722,87646,27594,11358,4111,116392,25597,18794,1393469
508,2021-05-23,73910,25374,33408,5629,132455,7328,2194,23837,12345,14186,3271,17081,168138,244631,38474,12787,148395,2846,47,6569,1408,2054,39264,13726,89425,28001,11556,4159,117993,26041,19057,1397740
509,2021-05-24,74078,25795,33483,5665,134879,7435,2265,24059,12550,14234,3281,17351,169411,246324,38633,13055,150768,2858,48,6633,1426,2062,40065,13730,90131,28408,11755,4172,119609,26488,19183,1399912
510,2021-05-25,74785,26214,34207,5717,137778,7576,2336,24721,12754,14486,3300,17564,172294,250130,39000,13369,153455,2903,49,6777,1444,2121,40861,13762,91430,28813,11969,4191,121752,26846,19606,1404396
511,2021-05-26,75512,26633,34752,5803,140363,7794,2416,25411,12958,14723,3333,17776,175967,258066,39339,13655,156218,3019,51,6920,1478,2145,41656,13936,93374,29217,12183,4266,124407,27204,20103,1410280
512,2021-05-27,75997,27048,35366,5913,143313,8068,2523,26131,13158,14891,3386,17987,179823,267892,39681,13982,159183,3160,51,7085,1515,2179,42448,14301,95653,29621,12395,4416,126582,27561,20585,1416083
513,2021-05-28,76351,27467,35734,6021,146671,8346,2590,26893,13361,15102,3436,18200,182958,270292,40247,14325,162358,3296,51,7236,1551,2214,43245,14417,97940,30028,12609,4593,129759,27921,20866,1424400
514,2021-05-29,76682,27891,36106,6122,150299,8609,2655,27612,13561,15485,3489,18412,187057,274989,40899,14582,165572,3401,51,7381,1589,2249,44049,14515,99899,30425,12823,4747,131002,28278,21263,1433992
515,2021-05-30,77084,28361,36387,6145,153388,8873,2678,27899,13829,15639,3516,18624,190422,277101,41303,14792,168858,3468,51,7406,1620,2274,44813,14532,101328,30858,13036,4808,132241,28636,21537,1441897
516,2021-05-31,77329,28836,36416,6164,156157,8893,2703,28135,14098,15783,3523,18839,192327,278590,41659,15118,171387,3504,51,7408,1642,2284,45583,14543,101946,31295,13252,4809,133505,28998,21685,1446398
517,2021-06-01,78135,29312,37212,6227,159610,8991,2780,28797,14368,16033,3576,19074,195776,281902,42351,15478,173897,3569,51,7510,1664,2303,46355,14554,102972,31731,13448,4840,135124,29321,22074,1454394
518,2021-06-02,79537,29785,38166,6330,161970,9228,2831,29452,14636,16207,3628,19309,199969,287106,43049,15818,176483,3666,51,7609,1705,2330,47123,14618,104868,32166,13643,4934,137405,29644,22548,1463261
519,2021-06-03,80733,30258,38890,6450,164915,9515,2902,30161,14905,16404,3676,19542,204240,292775,43415,16182,179318,3750,53,7756,1738,2359,47891,14692,107157,32601,13838,5077,140200,29966,23057,1472067
520,2021-06-04,82031,30732,39521,6565,168170,9734,2940,30847,15173,16814,3722,19776,208878,297177,44051,16548,182180,3818,55,7898,1762,2388,48661,14759,109436,33036,14032,5293,142886,30289,23576,1480319
521,2021-06-05,82852,31209,40160,6652,172105,9949,2976,31467,15438,17214,3778,20011,213311,300936,44677,16818,185191,3908,57,7990,1783,2415,49437,14794,111331,33478,14229,5428,143991,30612,24070,1488480
522,2021-06-06,83359,31544,40548,6669,175188,10147,2996,31759,15771,17553,3813,20245,216425,302607,44998,16985,188111,3957,57,8008,1805,2427,50103,14806,112495,33849,14422,5456,145086,30931,24345,1494827
523,2021-06-07,83561,31876,40624,6680,177777,10160,3014,31970,16104,18297,3842,20478,217892,303735,45175,17267,190412,3968,58,8022,1805,2440,50769,14812,112863,34220,14618,5467,146195,31256,24466,1498036
524,2021-06-08,84188,32213,40876,6694,180862,10281,3096,32402,16439,18304,3882,20691,220371,305149,45237,17576,192954,4024,59,8071,1813,2486,51443,14831,113505,34597,14754,5477,148453,31512,24758,1503778
525,2021-06-09,84538,32549,41443,6745,182989,10301,3125,32876,16772,18376,3927,20903,224016,308180,45373,17789,195443,4086,60,8205,1823,2507,52110,14894,114858,34970,14889,5513,150590,31765,25208,1509756
526,2021-06-10,85354,32884,41783,6836,185452,10522,3153,33497,17106,18435,3979,21115,227803,313589,45519,17948,198105,4159,62,8354,1829,2519,52780,14982,116563,35344,15024,5582,153332,32019,25695,1515646
527,2021-06-11,86175,33217,42153,6934,188459,10695,3195,34055,17439,18450,4028,21326,231921,318090,45772,18197,200933,4209,64,8491,1840,2535,53445,15052,118018,35717,15160,5663,155313,32272,26207,1521153
528,2021-06-12,87293,33556,42504,7011,191995,10821,3209,34606,17777,18556,4066,21540,235798,322003,46077,18422,203888,4303,64,8642,1849,2549,54123,15088,119375,36091,15294,5737,156308,32527,26666,1526426
529,2021-06-13,88775,33960,42879,7031,194507,10957,3223,34869,18111,18703,4099,21750,238447,323631,46225,18644,206770,4345,64,8688,1859,2553,54882,15093,120488,36469,15430,5768,157296,32778,26915,1529747
530,2021-06-14,89812,34366,42944,7048,196807,10979,3239,35087,18448,18833,4130,21962,239507,324674,46320,18882,209129,4371,65,8696,1859,2555,55648,15096,121008,36850,15567,5769,158312,33037,27058,1531503
531,2021-06-15,91949,34770,43540,7088,199751,11050,3243,35592,18783,19063,4150,22192,242782,327069,46589,19169,212100,4427,66,8742,1872,2575,56409,15131,121749,37230,15655,5798,159690,33317,27463,1532634
532,2021-06-16,94306,35170,44141,7145,201841,11176,3246,36124,19115,19290,4202,22418,246649,331663,46859,19375,215081,4492,68,8905,1894,2579,57161,15325,123518,37605,15742,5840,161936,33594,27957,1537317
533,2021-06-17,96630,35573,44883,7210,204085,11332,3248,36696,19449,19562,4253,22648,250473,337569,47064,19541,218198,4534,70,9075,1941,2603,57921,15802,125641,37983,15830,5985,164602,33874,28484,1541822
534,2021-06-18,99476,35977,45722,7285,206592,11378,3305,37222,19783,20024,4306,22877,254724,340231,47174,19798,222432,4573,72,9265,1981,2619,58682,16288,126451,38362,15917,6152,167480,34154,28984,1546045
535,2021-06-19,102751,36385,46459,7345,209224,11490,3328,37777,20118,20523,4349,23106,258812,343469,47277,19983,227037,4634,76,9436,2022,2629,59437,16568,127992,38735,16005,6246,169756,34435,29477,1550458
536,2021-06-20,105507,36769,47246,7364,211336,11555,3351,38082,20545,20779,4378,23334,261499,344617,47339,20161,231537,4661,76,9543,2054,2641,60733,16602,129328,39242,16092,6304,172016,34714,29863,1553454
537,2021-06-21,107368,37155,47513,7392,213141,11562,3374,38344,20972,20956,4391,23564,262807,345301,47363,20345,235448,4675,77,9597,2067,2649,62032,16630,129934,39752,16181,6339,174291,34997,30021,1555182
538,2021-06-22,110104,37539,48415,7431,215451,11631,3385,38917,21397,21326,4417,23846,265894,347706,47522,20583,239573,4728,78,9658,2081,2655,63324,16778,130680,40258,16256,6367,176675,35344,30500,1558577
539,2021-06-23,113093,37920,49190,7499,216950,11740,3422,39497,21820,21710,4456,24126,269431,351842,47683,20881,243730,4777,80,9765,2113,2671,64612,17042,132117,40762,16331,6435,179023,35690,31006,1562205
540,2021-06-24,116223,38303,50038,7571,218473,11872,3461,40032,22244,22058,4494,24407,272904,356981,47815,21135,247983,4830,84,9867,2136,2690,65901,17404,133935,41266,16406,6524,181938,36036,31536,1565707
541,2021-06-25,119101,38689,50784,7640,220116,12003,3481,40521,22673,22400,4531,24692,276615,361619,47925,21370,252572,4884,88,9946,2159,2699,67205,17752,135042,41777,16480,6671,184922,36386,32103,1569362
542,2021-06-26,121989,39071,51572,7694,221680,12135,3540,40969,23098,22761,4558,24974,280035,365623,47976,21481,256957,4932,92,10039,2180,2711,68500,17940,136416,42291,16554,6737,186458,36733,32637,1573096
543,2021-06-27,122915,39400,52253,7711,222832,12188,3568,41253,23481,22985,4576,25253,282513,367093,48028,21570,261098,4968,92,10074,2201,2739,69425,17968,137561,42784,16628,6775,187992,37078,33009,1575481
544,2021-06-28,123285,39729,52431,7726,223928,12242,3598,41494,23867,23191,4590,25536,283588,367817,48087,21719,264386,4981,94,10105,2201,2745,70357,17989,138026,43282,16704,6798,189539,37430,33129,1576656
545,2021-06-29,124675,40059,53142,7761,225135,12297,3628,41885,24254,23542,4619,25826,285797,370376,48174,21857,267419,5013,96,10142,2223,2761,71288,18169,138506,43778,16771,6823,191745,37821,33624,1579658
546,2021-06-30,126230,40390,53992,7819,226233,12364,3661,42291,24640,23997,4650,26115,288576,374511,48272,21980,270353,5051,100,10217,2241,2780,72216,18444,139695,44275,16838,6875,194791,38211,34106,1582875
547,2021-07-01,128153,40720,55081,7878,227158,12379,3689,42682,25028,24545,4675,26405,291437,379594,48401,22184,273291,5100,102,10278,2285,2800,73149,19028,140889,44771,16903,6940,197644,38603,34564,1586057
548,2021-07-02,130408,41052,56335,7935,228146,12446,3718,43041,25418,25079,4700,26697,294373,383948,48513,22292,276222,5151,104,10365,2332,2817,74088,19563,142059,45270,16969,7006,200506,38997,35018,1589194
549,2021-07-03,133580,41385,57574,7981,229019,12501,3735,43403,25807,25636,4736,26987,297221,387540,48581,22350,279096,5198,106,10413,2373,2829,75020,19847,142982,45764,17035,7046,202059,39387,35435,1592384
550,2021-07-04,135473,41661,58431,7997,229624,12536,3751,43598,26091,26016,4750,27277,299176,388850,48649,22431,281758,5227,106,10420,2419,2843,76049,19903,143687,46312,17101,7056,203611,39778,35736,1594370
551,2021-07-05,136337,41939,58726,8013,230206,12571,3761,43779,26377,26139,4766,27568,299988,389616,48728,22582,283845,5239,106,10426,2445,2846,77080,19943,143948,46863,17165,7057,205239,40164,35836,1595426
552,2021-07-06,137656,42215,59485,8048,230993,12611,3771,44077,26662,26614,4789,27741,301812,391947,48820,22725,286435,5268,106,10470,2470,2851,78111,20107,144320,47413,17258,7073,207483,40537,36255,1598192
553,2021-07-07,139893,42491,60048,8102,231611,12628,3781,44378,26946,27115,4803,27914,303840,395999,48903,22915,289064,5290,106,10507,2524,2853,79138,20450,145401,47961,17351,7102,210495,40910,36629,1601069
554,2021-07-08,142004,42768,61164,8155,232209,12680,3792,44670,27230,27638,4803,28088,305969,400969,49043,23100,291630,5291,106,10529,2574,2855,80168,21156,146305,48512,17446,7148,213221,41283,36977,1604004
555,2021-07-09,144491,43046,62317,8206,232844,12727,3806,44944,27517,28145,4805,28263,308250,406012,49116,23239,294357,5291,107,10549,2621,2865,81211,21985,146730,49068,17540,7186,215464,41660,37290,1606847
556,2021-07-10,147263,43325,63386,8248,233357,12768,3817,45206,27805,28629,4821,28437,310275,409691,49156,23326,296929,5296,108,10579,2674,2865,82243,22388,147659,49624,17634,7187,216883,42034,37606,1609900
557,2021-07-11,149400,43590,64012,8260,233757,12798,3828,45348,28024,28967,4830,28611,311596,411080,49198,23404,299346,5306,108,10587,2730,2871,83446,22466,148501,50172,17729,7188,218310,42408,37820,1611853
558,2021-07-12,150818,43853,64291,8272,234293,12817,3839,45498,28242,29097,4841,28789,312245,411975,49235,23630,301334,5315,108,10595,2730,2872,84650,22506,148819,50720,17820,7189,219841,42782,37881,1613054
559,2021-07-13,153731,44117,64927,8302,235057,12858,3851,45761,28462,29527,4856,28986,313711,414454,49325,23896,303790,5343,108,10626,2784,2879,85857,22800,149190,51267,17913,7201,221804,43318,38113,1615532
560,2021-07-14,156684,44380,65450,8351,235627,12910,3862,46031,28681,29964,4874,29182,315394,418533,49401,24111,306063,5387,108,10664,2817,2887,87063,23238,149867,51813,18006,7218,224690,43853,38338,1618176
561,2021-07-15,159796,44645,66228,8400,236126,12946,3875,46286,28899,30462,4894,29377,317271,423257,49438,24255,308338,5429,110,10710,2837,2893,88268,24195,150804,52361,18101,7254,227509,44387,38540,1620910
562,2021-07-16,162675,44908,67072,8450,236563,12982,3887,46506,29119,30948,4915,29576,319442,427527,49473,24382,310396,5471,112,10761,2861,2902,89485,25135,151532,52912,18194,7285,230365,44925,38717,1623528
563,2021-07-17,165670,45166,67771,8497,237030,13023,3896,46728,29337,31482,4934,29770,321475,430988,49509,24470,312242,5515,112,10799,2886,2908,90678,25597,152154,53468,18287,7315,232055,45457,38890,1626189
564,2021-07-18,167920,45366,68095,8513,237314,13063,3917,46788,29691,32040,4944,29965,322683,432473,49544,24534,313739,5541,112,10814,2923,2915,91734,25681,152606,54087,18380,7317,233745,45988,38971,1627741
565,2021-07-19,169558,45564,68202,8523,237725,13082,3921,46857,30045,32400,4955,30162,323329,433410,49574,24732,315073,5554,112,10819,2923,2920,92791,25735,152808,54706,18472,7319,235514,46513,39013,1628070
566,2021-07-20,171686,45761,68431,8562,238227,13119,3925,46926,30399,33403,4977,30301,324907,435393,49638,24891,316634,5590,112,10847,2957,2929,93847,25976,153180,55324,18546,7331,237567,47011,39154,1629922
567,2021-07-21,174138,45960,68656,8614,238647,13179,3931,46998,30752,34650,4998,30441,326696,438286,49685,25117,318160,5632,113,10862,2990,2941,94900,26354,153633,55940,18620,7351,240056,47508,39319,1632350
568,2021-07-22,176737,46157,69019,8675,239117,13251,3944,47229,31105,36113,5020,30581,328642,441535,49725,25332,319553,5679,113,10908,3020,2952,95955,27049,154158,56558,18692,7391,242591,48006,39467,1634862
569,2021-07-23,180151,46357,69359,8734,239672,13326,3969,47474,31464,37884,5041,30722,330826,444195,49757,25507,320658,5720,113,10959,3046,2963,97028,27681,154732,57182,18767,7441,244887,48511,39588,1637438
570,2021-07-24,182412,46551,69691,8790,240098,13400,4004,47712,31822,39971,5065,30862,332852,446142,49789,25619,321680,5767,113,11000,3070,2974,98111,27924,155236,57796,18842,7475,246289,49012,39705,1640244
571,2021-07-25,185111,46696,69838,8808,240397,13456,4005,47793,32115,42058,5078,31002,334111,447070,49821,25783,322586,5790,113,11015,3099,2986,98411,27961,155498,58270,18916,7479,247687,49511,39751,1642081
572,2021-07-26,186533,46841,69920,8820,240748,13477,4027,47890,32406,43652,5090,31141,334825,447759,49858,25996,323204,5803,113,11019,3099,2990,98712,27987,155746,58743,18988,7481,249121,50005,39792,1643193
573,2021-07-27,189742,46985,70147,8863,241232,13521,4051,48141,32696,45918,5106,31248,336411,449379,49905,26254,324066,5833,113,11044,3123,3001,99012,28108,156087,59214,19033,7507,251149,50453,39913,1645640
574,2021-07-28,193016,47129,70413,8864,241607,13560,4079,48380,32986,48784,5126,31355,338847,451395,49944,26523,324895,5871,113,11081,3146,3015,99311,28327,156516,59685,19079,7534,253528,50901,40040,1648135
575,2021-07-29,196286,47273,70733,8865,242032,13623,4105,48611,33277,52090,5145,31462,340639,453507,49991,26819,325830,5911,113,11118,3166,3034,99609,28763,157071,60156,19124,7590,256094,51349,40171,1650660
576,2021-07-30,199424,47417,71030,8866,242468,13690,4145,48880,33567,55752,5169,31569,343817,455318,50035,27111,326795,5946,115,11178,3178,3051,99910,29145,157656,60632,19170,7656,258511,51801,40295,1653330
577,2021-07-31,202622,47559,71299,8867,242858,13754,4166,49117,33858,59171,5184,31678,347184,456761,50062,27254,327687,5986,115,11231,3192,3071,100193,29289,158144,61105,19215,7709,259876,52250,40415,1656355
578,2021-08-01,204669,47680,71443,8868,243145,13791,4187,49194,34085,61764,5194,31785,349453,457549,50090,27425,328420,6011,115,11246,3210,3082,100447,29292,158592,61471,19260,7720,261249,52702,40459,1658307
579,2021-08-02,205865,47799,71517,8869,243454,13799,4205,49288,34311,63907,5221,31893,350587,458242,50122,27705,329271,6018,115,11254,3214,3087,100697,29295,158842,61834,19305,7721,262649,53153,40483,1659571
580,2021-08-03,208910,47919,71702,8870,243829,13835,4224,49500,34536,66594,5249,31980,353190,459296,50160,28047,330407,6045,115,11293,3218,3107,100949,29378,159123,62196,19346,7748,264600,53459,40589,1662579
581,2021-08-04,211023,48037,71940,8871,244195,13883,4252,49694,34760,69209,5276,32065,356572,460728,50199,28379,331526,6080,115,11355,3223,3114,101200,29576,159560,62559,19385,7779,266940,53765,40701,1665863
582,2021-08-05,213904,48156,72105,8872,244578,13929,4280,49905,34984,71545,5302,32152,360141,462332,50232,28742,332786,6118,115,11425,3227,3128,101450,30162,160025,62923,19425,7833,269296,54073,40817,1669283
583,2021-08-06,216811,48273,72357,8873,244966,13986,4305,50106,35209,73618,5333,32237,364149,463620,50264,29031,334120,6150,115,11531,3231,3130,101701,30768,160569,63285,19465,7890,271788,54381,40922,1672997
584,2021-08-07,219664,48390,72565,8874,245313,14039,4321,50305,35431,75603,5368,32324,368061,464637,50297,29189,335584,6182,115,11634,3236,3155,101949,30960,161047,63647,19504,7940,272779,54689,41037,1677257
585,2021-08-08,221327,48464,72686,8875,245587,14051,4337,50368,35579,77186,5388,32409,370561,465186,50329,29333,336661,6208,115,11661,3243,3158,102150,30961,161282,63923,19544,7949,273778,54996,41079,1679876
586,2021-08-09,222516,48537,72738,8876,245885,14065,4337,50439,35726,78346,5408,32496,371761,465600,50361,29579,337491,6214,115,11673,3243,3158,102350,30962,161518,64196,19584,7950,274780,55307,41097,1681732
587,2021-08-10,224736,48611,72933,8877,246234,14092,4371,50650,35874,79599,5436,32580,374889,466454,50395,29840,338851,6238,115,11761,3248,3164,102547,31041,161806,64469,19627,7979,276326,55486,41215,1685702
588,2021-08-11,226550,48685,73159,8877,246574,14130,4405,50855,36020,81425,5458,32662,379040,467596,50436,30080,340179,6268,115,11856,3251,3182,102744,31238,162166,64741,19670,8023,279192,55664,41314,1689960
589,2021-08-12,228830,48759,73420,8925,246941,14164,4425,51045,36167,83439,5483,32746,383161,468873,50484,30276,341674,6300,115,11959,3255,3187,102943,31845,162692,65015,19713,8069,281673,55844,41420,1694317
590,2021-08-13,230929,48832,73641,8970,247301,14213,4440,51236,36314,85733,5512,32830,387572,469954,50533,30487,343329,6327,115,12097,3259,3201,103140,32442,163112,65286,19756,8118,283951,56022,41519,1698746
591,2021-08-14,232871,48903,73861,9006,247633,14262,4447,51436,36464,88116,5538,32914,391664,470836,50553,30615,345040,6359,115,12187,3263,3207,103340,32632,163518,65559,19799,8152,284902,56201,41625,1703821
592,2021-08-15,233959,48978,73988,9017,247866,14287,4455,51515,36560,89914,5555,32999,394177,471353,50572,30721,346446,6380,115,12214,3268,3209,103464,32634,163924,65885,19842,8164,285862,56382,41661,1706877
593,2021-08-16,234683,49051,74041,9026,248039,14315,4463,51583,36655,90977,5572,33081,395261,471735,50594,30862,347534,6388,115,12222,3270,3209,103584,32637,164152,66209,19884,8165,286842,56562,41669,1708981
594,2021-08-17,236255,49124,74215,9053,248225,14324,4471,51750,36751,91836,5604,33165,398320,472460,50628,31023,348951,6413,115,12283,3272,3217,103704,32721,164430,66530,19919,8188,288571,56702,41739,1713488
595,2021-08-18,238134,49197,74432,9098,248542,14353,4498,51908,36844,92661,5640,33249,401859,473386,50663,31237,350374,6444,115,12363,3275,3223,103822,32868,164757,66850,19954,8221,291174,56840,41818,1718267
596,2021-08-19,239753,49269,74723,9145,248817,14379,4530,52053,36939,93380,5680,33332,405298,474463,50697,31368,351994,6478,115,12470,3278,3229,103940,33244,165168,67171,19990,8257,293336,56979,41911,1723183
597,2021-08-20,241132,49340,74954,9192,249124,14384,4551,52196,37033,94005,5714,33416,408583,475378,50739,31478,353620,6506,115,12657,3281,3235,104057,33553,165575,67493,20025,8298,295509,57118,42003,1728187
598,2021-08-21,242271,49408,75169,9233,249401,14409,4564,52337,37131,94484,5756,33500,411755,476155,50759,31540,355343,6540,115,12816,3285,3241,104169,33639,165979,67804,20060,8323,296353,57257,42101,1733717
599,2021-08-22,242896,49458,75353,9246,249605,14422,4576,52386,37194,94894,5778,33583,413615,476621,50778,31622,356744,6563,115,12866,3290,3243,104270,33641,166368,68393,20095,8328,297201,57396,42135,1737102
600,2021-08-23,243223,49507,75385,9256,249791,14427,4586,52436,37255,95197,5793,33667,414363,476930,50798,31677,357792,6569,115,12879,3290,3243,104369,33649,166536,68979,20130,8330,298074,57537,42141,1739298
601,2021-08-24,244214,49556,75563,9286,250075,14447,4597,52548,37317,95383,5826,33782,416687,477564,50841,31769,359461,6593,115,12994,3293,3247,104470,33682,166710,69566,20167,8349,299451,57710,42225,1743944
602,2021-08-25,245147,49605,75709,9330,250315,14468,4606,52656,37377,95419,5861,33897,419416,478451,50879,31840,361125,6621,116,13095,3296,3251,104569,33767,167002,70151,20204,8371,302084,57882,42313,1748669
603,2021-08-26,245977,49653,75857,9376,250573,14497,4612,52755,37439,95437,5894,34012,421919,479587,50923,31904,362716,6659,116,13195,3299,3256,104668,33963,167346,70737,20241,8401,305012,58053,42408,1753122
604,2021-08-27,246719,49703,76007,9418,250864,14527,4627,52858,37501,95443,5926,34127,424352,480707,50969,32001,364370,6686,116,13321,3302,3262,104767,34113,167748,71323,20278,8435,307237,58226,42520,1757752
605,2021-08-28,247316,49750,76123,9450,251157,14556,4648,52942,37555,95435,5959,34241,426566,481651,50993,32161,365766,6719,118,13417,3305,3265,104841,34148,168040,71903,20315,8460,308011,58398,42633,1762878
606,2021-08-29,247638,49808,76175,9460,251366,14560,4650,52970,37604,95434,5981,34356,427798,482237,51018,32318,366348,6739,118,13438,3308,3266,104931,34150,168322,72504,20352,8463,308785,58570,42682,1766075
607,2021-08-30,247893,49866,76190,9469,251558,14565,4652,53002,37653,95606,5994,34471,428268,482618,51042,32413,366635,6744,118,13448,3309,3266,105021,34162,168474,73104,20389,8464,309595,58747,42689,1768045
608,2021-08-31,248379,49924,76265,9495,251848,14585,4655,53087,37703,95675,6021,34593,429950,483428,51076,32532,367804,6767,118,13540,3310,3270,105111,34190,168667,73706,20417,8487,310999,58889,42775,1772195
609,2021-09-01,249448,49982,76379,9531,252103,14606,4660,53177,37752,95747,6045,34715,431873,484563,51128,32671,368991,6793,119,13616,3314,3274,105200,34257,168916,74307,20445,8516,312840,59029,42874,1776568
610,2021-09-02,250424,50039,76483,9530,252378,14635,4682,53260,37801,95804,6072,34837,433659,485866,51176,32775,370271,6832,120,13724,3318,3276,105288,34358,169369,74907,20473,8551,314698,59168,42987,1780911
611,2021-09-03,251503,50096,76567,9530,252709,14667,4698,53346,37852,95896,6099,34959,435400,487087,51188,32906,371419,6860,120,13818,3323,3280,105379,34431,169658,75509,20501,8587,316086,59309,43111,1785245
612,2021-09-04,252562,50151,76645,9528,253033,14690,4713,53436,37896,95938,6105,35081,437020,488146,51200,33014,372459,6894,120,13895,3327,3284,105467,34457,169953,76105,20529,8617,316758,59450,43253,1789971
613,2021-09-05,253027,50211,76698,9528,253258,14709,4713,53458,37936,95977,6120,35205,437899,488782,51212,33085,373168,6912,122,13913,3330,3285,105546,34457,170149,76533,20556,8620,317430,59592,43316,1792799
614,2021-09-06,253313,50270,76711,9530,253439,14713,4721,53490,37974,96080,6129,35327,438305,489167,51224,33186,373657,6919,122,13920,3330,3285,105625,34474,170289,76960,20583,8621,318140,59731,43323,1794552
615,2021-09-07,254456,50329,76789,9531,253707,14738,4729,53581,38012,96205,6150,35409,439590,490012,51263,33274,374989,6943,122,13988,3331,3288,105703,34506,170493,77387,20603,8642,319641,59847,43427,1798489
616,2021-09-08,255303,50388,76865,9531,253983,14768,4737,53666,38050,96385,6168,35490,441039,491199,51308,33359,376230,6974,124,14041,3335,3291,105782,34582,170702,77813,20623,8673,320722,59961,43539,1802593
617,2021-09-09,255954,50448,76955,9531,254301,14804,4745,53744,38087,96567,6188,35571,442397,492534,51363,33437,377411,7005,124,14108,3338,3294,105860,34697,170997,78239,20643,8707,322124,60075,43680,1806771
618,2021-09-10,256669,50507,77045,9531,254658,14840,4753,53818,38125,96799,6206,35652,443703,493778,51448,33522,378519,7032,124,14178,3341,3296,105939,34796,171293,78666,20663,8747,323213,60190,43832,1811052
619,2021-09-11,257311,50567,77110,9529,255003,14873,4761,53901,38161,96961,6229,35735,444987,494821,51511,33610,379554,7067,126,14241,3345,3298,106015,34857,171603,79102,20683,8776,323541,60305,44008,1815723
620,2021-09-12,257673,50628,77164,9528,255224,14893,4769,53924,38185,97047,6248,35817,445731,495442,51574,33688,380399,7083,126,14254,3348,3299,106075,34874,171818,79291,20703,8782,323869,60419,44109,1818502
621,2021-09-13,257960,50689,77174,9530,255411,14900,4777,53950,38209,97206,6264,35899,446081,495787,51637,33733,381051,7090,126,14259,3349,3299,106135,34889,171985,79481,20723,8782,324225,60528,44125,1820324
622,2021-09-14,258821,50750,77234,9531,255785,14929,4785,54024,38233,97404,6278,35947,447146,496572,51700,33769,382457,7116,126,14305,3350,3301,106195,34971,172166,79671,20740,8805,325073,60624,44256,1824058
623,2021-09-15,259704,50811,77329,9531,256049,14961,4792,54089,38258,97572,6292,35994,448285,497713,51853,33814,383746,7147,126,14349,3354,3303,106255,35064,172403,79861,20757,8831,325954,60720,44392,1827810
624,2021-09-16,260437,50872,77387,9531,256355,14993,4799,54141,38282,97575,6300,36041,449493,498915,51932,33860,384961,7169,126,14391,3357,3305,106315,35210,172607,80050,20774,8855,326685,60816,44547,1831613
625,2021-09-17,261177,50933,77445,9531,256699,15031,4807,54202,38306,97594,6313,36088,450541,500001,52095,33902,386055,7193,126,14441,3360,3306,106375,35347,172837,80239,20791,8888,327366,60912,44711,1835229
626,2021-09-18,261748,50994,77516,9528,257106,15062,4822,54281,38328,97615,6325,36135,451573,500846,52146,33943,387080,7219,126,14480,3365,3309,106431,35416,173099,80428,20808,8916,327734,61008,44899,1839181
627,2021-09-19,262082,51061,77605,9528,257402,15080,4830,54299,38345,97624,6334,36182,452312,501264,52199,33987,387959,7232,126,14493,3367,3310,106487,35423,173262,80522,20825,8918,328108,61104,45001,1841335
628,2021-09-20,262330,51128,77614,9528,257604,15083,4837,54319,38361,97635,6338,36228,452559,501516,52251,34006,388548,7235,126,14495,3367,3310,106542,35431,173367,80616,20842,8929,328493,61196,45024,1842794
629,2021-09-21,262825,51196,77640,9531,257749,15106,4844,54373,38377,97645,6348,36262,453243,502115,52284,34035,389525,7254,126,14529,3369,3312,106597,35478,173493,80711,20861,8941,329189,61280,45161,1843691
630,2021-09-22,263294,51263,77678,9531,258116,15133,4853,54409,38394,97659,6358,36295,453973,503035,52324,34059,390396,7279,126,14563,3374,3314,106652,35559,173658,80804,20879,8981,330189,61363,45305,1846824
631,2021-09-23,263841,51330,77772,9531,258441,15160,4863,54460,38410,97644,6369,36328,454777,504052,52361,34088,391256,7307,126,14595,3377,3315,106707,35735,173853,80899,20897,9024,330729,61446,45500,1850100
632,2021-09-24,264280,51397,77809,9531,258814,15197,4867,54517,38426,97790,6378,36361,455482,505040,52399,34118,392041,7332,126,14634,3381,3317,106762,35891,174087,80992,20916,9078,331221,61529,45718,1853461
633,2021-09-25,264695,51464,77880,9528,259183,15222,4874,54581,38443,97919,6386,36394,456331,505775,52414,34142,392794,7360,126,14673,3386,3319,106817,35967,174313,81083,20934,9122,331489,61613,45976,1857400
634,2021-09-26,264862,51537,77953,9528,259426,15237,4881,54595,38456,97944,6393,36427,456875,506149,52429,34157,393421,7371,126,14683,3390,3320,106900,35975,174501,81149,20953,9131,331756,61696,46155,1859659
635,2021-09-27,264996,51610,77959,9530,259613,15239,4885,54608,38469,97971,6397,36457,457030,506371,52445,34172,393894,7376,128,14685,3390,3320,106982,35982,174588,81214,20972,9132,332039,61777,46192,1861159
636,2021-09-28,265454,51683,77984,9531,259993,15264,4889,54654,38482,98263,6404,36486,457610,506944,52470,34187,394552,7392,130,14722,3390,3322,107065,36027,174717,81279,20994,9192,332304,61848,46399,1864177
637,2021-09-29,265905,51755,78005,9531,260284,15296,4894,54701,38494,98636,6413,36514,458284,507881,52501,34216,395178,7414,130,14756,3396,3324,107147,36176,174849,81344,21017,9300,332822,61919,46621,1867009
638,2021-09-30,266244,51828,78063,9531,260612,15333,4897,54746,38506,99078,6421,36543,458947,508890,52534,34234,395793,7438,130,14788,3399,3326,107230,36437,175022,81410,21040,9408,333158,61990,46874,1869821
639,2021-10-01,266611,51901,78106,9531,260972,15374,4900,54793,38520,99100,6430,36572,459538,509897,52567,34257,396355,7463,130,14822,3402,3328,107312,36665,175199,81475,21063,9537,333555,62061,47100,1872654
640,2021-10-02,267018,51974,78172,9528,261456,15413,4904,54847,38532,99123,6442,36601,460204,510662,52580,34276,397022,7495,131,14851,3408,3330,107395,36777,175401,81531,21085,9636,333815,62132,47340,1875718
641,2021-10-03,267292,52043,78235,9528,261682,15432,4908,54861,38542,99146,6449,36629,460586,511017,52593,34291,397777,7516,131,14857,3410,3330,107472,36796,175501,81579,21108,9691,334074,62203,47472,1877500
642,2021-10-04,267558,52112,78238,9530,261873,15434,4912,54872,38552,99168,6455,36658,460686,511230,52609,34299,398304,7520,131,14858,3410,3330,107549,36798,175603,81627,21131,9715,334311,62271,47504,1878662
643,2021-10-05,267984,52181,78266,9531,262463,15458,4916,54907,38562,99194,6462,36684,461088,511720,52633,34313,399070,7540,131,14882,3410,3332,107626,36913,175704,81675,21151,9758,334475,62328,47662,1881070
644,2021-10-06,268440,52250,78311,9528,262853,15493,4920,54942,38572,99610,6468,36710,461517,512526,52660,34330,399861,7567,131,14909,3414,3333,107703,37051,175857,81722,21171,9800,334648,62383,47841,1883393
645,2021-10-07,268901,52319,78371,9531,263258,15528,4921,54978,38582,99634,6476,36736,461932,513378,52692,34345,400670,7601,131,14940,3416,3335,107780,37198,176172,81770,21191,9838,334914,62439,48027,1885666
646,2021-10-08,270443,52388,78412,9531,263699,15576,4923,55023,38591,99875,6488,36762,462337,514253,52726,34360,401487,7640,131,14971,3418,3336,107857,37328,176332,81817,21211,9892,335190,62495,48202,1888001
647,2021-10-09,271042,52458,78478,9528,264139,15611,4926,55069,38601,100097,6499,36788,462800,514884,52741,34382,402323,7692,131,14998,3421,3338,107933,37383,176522,81862,21231,9941,335312,62552,48362,1890790
648,2021-10-10,271321,52513,78547,9528,264371,15627,4929,55081,38609,100125,6506,36814,463073,515160,52757,34392,403084,7729,131,15003,3424,3338,108004,37396,176554,81893,21251,9951,335433,62607,48454,1892533
649,2021-10-11,271507,52567,78553,9529,264600,15630,4932,55088,38617,100138,6510,36840,463148,515329,52773,34403,403610,7739,131,15005,3424,3338,108074,37398,176599,81924,21270,9955,335563,62662,48478,1893626
650,2021-10-12,272012,52621,78578,9530,265035,15656,4935,55119,38625,100470,6514,36863,463451,515771,52792,34414,404354,7776,131,15028,3424,3340,108144,37437,176643,81955,21287,9979,335744,62704,48585,1896280
651,2021-10-13,272535,52675,78620,9530,265323,15687,4936,55125,38632,101332,6523,36885,463787,516501,52814,34428,405072,7813,131,15052,3427,3342,108215,37484,176930,81986,21304,10011,335965,62746,48701,1898828
652,2021-10-14,273023,52730,78682,9530,265698,15729,4937,55158,38640,101847,6531,36908,464172,517231,52843,34440,405787,7856,131,15076,3429,3344,108285,37573,177070,82017,21321,10032,336166,62789,48821,1901378
653,2021-10-15,273633,52784,78723,9529,266027,15777,4939,55197,38648,102260,6538,36931,464509,517875,52873,34455,406560,7903,131,15105,3431,3346,108355,37660,177213,82047,21338,10052,336352,62832,48923,1903961
654,2021-10-16,274166,52838,78787,9528,266291,15803,4941,55231,38656,102851,6546,36953,465051,518246,52886,34469,407168,7951,131,15128,3433,3348,108426,37679,177344,82077,21355,10065,336427,62875,49029,1906705
655,2021-10-17,274393,52881,78839,9528,266466,15830,4943,55240,38663,102886,6550,36976,465372,518350,52899,34478,407718,7979,131,15133,3435,3350,108477,37679,177419,82097,21372,10067,336503,62918,49086,1908202
656,2021-10-18,274625,52924,78842,9528,266634,15845,4944,55247,38670,102901,6552,36997,465440,518396,52911,34481,408033,7992,131,15135,3435,3352,108528,37680,177643,82116,21389,10068,336577,62959,49105,1909190
657,2021-10-19,275214,52968,78864,9530,266970,15860,4945,55273,38677,103161,6556,37020,465756,518704,52923,34489,408546,8025,131,15155,3435,3354,108579,37690,177688,82135,21402,10077,336700,63000,49180,1911368
658,2021-10-20,276198,53012,78897,9529,267245,15860,4946,55300,38684,103470,6562,37043,466063,519282,52945,34497,409048,8066,131,15174,3438,3356,108630,37714,177779,82155,21415,10087,336826,63041,49258,1913517
659,2021-10-21,276772,53056,78940,9530,267533,15860,4947,55330,38691,103804,6567,37066,466437,519871,52970,34507,409567,8112,131,15193,3439,3358,108681,37746,177870,82174,21428,10099,336977,63082,49348,1915711
660,2021-10-22,277538,53099,78978,9529,267812,15860,4949,55358,38699,104114,6573,37089,466722,520486,52994,34515,410109,8156,131,15216,3440,3360,108732,37773,177960,82193,21441,10110,337111,63123,49424,1917973
661,2021-10-23,277804,53142,79019,9528,268106,15860,4952,55397,38705,104139,6581,37112,467152,520893,53004,34521,410684,8222,131,15243,3444,3362,108783,37783,178050,82213,21455,10115,337194,63164,49504,1920437
662,2021-10-24,277923,53179,79059,9528,268304,15860,4955,55407,38712,104144,6585,37135,467426,521022,53015,34532,411165,8276,131,15247,3447,3363,108821,37783,178140,82236,21468,10116,337278,63205,49552,1921703
663,2021-10-25,278020,53215,79061,9529,268454,15909,4958,55415,38718,104154,6587,37158,467484,521083,53027,34534,411436,8303,131,15249,3447,3363,108859,37783,178230,82258,21482,10117,337356,63245,49566,1922571
664,2021-10-26,278212,53251,79083,9530,268563,15892,4960,55440,38724,104420,6591,37187,467760,521381,53043,34538,411968,8364,131,15269,3447,3365,108896,37793,178320,82280,21495,10122,337415,63341,49630,1924549
665,2021-10-27,280153,53287,79117,9529,268945,15918,4962,55465,38730,104743,6597,37216,468044,521904,53060,34545,412536,8445,131,15288,3452,3368,108933,37805,178406,82302,21508,10130,337483,63436,49701,1926557
666,2021-10-28,282486,53323,79154,9530,269084,15945,4963,55496,38736,105063,6603,37246,468397,522455,53086,34550,413161,8541,131,15306,3455,3370,108970,37822,178431,82324,21521,10137,337631,63532,49780,1928564
667,2021-10-29,284898,53360,79196,9530,269363,15978,4964,55527,38742,105383,6611,37274,468677,523002,53111,34558,413887,8639,131,15328,3458,3372,109008,37832,178639,82346,21534,10145,337813,63627,49854,1930577
668,2021-10-30,287217,53396,79237,9528,269653,16000,4966,55571,38748,105676,6621,37304,469063,523364,53122,34569,414566,8765,131,15354,3461,3374,109046,37839,178839,82368,21547,10151,337880,63723,49930,1932827
669,2021-10-31,288379,53441,79271,9528,269802,16014,4968,55582,38756,105731,6625,37333,469323,523491,53133,34582,415062,8859,131,15358,3467,3375,109087,37839,178922,82385,21560,10152,337948,63819,49971,1934034
670,2021-11-01,288869,53487,79274,9529,269953,16016,4970,55594,38763,105772,6630,37361,469374,523546,53145,34587,415359,8899,131,15360,3470,3375,109127,37839,178946,82402,21572,10152,338015,63915,49983,1934825
671,2021-11-02,291508,53532,79298,9530,270176,16031,4972,55629,38770,105966,6637,37389,469634,523817,53165,34599,415820,8993,131,15383,3473,3378,109168,37843,179045,82419,21588,10157,338088,64016,50037,1936771
672,2021-11-03,294264,53578,79330,9531,270351,16056,4974,55662,38777,106198,6644,37418,469878,524292,53188,34617,416200,9096,131,15401,3478,3380,109208,37851,179146,82436,21603,10162,338195,64118,50094,1938546
673,2021-11-04,297073,53623,79374,9535,270550,16077,4975,55704,38784,107653,6657,37446,470188,524775,53214,34632,416547,9200,131,15421,3485,3382,109249,37871,179276,82453,21617,10169,338440,64219,50155,1940328
674,2021-11-05,299619,53669,79414,9534,270787,16112,4978,55771,38791,108626,6672,37474,470428,525256,53238,34645,416866,9313,131,15448,3490,3385,109290,37886,179413,82470,21631,10177,338568,64321,50210,1942174
675,2021-11-06,302675,53714,79448,9532,271003,16142,4981,55860,38798,109475,6694,37503,470762,525578,53247,34661,417168,9431,131,15479,3497,3387,109331,37891,179555,82487,21645,10184,338642,64423,50269,1944669
676,2021-11-07,304058,53780,79479,9532,271130,16156,4984,55892,38809,109561,6707,37530,470982,525694,53256,34677,417370,9504,131,15484,3501,3389,109382,37891,179688,82503,21660,10185,338713,64524,50299,1946155
677,2021-11-08,305173,53846,79482,9532,271258,16159,4987,55916,38819,109605,6715,37558,471021,525746,53266,34687,417495,9528,131,15488,3501,3389,109434,37891,179724,82520,21674,10188,338788,64625,50307,1947149
678,2021-11-09,307406,53912,79509,9537,271434,16180,4990,56009,38829,110340,6732,37583,471252,526000,53286,34697,417732,9608,131,15515,3507,3392,109485,37895,179849,82537,21691,10191,338868,64709,50348,1949757
679,2021-11-10,309725,53978,79548,9536,271602,16218,4992,56113,38839,111136,6753,37609,471467,526462,53309,34709,417949,9695,131,15541,3514,3394,109537,37904,180162,82554,21708,10199,338960,64793,50390,1952326
680,2021-11-11,311790,54044,79603,9537,271762,16261,4994,56237,38849,111933,6772,37634,471728,526947,53337,34727,418163,9788,131,15564,3520,3398,109588,37919,180336,82571,21725,10206,339102,64878,50439,1954971
681,2021-11-12,313812,54110,79649,9538,271965,16303,4997,56269,38859,112739,6790,37660,471945,527424,53363,34745,418369,9876,131,15590,3526,3401,109639,37929,180514,82588,21742,10220,339283,64962,50482,1957541
682,2021-11-13,315584,54176,79694,9535,272179,16340,5000,56392,38870,113407,6815,37686,472217,527757,53377,34762,418554,9968,131,15621,3532,3403,109689,37934,180732,82603,21759,10228,339287,65046,50528,1960307
683,2021-11-14,316224,54276,79730,9534,272282,16353,5003,56431,38884,113434,6825,37712,472383,527878,53391,34775,418700,10019,131,15624,3537,3404,109772,37934,180802,82616,21776,10229,339295,65130,50549,1961715
684,2021-11-15,317288,54376,79730,9536,272381,16366,5003,56465,38898,113443,6832,37736,472405,527918,53405,34776,418772,10035,131,15626,3537,3404,109857,37934,180870,82629,21793,10229,339359,65214,50552,1962639
685,2021-11-16,318911,54475,79734,9537,272482,16367,5003,56598,38913,113453,6847,37754,472495,528052,53406,34777,418847,10093,131,15626,3537,3406,109940,37938,180885,82641,21795,10229,339423,65236,50579,1965110
686,2021-11-17,320047,54575,79775,9537,272554,16408,5003,56733,38927,113464,6865,37772,472732,528440,53436,34786,419011,10158,131,15627,3545,3408,110024,37948,181021,82653,21797,10240,339488,65258,50616,1967559
687,2021-11-18,321295,54675,79828,9537,272705,16462,5007,56883,38942,113490,6883,37790,472993,528921,53471,34807,419181,10227,131,15656,3551,3410,110106,37965,181198,82665,21799,10249,339587,65280,50658,1970266
688,2021-11-19,322806,54774,79878,9537,272871,16529,5010,57045,38956,113949,6900,37808,473212,529425,53510,34820,419359,10289,131,15687,3556,3412,110190,37983,181388,82678,21801,10265,339689,65302,50696,1973336
689,2021-11-20,324027,54874,79920,9534,272999,16602,5012,57240,38970,114498,6921,37826,473492,529790,53529,34833,419533,10348,131,15717,3561,3414,110274,37990,181639,82692,21803,10279,339738,65324,50740,1977264
690,2021-11-21,324570,55049,79952,9534,273065,16686,5014,57296,39002,114534,6930,37845,473668,529952,53548,34848,419679,10382,131,15721,3564,3415,110352,37990,181783,82708,21805,10284,339787,65347,50762,1980698
691,2021-11-22,325110,55222,79956,9536,273152,16760,5016,57332,39034,114559,6935,37862,473704,530019,53568,34853,419761,10394,131,15725,3564,3415,110431,37990,181826,82725,21807,10285,339837,65370,50766,1982759
692,2021-11-23,326110,55395,79981,9536,273305,16834,5018,57474,39066,115034,6945,37878,473890,530315,53597,34857,419941,10438,131,15749,3568,3416,110509,37996,181973,82742,21809,10300,339913,65422,50810,1986884
693,2021-11-24,327530,55568,80023,9537,273388,16909,5021,57603,39099,115537,6956,37894,474093,530860,53631,34868,420112,10484,131,15773,3574,3417,110588,38006,182160,82759,21811,10318,339992,65474,50859,1991457
694,2021-11-25,328335,55741,80081,9538,273591,17054,5024,57741,39131,116050,6967,37910,474352,531444,53672,34881,420293,10531,131,15793,3577,3418,110667,38024,182317,82776,21813,10335,340106,65527,50916,1996492
695,2021-11-26,329213,55914,80092,9539,273691,17199,5027,57877,39164,116515,6977,37925,474414,532051,53717,34893,420476,10577,131,15817,3581,3419,110745,38040,182478,82792,21815,10358,340225,65580,50962,2001329
696,2021-11-27,329935,56089,80130,9537,273841,17343,5031,58048,39196,116939,6989,37940,474662,532519,53738,34903,420652,10625,131,15844,3585,3420,110824,38047,182711,82807,21817,10379,340282,65632,51022,2006899
697,2021-11-28,330239,56234,80163,9538,273922,17509,5035,58095,39225,117168,6993,37955,474829,532744,53759,34914,420812,10660,131,15848,3588,3421,110881,38047,182785,82831,21819,10388,340339,65684,51060,2011605
698,2021-11-29,330345,56379,80165,9538,274000,17556,5037,58131,39254,117304,6995,37970,474865,532827,53780,34928,420891,10674,131,15851,3588,3421,110938,38048,182862,82856,21821,10389,340394,65737,51067,2013765
699,2021-11-30,330844,56523,80191,9541,274135,17679,5039,58263,39283,117753,7003,37987,475050,533198,53813,34938,421061,10711,131,15871,3592,3423,110996,38056,182976,82880,21823,10406,340454,65790,51100,2017777
700,2021-12-01,331389,56668,80233,9542,274238,17802,5041,58412,39312,118271,7011,38004,475262,533840,53854,34948,421229,10754,131,15892,3596,3425,111054,38067,183164,82904,21825,10427,340517,65843,51135,2022036
701,2021-12-02,331925,56813,80299,9542,274401,17959,5045,58452,39341,118765,7019,38021,475531,534508,53895,34962,421397,10794,131,15912,3599,3426,111111,38086,183385,82928,21827,10446,340689,65897,51177,2026460
702,2021-12-03,332528,56958,80342,9543,274551,17996,5049,58624,39370,119184,7026,38037,475745,535230,53935,34974,421587,10800,131,15935,3602,3427,111169,38102,183622,82952,21829,10469,340793,65950,51215,2030899
703,2021-12-04,332981,57103,80381,9540,274660,18105,5056,58836,39399,119646,7036,38054,476033,535858,53954,34985,421774,10815,131,15960,3606,3428,111227,38109,183928,82977,21831,10488,340872,66002,51258,2035962
704,2021-12-05,333297,57217,80416,9540,274738,18203,5064,58910,39423,119883,7039,38071,476244,536283,53972,34998,421935,10830,131,15964,3609,3429,111265,38109,184126,83002,21832,10496,340953,66056,51282,2039987
705,2021-12-06,333463,57330,80417,9543,274811,18223,5071,58974,39446,120091,7042,38088,476279,536425,53994,35011,422018,10838,131,15965,3609,3429,111303,38109,184174,83028,21834,10497,341033,66109,51286,2041846
706,2021-12-07,333749,57443,80445,9543,274936,18285,5078,59136,39470,120914,7047,38088,476486,537047,54156,35016,422216,10859,131,15983,3611,3431,111341,38118,184351,83054,21836,10507,341141,66165,51317,2046105
707,2021-12-08,334413,57556,80481,9543,275007,18367,5085,59305,39494,121373,7053,38088,476718,538160,54280,35035,422410,10884,131,16002,3614,3432,111379,38129,184588,83079,21838,10520,341263,66221,51349,2050371
708,2021-12-09,335042,57669,80544,9544,275014,18449,5092,59472,39517,121833,7059,38088,476998,539436,54410,35047,422606,10912,131,16020,3617,3433,111417,38150,184869,83105,21840,10532,341413,66277,51388,2053814
709,2021-12-10,335559,57781,80581,9543,275165,18536,5100,59641,39541,122295,7064,38088,477236,540712,54542,35055,422848,10935,131,16042,3620,3433,111455,38170,185151,83130,21841,10544,341473,66333,51420,2053963
710,2021-12-11,336081,57895,80611,9540,275451,18597,5110,59827,39566,122648,7072,38088,477521,541736,54638,35065,423109,10961,131,16065,3622,3433,111492,38178,185468,83156,21842,10556,341505,66388,51456,2056690
711,2021-12-12,336398,57995,80636,9540,275882,18650,5121,59892,39616,122789,7075,38088,477719,542705,54737,35074,423370,10974,131,16072,3623,3433,111522,38178,185779,83190,21843,10560,341538,66445,51478,2058593
712,2021-12-13,336582,58094,80638,9541,276425,18662,5128,59925,39666,122886,7076,38088,477765,542954,54834,35090,423509,10978,131,16075,3623,3433,111550,38179,185845,83225,21844,10560,341580,66500,51481,2059911
713,2021-12-14,337166,58192,80655,9542,277032,18703,5134,60057,39716,123169,7081,38088,477945,543710,54882,35094,423810,10996,131,16094,3624,3433,111579,38186,185984,83259,21845,10568,341925,66557,51513,2063006
714,2021-12-15,337805,58292,80684,9541,277649,18762,5141,60175,39766,123464,7086,38088,478169,544807,54935,35110,424104,11014,131,16112,3628,3433,111608,38198,186190,83294,21846,10577,342082,66615,51545,2066575
715,2021-12-16,338566,58393,80730,9542,278122,18813,5148,60299,39816,123729,7091,38088,478416,545935,54992,35118,424395,11034,131,16134,3634,3433,111638,38219,186395,83328,21847,10585,342285,66672,51585,2070643
716,2021-12-17,339256,58490,80752,9541,278731,18858,5157,60392,39864,124013,7096,38088,478615,546962,55052,35132,424692,11051,131,16155,3639,3433,111666,38238,186621,83363,21848,10593,342540,66728,51620,2074569
717,2021-12-18,339868,58590,80776,9539,279356,18894,5166,60473,39914,124210,7101,38087,478836,547831,55092,35140,425005,11066,131,16179,3644,3433,111694,38247,186945,83398,21849,10601,342624,66786,51663,2078860
718,2021-12-19,340153,58676,80793,9540,279870,18930,5176,60495,40006,124272,7103,38088,478991,548612,55132,35150,425296,11074,131,16183,3648,3433,111717,38247,187212,83428,21851,10603,342709,66845,51695,2081471
719,2021-12-20,340360,58760,80793,9540,280437,18936,5181,60509,40096,124320,7104,38088,479045,548814,55173,35161,425507,11076,131,16184,3648,3433,111738,38247,187287,83458,21852,10603,342793,66903,51702,2082975
720,2021-12-21,340968,58844,80807,9541,281212,18961,5186,60581,40187,124483,7107,38087,479306,549435,55198,35169,425908,11087,131,16204,3653,3433,111759,38256,187694,83488,21853,10608,342877,66961,51742,2086408
721,2021-12-22,341533,58929,80826,9540,281726,18992,5191,60648,40277,124641,7110,38087,479520,550288,55234,35172,426289,11102,131,16221,3660,3435,111780,38268,187959,83518,21854,10613,342959,67020,51786,2089972
722,2021-12-23,341800,59014,80855,9541,282248,19023,5198,60724,40367,124792,7113,38088,479758,551205,55274,35179,426509,11117,131,16238,3665,3435,111801,38292,188227,83548,21855,10618,343046,67080,51831,2093584
723,2021-12-24,342293,59097,80873,9540,282765,19052,5205,60786,40456,124986,7117,38087,479971,552034,55317,35185,426849,11130,131,16255,3671,3435,111822,38315,188503,83578,21856,10624,343242,67139,51876,2097110
724,2021-12-25,342767,59182,80894,9539,283156,19080,5212,60845,40547,125177,7122,38087,480216,552738,55359,35192,427177,11143,131,16274,3678,3435,111844,38326,188784,83608,21858,10628,343321,67199,51925,2100867
725,2021-12-26,343025,59274,80912,9539,283531,19101,5219,60859,40653,125277,7124,38087,480390,553394,55401,35197,427465,11150,131,16277,3683,3435,111862,38326,189029,83749,21859,10628,343400,67259,51962,2103205
726,2021-12-27,343172,59366,80912,9540,283940,19105,5223,60872,40759,125363,7124,38087,480461,553566,55443,35202,427661,11152,131,16277,3683,3435,111880,38326,189087,83889,21861,10628,343482,67319,51971,2104594
727,2021-12-28,343669,59457,80927,9540,284585,19124,5227,60928,40863,125524,7127,38087,480663,554071,55454,35208,427957,11161,131,16292,3687,3435,111898,38338,189259,84029,21863,10631,343719,67373,52013,2107658
728,2021-12-29,344218,59549,80945,9540,284906,19148,5231,60982,40968,125708,7130,38087,480918,554868,55472,35213,428255,11173,131,16305,3692,3435,111916,38355,189486,84169,21865,10635,343956,67427,52054,2110905
729,2021-12-30,344724,59641,80974,9540,285328,19172,5237,61038,41073,125969,7133,38087,481184,555822,55523,35219,428537,11187,131,16320,3697,3435,111934,38387,189718,84309,21867,10640,344120,67481,52098,2114233
730,2021-12-31,345217,59731,80994,9540,285739,19196,5243,61099,41176,126148,7136,38087,481434,556748,55596,35228,428948,11201,131,16338,3702,3436,111952,38424,190052,84449,21868,10646,344308,67535,52141,2117668
