date,location,vaccine,total_vaccinations
2021-01-01,Malta,Oxford/AstraZeneca,0
2021-01-01,Malta,Moderna,0
2021-01-02,Malta,Oxford/AstraZeneca,0
2021-01-02,Malta,Moderna,0
2021-01-03,Malta,Oxford/AstraZeneca,0
2021-01-03,Malta,Moderna,0
2021-01-04,Malta,Oxford/AstraZeneca,0
2021-01-04,Malta,Moderna,0
2021-01-05,Malta,Oxford/AstraZeneca,0
2021-01-05,Malta,Moderna,0
2021-01-06,Malta,Oxford/AstraZeneca,0
2021-01-06,Malta,Moderna,0
2021-01-07,Malta,Oxford/AstraZeneca,0
2021-01-07,Malta,Moderna,0
2021-01-08,Malta,Oxford/AstraZeneca,0
2021-01-08,Malta,Moderna,0
2021-01-09,Malta,Oxford/AstraZeneca,0
2021-01-09,Malta,Moderna,0
2021-01-10,Malta,Oxford/AstraZeneca,0
2021-01-10,Malta,Moderna,0
2021-01-11,Malta,Oxford/AstraZeneca,0
2021-01-11,Malta,Moderna,0
2021-01-12,Malta,Oxford/AstraZeneca,0
2021-01-12,Malta,Moderna,0
2021-01-13,Malta,Oxford/AstraZeneca,0
2021-01-13,Malta,Moderna,0
2021-01-14,Malta,Oxford/AstraZeneca,0
2021-01-14,Malta,Moderna,0
2021-01-15,Malta,Oxford/AstraZeneca,1
2021-01-15,Malta,Moderna,0
2021-01-16,Malta,Oxford/AstraZeneca,1
2021-01-16,Malta,Moderna,0
2021-01-17,Malta,Oxford/AstraZeneca,1
2021-01-17,Malta,Moderna,0
2021-01-18,Malta,Oxford/AstraZeneca,1
2021-01-18,Malta,Moderna,0
2021-01-19,Malta,Oxford/AstraZeneca,1
2021-01-19,Malta,Moderna,0
2021-01-20,Malta,Oxford/AstraZeneca,1
2021-01-20,Malta,Moderna,0
2021-01-21,Malta,Oxford/AstraZeneca,1
2021-01-21,Malta,Moderna,0
2021-01-22,Malta,Oxford/AstraZeneca,0
2021-01-22,Malta,Moderna,3
2021-01-23,Malta,Oxford/AstraZeneca,0
2021-01-23,Malta,Moderna,3
2021-01-24,Malta,Oxford/AstraZeneca,0
2021-01-24,Malta,Moderna,3
2021-01-25,Malta,Oxford/AstraZeneca,0
2021-01-25,Malta,Moderna,3
2021-01-26,Malta,Oxford/AstraZeneca,0
2021-01-26,Malta,Moderna,3
2021-01-27,Malta,Oxford/AstraZeneca,0
2021-01-27,Malta,Moderna,3
2021-01-28,Malta,Oxford/AstraZeneca,0
2021-01-28,Malta,Moderna,3
2021-01-29,Malta,Oxford/AstraZeneca,0
2021-01-29,Malta,Moderna,3
2021-01-30,Malta,Oxford/AstraZeneca,0
2021-01-30,Malta,Moderna,3
2021-01-31,Malta,Oxford/AstraZeneca,0
2021-01-31,Malta,Moderna,3
2021-02-01,Malta,Oxford/AstraZeneca,0
2021-02-01,Malta,Moderna,3
2021-02-02,Malta,Oxford/AstraZeneca,0
2021-02-02,Malta,Moderna,3
2021-02-03,Malta,Oxford/AstraZeneca,0
2021-02-03,Malta,Moderna,3
2021-02-04,Malta,Oxford/AstraZeneca,0
2021-02-04,Malta,Moderna,3
2021-02-05,Malta,Oxford/AstraZeneca,22
2021-02-05,Malta,Moderna,54
2021-02-06,Malta,Oxford/AstraZeneca,22
2021-02-06,Malta,Moderna,54
2021-02-07,Malta,Oxford/AstraZeneca,22
2021-02-07,Malta,Moderna,54
2021-02-08,Malta,Oxford/AstraZeneca,22
2021-02-08,Malta,Moderna,54
2021-02-09,Malta,Oxford/AstraZeneca,22
2021-02-09,Malta,Moderna,54
2021-02-10,Malta,Oxford/AstraZeneca,22
2021-02-10,Malta,Moderna,54
2021-02-11,Malta,Oxford/AstraZeneca,22
2021-02-11,Malta,Moderna,54
2021-02-12,Malta,Oxford/AstraZeneca,562
2021-02-12,Malta,Moderna,74
2021-02-13,Malta,Oxford/AstraZeneca,562
2021-02-13,Malta,Moderna,74
2021-02-14,Malta,Oxford/AstraZeneca,562
2021-02-14,Malta,Moderna,74
2021-02-15,Malta,Oxford/AstraZeneca,562
2021-02-15,Malta,Moderna,74
2021-02-16,Malta,Oxford/AstraZeneca,562
2021-02-16,Malta,Moderna,74
2021-02-17,Malta,Oxford/AstraZeneca,562
2021-02-17,Malta,Moderna,74
2021-02-18,Malta,Oxford/AstraZeneca,562
2021-02-18,Malta,Moderna,74
2021-02-19,Malta,Oxford/AstraZeneca,1572
2021-02-19,Malta,Moderna,75
2021-02-20,Malta,Oxford/AstraZeneca,1572
2021-02-20,Malta,Moderna,75
2021-02-21,Malta,Oxford/AstraZeneca,1572
2021-02-21,Malta,Moderna,75
2021-02-22,Malta,Oxford/AstraZeneca,1572
2021-02-22,Malta,Moderna,75
2021-02-23,Malta,Oxford/AstraZeneca,1572
2021-02-23,Malta,Moderna,75
2021-02-24,Malta,Oxford/AstraZeneca,1572
2021-02-24,Malta,Moderna,75
2021-02-25,Malta,Oxford/AstraZeneca,1572
2021-02-25,Malta,Moderna,75
2021-02-26,Malta,Oxford/AstraZeneca,1907
2021-02-26,Malta,Moderna,13
2021-02-27,Malta,Oxford/AstraZeneca,1907
2021-02-27,Malta,Moderna,13
2021-02-28,Malta,Oxford/AstraZeneca,1907
2021-02-28,Malta,Moderna,13
2021-03-01,Malta,Oxford/AstraZeneca,1907
2021-03-01,Malta,Moderna,13
2021-03-02,Malta,Oxford/AstraZeneca,1907
2021-03-02,Malta,Moderna,13
2021-03-03,Malta,Oxford/AstraZeneca,1907
2021-03-03,Malta,Moderna,13
2021-03-04,Malta,Oxford/AstraZeneca,1907
2021-03-04,Malta,Moderna,13
2021-03-05,Malta,Oxford/AstraZeneca,2139
2021-03-05,Malta,Moderna,53
2021-03-06,Malta,Oxford/AstraZeneca,2139
2021-03-06,Malta,Moderna,53
2021-03-07,Malta,Oxford/AstraZeneca,2139
2021-03-07,Malta,Moderna,53
2021-03-08,Malta,Oxford/AstraZeneca,2139
2021-03-08,Malta,Moderna,53
2021-03-09,Malta,Oxford/AstraZeneca,2139
2021-03-09,Malta,Moderna,53
2021-03-10,Malta,Oxford/AstraZeneca,2139
2021-03-10,Malta,Moderna,53
2021-03-11,Malta,Oxford/AstraZeneca,2139
2021-03-11,Malta,Moderna,53
2021-03-12,Malta,Oxford/AstraZeneca,1520
2021-03-12,Malta,Moderna,231
2021-03-13,Malta,Oxford/AstraZeneca,1520
2021-03-13,Malta,Moderna,231
2021-03-14,Malta,Oxford/AstraZeneca,1520
2021-03-14,Malta,Moderna,231
2021-03-15,Malta,Oxford/AstraZeneca,1520
2021-03-15,Malta,Moderna,231
2021-03-16,Malta,Oxford/AstraZeneca,1520
2021-03-16,Malta,Moderna,231
2021-03-17,Malta,Oxford/AstraZeneca,1520
2021-03-17,Malta,Moderna,231
2021-03-18,Malta,Oxford/AstraZeneca,1520
2021-03-18,Malta,Moderna,231
2021-03-19,Malta,Oxford/AstraZeneca,710
2021-03-19,Malta,Moderna,870
2021-03-20,Malta,Oxford/AstraZeneca,710
2021-03-20,Malta,Moderna,870
2021-03-21,Malta,Oxford/AstraZeneca,710
2021-03-21,Malta,Moderna,870
2021-03-22,Malta,Oxford/AstraZeneca,710
2021-03-22,Malta,Moderna,870
2021-03-23,Malta,Oxford/AstraZeneca,710
2021-03-23,Malta,Moderna,870
2021-03-24,Malta,Oxford/AstraZeneca,710
2021-03-24,Malta,Moderna,870
2021-03-25,Malta,Oxford/AstraZeneca,710
2021-03-25,Malta,Moderna,870
2021-03-26,Malta,Oxford/AstraZeneca,1594
2021-03-26,Malta,Moderna,206
2021-03-27,Malta,Oxford/AstraZeneca,1594
2021-03-27,Malta,Moderna,206
2021-03-28,Malta,Oxford/AstraZeneca,1594
2021-03-28,Malta,Moderna,206
2021-03-29,Malta,Oxford/AstraZeneca,1594
2021-03-29,Malta,Moderna,206
2021-03-30,Malta,Oxford/AstraZeneca,1594
2021-03-30,Malta,Moderna,206
2021-03-31,Malta,Oxford/AstraZeneca,1594
2021-03-31,Malta,Moderna,206
2021-04-01,Malta,Oxford/AstraZeneca,1594
2021-04-01,Malta,Moderna,206
2021-04-02,Malta,Oxford/AstraZeneca,1636
2021-04-02,Malta,Moderna,80
2021-04-03,Malta,Oxford/AstraZeneca,1636
2021-04-03,Malta,Moderna,80
2021-04-04,Malta,Oxford/AstraZeneca,1636
2021-04-04,Malta,Moderna,80
2021-04-05,Malta,Oxford/AstraZeneca,1636
2021-04-05,Malta,Moderna,80
2021-04-06,Malta,Oxford/AstraZeneca,1636
2021-04-06,Malta,Moderna,80
2021-04-07,Malta,Oxford/AstraZeneca,1636
2021-04-07,Malta,Moderna,80
2021-04-08,Malta,Oxford/AstraZeneca,1636
2021-04-08,Malta,Moderna,80
2021-04-09,Malta,Oxford/AstraZeneca,1552
2021-04-09,Malta,Moderna,283
2021-04-10,Malta,Oxford/AstraZeneca,1552
2021-04-10,Malta,Moderna,283
2021-04-11,Malta,Oxford/AstraZeneca,1552
2021-04-11,Malta,Moderna,283
2021-04-12,Malta,Oxford/AstraZeneca,1552
2021-04-12,Malta,Moderna,283
2021-04-13,Malta,Oxford/AstraZeneca,1552
2021-04-13,Malta,Moderna,283
2021-04-14,Malta,Oxford/AstraZeneca,1552
2021-04-14,Malta,Moderna,283
2021-04-15,Malta,Oxford/AstraZeneca,1552
2021-04-15,Malta,Moderna,283
2021-04-16,Malta,Oxford/AstraZeneca,2499
2021-04-16,Malta,Moderna,758
2021-04-17,Malta,Oxford/AstraZeneca,2499
2021-04-17,Malta,Moderna,758
2021-04-18,Malta,Oxford/AstraZeneca,2499
2021-04-18,Malta,Moderna,758
2021-04-19,Malta,Oxford/AstraZeneca,2499
2021-04-19,Malta,Moderna,758
2021-04-20,Malta,Oxford/AstraZeneca,2499
2021-04-20,Malta,Moderna,758
2021-04-21,Malta,Oxford/AstraZeneca,2499
2021-04-21,Malta,Moderna,758
2021-04-22,Malta,Oxford/AstraZeneca,2499
2021-04-22,Malta,Moderna,758
2021-04-23,Malta,Oxford/AstraZeneca,963
2021-04-23,Malta,Moderna,191
2021-04-24,Malta,Oxford/AstraZeneca,963
2021-04-24,Malta,Moderna,191
2021-04-25,Malta,Oxford/AstraZeneca,963
2021-04-25,Malta,Moderna,191
2021-04-26,Malta,Oxford/AstraZeneca,963
2021-04-26,Malta,Moderna,191
2021-04-27,Malta,Oxford/AstraZeneca,963
2021-04-27,Malta,Moderna,191
2021-04-28,Malta,Oxford/AstraZeneca,963
2021-04-28,Malta,Moderna,191
2021-04-29,Malta,Oxford/AstraZeneca,963
2021-04-29,Malta,Moderna,191
2021-04-30,Malta,Oxford/AstraZeneca,836
2021-04-30,Malta,Moderna,235
2021-05-01,Malta,Oxford/AstraZeneca,836
2021-05-01,Malta,Moderna,235
2021-05-02,Malta,Oxford/AstraZeneca,836
2021-05-02,Malta,Moderna,235
2021-05-03,Malta,Oxford/AstraZeneca,836
2021-05-03,Malta,Moderna,235
2021-05-04,Malta,Oxford/AstraZeneca,836
2021-05-04,Malta,Moderna,235
2021-05-05,Malta,Oxford/AstraZeneca,836
2021-05-05,Malta,Moderna,235
2021-05-06,Malta,Oxford/AstraZeneca,836
2021-05-06,Malta,Moderna,235
2021-05-07,Malta,Oxford/AstraZeneca,2394
2021-05-07,Malta,Moderna,391
2021-05-08,Malta,Oxford/AstraZeneca,2394
2021-05-08,Malta,Moderna,391
2021-05-09,Malta,Oxford/AstraZeneca,2394
2021-05-09,Malta,Moderna,391
2021-05-10,Malta,Oxford/AstraZeneca,2394
2021-05-10,Malta,Moderna,391
2021-05-11,Malta,Oxford/AstraZeneca,2394
2021-05-11,Malta,Moderna,391
2021-05-12,Malta,Oxford/AstraZeneca,2394
2021-05-12,Malta,Moderna,391
2021-05-13,Malta,Oxford/AstraZeneca,2394
2021-05-13,Malta,Moderna,391
2021-05-14,Malta,Oxford/AstraZeneca,2219
2021-05-14,Malta,Moderna,343
2021-05-15,Malta,Oxford/AstraZeneca,2219
2021-05-15,Malta,Moderna,343
2021-05-16,Malta,Oxford/AstraZeneca,2219
2021-05-16,Malta,Moderna,343
2021-05-17,Malta,Oxford/AstraZeneca,2219
2021-05-17,Malta,Moderna,343
2021-05-18,Malta,Oxford/AstraZeneca,2219
2021-05-18,Malta,Moderna,343
2021-05-19,Malta,Oxford/AstraZeneca,2219
2021-05-19,Malta,Moderna,343
2021-05-20,Malta,Oxford/AstraZeneca,2219
2021-05-20,Malta,Moderna,343
2021-05-21,Malta,Oxford/AstraZeneca,1648
2021-05-21,Malta,Moderna,470
2021-05-22,Malta,Oxford/AstraZeneca,1648
2021-05-22,Malta,Moderna,470
2021-05-23,Malta,Oxford/AstraZeneca,1648
2021-05-23,Malta,Moderna,470
2021-05-24,Malta,Oxford/AstraZeneca,1648
2021-05-24,Malta,Moderna,470
2021-05-25,Malta,Oxford/AstraZeneca,1648
2021-05-25,Malta,Moderna,470
2021-05-26,Malta,Oxford/AstraZeneca,1648
2021-05-26,Malta,Moderna,470
2021-05-27,Malta,Oxford/AstraZeneca,1648
2021-05-27,Malta,Moderna,470
2021-05-28,Malta,Oxford/AstraZeneca,834
2021-05-28,Malta,Moderna,283
2021-05-29,Malta,Oxford/AstraZeneca,834
2021-05-29,Malta,Moderna,283
2021-05-30,Malta,Oxford/AstraZeneca,834
2021-05-30,Malta,Moderna,283
2021-05-31,Malta,Oxford/AstraZeneca,834
2021-05-31,Malta,Moderna,283
2021-06-01,Malta,Oxford/AstraZeneca,834
2021-06-01,Malta,Moderna,283
2021-06-02,Malta,Oxford/AstraZeneca,834
2021-06-02,Malta,Moderna,283
2021-06-03,Malta,Oxford/AstraZeneca,834
2021-06-03,Malta,Moderna,283
2021-06-04,Malta,Oxford/AstraZeneca,1605
2021-06-04,Malta,Moderna,340
2021-06-05,Malta,Oxford/AstraZeneca,1605
2021-06-05,Malta,Moderna,340
2021-06-06,Malta,Oxford/AstraZeneca,1605
2021-06-06,Malta,Moderna,340
2021-06-07,Malta,Oxford/AstraZeneca,1605
2021-06-07,Malta,Moderna,340
2021-06-08,Malta,Oxford/AstraZeneca,1605
2021-06-08,Malta,Moderna,340
2021-06-09,Malta,Oxford/AstraZeneca,1605
2021-06-09,Malta,Moderna,340
2021-06-10,Malta,Oxford/AstraZeneca,1605
2021-06-10,Malta,Moderna,340
2021-06-11,Malta,Oxford/AstraZeneca,1515
2021-06-11,Malta,Moderna,364
2021-06-12,Malta,Oxford/AstraZeneca,1515
2021-06-12,Malta,Moderna,364
2021-06-13,Malta,Oxford/AstraZeneca,1515
2021-06-13,Malta,Moderna,364
2021-06-14,Malta,Oxford/AstraZeneca,1515
2021-06-14,Malta,Moderna,364
2021-06-15,Malta,Oxford/AstraZeneca,1515
2021-06-15,Malta,Moderna,364
2021-06-16,Malta,Oxford/AstraZeneca,1515
2021-06-16,Malta,Moderna,364
2021-06-17,Malta,Oxford/AstraZeneca,1515
2021-06-17,Malta,Moderna,364
2021-06-18,Malta,Oxford/AstraZeneca,1276
2021-06-18,Malta,Moderna,501
2021-06-19,Malta,Oxford/AstraZeneca,1276
2021-06-19,Malta,Moderna,501
2021-06-20,Malta,Oxford/AstraZeneca,1276
2021-06-20,Malta,Moderna,501
2021-06-21,Malta,Oxford/AstraZeneca,1276
2021-06-21,Malta,Moderna,501
2021-06-22,Malta,Oxford/AstraZeneca,1276
2021-06-22,Malta,Moderna,501
2021-06-23,Malta,Oxford/AstraZeneca,1276
2021-06-23,Malta,Moderna,501
2021-06-24,Malta,Oxford/AstraZeneca,1276
2021-06-24,Malta,Moderna,501
2021-06-25,Malta,Oxford/AstraZeneca,1726
2021-06-25,Malta,Moderna,134
2021-06-26,Malta,Oxford/AstraZeneca,1726
2021-06-26,Malta,Moderna,134
2021-06-27,Malta,Oxford/AstraZeneca,1726
2021-06-27,Malta,Moderna,134
2021-06-28,Malta,Oxford/AstraZeneca,1726
2021-06-28,Malta,Moderna,134
2021-06-29,Malta,Oxford/AstraZeneca,1726
2021-06-29,Malta,Moderna,134
2021-06-30,Malta,Oxford/AstraZeneca,1726
2021-06-30,Malta,Moderna,134
2021-07-01,Malta,Oxford/AstraZeneca,1726
2021-07-01,Malta,Moderna,134
2021-07-02,Malta,Oxford/AstraZeneca,816
2021-07-02,Malta,Moderna,37
2021-07-03,Malta,Oxford/AstraZeneca,816
2021-07-03,Malta,Moderna,37
2021-07-04,Malta,Oxford/AstraZeneca,816
2021-07-04,Malta,Moderna,37
2021-07-05,Malta,Oxford/AstraZeneca,816
2021-07-05,Malta,Moderna,37
2021-07-06,Malta,Oxford/AstraZeneca,816
2021-07-06,Malta,Moderna,37
2021-07-07,Malta,Oxford/AstraZeneca,816
2021-07-07,Malta,Moderna,37
2021-07-08,Malta,Oxford/AstraZeneca,816
2021-07-08,Malta,Moderna,37
2021-07-09,Malta,Oxford/AstraZeneca,390
2021-07-09,Malta,Moderna,46
2021-07-10,Malta,Oxford/AstraZeneca,390
2021-07-10,Malta,Moderna,46
2021-07-11,Malta,Oxford/AstraZeneca,390
2021-07-11,Malta,Moderna,46
2021-07-12,Malta,Oxford/AstraZeneca,390
2021-07-12,Malta,Moderna,46
2021-07-13,Malta,Oxford/AstraZeneca,390
2021-07-13,Malta,Moderna,46
2021-07-14,Malta,Oxford/AstraZeneca,390
2021-07-14,Malta,Moderna,46
2021-07-15,Malta,Oxford/AstraZeneca,390
2021-07-15,Malta,Moderna,46
2021-07-16,Malta,Oxford/AstraZeneca,447
2021-07-16,Malta,Moderna,29
2021-07-17,Malta,Oxford/AstraZeneca,447
2021-07-17,Malta,Moderna,29
2021-07-18,Malta,Oxford/AstraZeneca,447
2021-07-18,Malta,Moderna,29
2021-07-19,Malta,Oxford/AstraZeneca,447
2021-07-19,Malta,Moderna,29
2021-07-20,Malta,Oxford/AstraZeneca,447
2021-07-20,Malta,Moderna,29
2021-07-21,Malta,Oxford/AstraZeneca,447
2021-07-21,Malta,Moderna,29
2021-07-22,Malta,Oxford/AstraZeneca,447
2021-07-22,Malta,Moderna,29
2021-07-23,Malta,Oxford/AstraZeneca,71
2021-07-23,Malta,Moderna,23
2021-07-24,Malta,Oxford/AstraZeneca,71
2021-07-24,Malta,Moderna,23
2021-07-25,Malta,Oxford/AstraZeneca,71
2021-07-25,Malta,Moderna,23
2021-07-26,Malta,Oxford/AstraZeneca,71
2021-07-26,Malta,Moderna,23
2021-07-27,Malta,Oxford/AstraZeneca,71
2021-07-27,Malta,Moderna,23
2021-07-28,Malta,Oxford/AstraZeneca,71
2021-07-28,Malta,Moderna,23
2021-07-29,Malta,Oxford/AstraZeneca,71
2021-07-29,Malta,Moderna,23
2021-07-30,Malta,Oxford/AstraZeneca,19
2021-07-30,Malta,Moderna,14
2021-07-31,Malta,Oxford/AstraZeneca,19
2021-07-31,Malta,Moderna,14
2021-08-01,Malta,Oxford/AstraZeneca,19
2021-08-01,Malta,Moderna,14
2021-08-02,Malta,Oxford/AstraZeneca,19
2021-08-02,Malta,Moderna,14
2021-08-03,Malta,Oxford/AstraZeneca,19
2021-08-03,Malta,Moderna,14
2021-08-04,Malta,Oxford/AstraZeneca,19
2021-08-04,Malta,Moderna,14
2021-08-05,Malta,Oxford/AstraZeneca,19
2021-08-05,Malta,Moderna,14
2021-08-06,Malta,Oxford/AstraZeneca,5
2021-08-06,Malta,Moderna,8
2021-08-07,Malta,Oxford/AstraZeneca,5
2021-08-07,Malta,Moderna,8
2021-08-08,Malta,Oxford/AstraZeneca,5
2021-08-08,Malta,Moderna,8
2021-08-09,Malta,Oxford/AstraZeneca,5
2021-08-09,Malta,Moderna,8
2021-08-10,Malta,Oxford/AstraZeneca,5
2021-08-10,Malta,Moderna,8
2021-08-11,Malta,Oxford/AstraZeneca,5
2021-08-11,Malta,Moderna,8
2021-08-12,Malta,Oxford/AstraZeneca,5
2021-08-12,Malta,Moderna,8
2021-08-13,Malta,Oxford/AstraZeneca,3
2021-08-13,Malta,Moderna,7
2021-08-14,Malta,Oxford/AstraZeneca,3
2021-08-14,Malta,Moderna,7
2021-08-15,Malta,Oxford/AstraZeneca,3
2021-08-15,Malta,Moderna,7
2021-08-16,Malta,Oxford/AstraZeneca,3
2021-08-16,Malta,Moderna,7
2021-08-17,Malta,Oxford/AstraZeneca,3
2021-08-17,Malta,Moderna,7
2021-08-18,Malta,Oxford/AstraZeneca,3
2021-08-18,Malta,Moderna,7
2021-08-19,Malta,Oxford/AstraZeneca,3
2021-08-19,Malta,Moderna,7
2021-08-20,Malta,Oxford/AstraZeneca,3
2021-08-20,Malta,Moderna,9
2021-08-21,Malta,Oxford/AstraZeneca,3
2021-08-21,Malta,Moderna,9
2021-08-22,Malta,Oxford/AstraZeneca,3
2021-08-22,Malta,Moderna,9
2021-08-23,Malta,Oxford/AstraZeneca,3
2021-08-23,Malta,Moderna,9
2021-08-24,Malta,Oxford/AstraZeneca,3
2021-08-24,Malta,Moderna,9
2021-08-25,Malta,Oxford/AstraZeneca,3
2021-08-25,Malta,Moderna,9
2021-08-26,Malta,Oxford/AstraZeneca,3
2021-08-26,Malta,Moderna,9
2021-08-27,Malta,Oxford/AstraZeneca,0
2021-08-27,Malta,Moderna,1
2021-08-28,Malta,Oxford/AstraZeneca,0
2021-08-28,Malta,Moderna,1
2021-08-29,Malta,Oxford/AstraZeneca,0
2021-08-29,Malta,Moderna,1
2021-08-30,Malta,Oxford/AstraZeneca,0
2021-08-30,Malta,Moderna,1
2021-08-31,Malta,Oxford/AstraZeneca,0
2021-08-31,Malta,Moderna,1
2021-09-01,Malta,Oxford/AstraZeneca,0
2021-09-01,Malta,Moderna,1
2021-09-02,Malta,Oxford/AstraZeneca,0
2021-09-02,Malta,Moderna,1
2021-09-03,Malta,Oxford/AstraZeneca,0
2021-09-03,Malta,Moderna,0
2021-09-04,Malta,Oxford/AstraZeneca,0
2021-09-04,Malta,Moderna,0
2021-09-05,Malta,Oxford/AstraZeneca,0
2021-09-05,Malta,Moderna,0
2021-09-06,Malta,Oxford/AstraZeneca,0
2021-09-06,Malta,Moderna,0
2021-09-07,Malta,Oxford/AstraZeneca,0
2021-09-07,Malta,Moderna,0
2021-09-08,Malta,Oxford/AstraZeneca,0
2021-09-08,Malta,Moderna,0
2021-09-09,Malta,Oxford/AstraZeneca,0
2021-09-09,Malta,Moderna,0
2021-09-10,Malta,Oxford/AstraZeneca,2
2021-09-10,Malta,Moderna,0
2021-09-11,Malta,Oxford/AstraZeneca,2
2021-09-11,Malta,Moderna,0
2021-09-12,Malta,Oxford/AstraZeneca,2
2021-09-12,Malta,Moderna,0
2021-09-13,Malta,Oxford/AstraZeneca,2
2021-09-13,Malta,Moderna,0
2021-09-14,Malta,Oxford/AstraZeneca,2
2021-09-14,Malta,Moderna,0
2021-09-15,Malta,Oxford/AstraZeneca,2
2021-09-15,Malta,Moderna,0
2021-09-16,Malta,Oxford/AstraZeneca,2
2021-09-16,Malta,Moderna,0
2021-09-17,Malta,Oxford/AstraZeneca,3
2021-09-17,Malta,Moderna,0
2021-09-18,Malta,Oxford/AstraZeneca,3
2021-09-18,Malta,Moderna,0
2021-09-19,Malta,Oxford/AstraZeneca,3
2021-09-19,Malta,Moderna,0
2021-09-20,Malta,Oxford/AstraZeneca,3
2021-09-20,Malta,Moderna,0
2021-09-21,Malta,Oxford/AstraZeneca,3
2021-09-21,Malta,Moderna,0
2021-09-22,Malta,Oxford/AstraZeneca,3
2021-09-22,Malta,Moderna,0
2021-09-23,Malta,Oxford/AstraZeneca,3
2021-09-23,Malta,Moderna,0
2021-09-24,Malta,Oxford/AstraZeneca,4
2021-09-24,Malta,Moderna,1
2021-09-25,Malta,Oxford/AstraZeneca,4
2021-09-25,Malta,Moderna,1
2021-09-26,Malta,Oxford/AstraZeneca,4
2021-09-26,Malta,Moderna,1
2021-09-27,Malta,Oxford/AstraZeneca,4
2021-09-27,Malta,Moderna,1
2021-09-28,Malta,Oxford/AstraZeneca,4
2021-09-28,Malta,Moderna,1
2021-09-29,Malta,Oxford/AstraZeneca,4
2021-09-29,Malta,Moderna,1
2021-09-30,Malta,Oxford/AstraZeneca,4
2021-09-30,Malta,Moderna,1
2021-10-01,Malta,Oxford/AstraZeneca,1
2021-10-01,Malta,Moderna,1
2021-10-02,Malta,Oxford/AstraZeneca,1
2021-10-02,Malta,Moderna,1
2021-10-03,Malta,Oxford/AstraZeneca,1
2021-10-03,Malta,Moderna,1
2021-10-04,Malta,Oxford/AstraZeneca,1
2021-10-04,Malta,Moderna,1
2021-10-05,Malta,Oxford/AstraZeneca,1
2021-10-05,Malta,Moderna,1
2021-10-06,Malta,Oxford/AstraZeneca,1
2021-10-06,Malta,Moderna,1
2021-10-07,Malta,Oxford/AstraZeneca,1
2021-10-07,Malta,Moderna,1
2021-10-08,Malta,Oxford/AstraZeneca,0
2021-10-08,Malta,Moderna,0
2021-10-09,Malta,Oxford/AstraZeneca,0
2021-10-09,Malta,Moderna,0
2021-10-10,Malta,Oxford/AstraZeneca,0
2021-10-10,Malta,Moderna,0
2021-10-11,Malta,Oxford/AstraZeneca,0
2021-10-11,Malta,Moderna,0
2021-10-12,Malta,Oxford/AstraZeneca,0
2021-10-12,Malta,Moderna,0
2021-10-13,Malta,Oxford/AstraZeneca,0
2021-10-13,Malta,Moderna,0
2021-10-14,Malta,Oxford/AstraZeneca,0
2021-10-14,Malta,Moderna,0
2021-10-15,Malta,Oxford/AstraZeneca,0
2021-10-15,Malta,Moderna,196
2021-10-16,Malta,Oxford/AstraZeneca,0
2021-10-16,Malta,Moderna,196
2021-10-17,Malta,Oxford/AstraZeneca,0
2021-10-17,Malta,Moderna,196
2021-10-18,Malta,Oxford/AstraZeneca,0
2021-10-18,Malta,Moderna,196
2021-10-19,Malta,Oxford/AstraZeneca,0
2021-10-19,Malta,Moderna,196
2021-10-20,Malta,Oxford/AstraZeneca,0
2021-10-20,Malta,Moderna,196
2021-10-21,Malta,Oxford/AstraZeneca,0
2021-10-21,Malta,Moderna,196
2021-10-22,Malta,Oxford/AstraZeneca,3
2021-10-22,Malta,Moderna,319
2021-10-23,Malta,Oxford/AstraZeneca,3
2021-10-23,Malta,Moderna,319
2021-10-24,Malta,Oxford/AstraZeneca,3
2021-10-24,Malta,Moderna,319
2021-10-25,Malta,Oxford/AstraZeneca,3
2021-10-25,Malta,Moderna,319
2021-10-26,Malta,Oxford/AstraZeneca,3
2021-10-26,Malta,Moderna,319
2021-10-27,Malta,Oxford/AstraZeneca,3
2021-10-27,Malta,Moderna,319
2021-10-28,Malta,Oxford/AstraZeneca,3
2021-10-28,Malta,Moderna,319
2021-10-29,Malta,Oxford/AstraZeneca,1
2021-10-29,Malta,Moderna,751
2021-10-30,Malta,Oxford/AstraZeneca,1
2021-10-30,Malta,Moderna,751
2021-10-31,Malta,Oxford/AstraZeneca,1
2021-10-31,Malta,Moderna,751
2021-11-01,Malta,Oxford/AstraZeneca,1
2021-11-01,Malta,Moderna,751
2021-11-02,Malta,Oxford/AstraZeneca,1
2021-11-02,Malta,Moderna,751
2021-11-03,Malta,Oxford/AstraZeneca,1
2021-11-03,Malta,Moderna,751
2021-11-04,Malta,Oxford/AstraZeneca,1
2021-11-04,Malta,Moderna,751
2021-11-05,Malta,Oxford/AstraZeneca,1
2021-11-05,Malta,Moderna,1714
2021-11-06,Malta,Oxford/AstraZeneca,1
2021-11-06,Malta,Moderna,1714
2021-11-07,Malta,Oxford/AstraZeneca,1
2021-11-07,Malta,Moderna,1714
2021-11-08,Malta,Oxford/AstraZeneca,1
2021-11-08,Malta,Moderna,1714
2021-11-09,Malta,Oxford/AstraZeneca,1
2021-11-09,Malta,Moderna,1714
2021-11-10,Malta,Oxford/AstraZeneca,1
2021-11-10,Malta,Moderna,1714
2021-11-11,Malta,Oxford/AstraZeneca,1
2021-11-11,Malta,Moderna,1714
2021-11-12,Malta,Oxford/AstraZeneca,1
2021-11-12,Malta,Moderna,1361
2021-11-13,Malta,Oxford/AstraZeneca,1
2021-11-13,Malta,Moderna,1361
2021-11-14,Malta,Oxford/AstraZeneca,1
2021-11-14,Malta,Moderna,1361
2021-11-15,Malta,Oxford/AstraZeneca,1
2021-11-15,Malta,Moderna,1361
2021-11-16,Malta,Oxford/AstraZeneca,1
2021-11-16,Malta,Moderna,1361
2021-11-17,Malta,Oxford/AstraZeneca,1
2021-11-17,Malta,Moderna,1361
2021-11-18,Malta,Oxford/AstraZeneca,1
2021-11-18,Malta,Moderna,1361
2021-11-19,Malta,Oxford/AstraZeneca,1
2021-11-19,Malta,Moderna,1435
2021-11-20,Malta,Oxford/AstraZeneca,1
2021-11-20,Malta,Moderna,1435
2021-11-21,Malta,Oxford/AstraZeneca,1
2021-11-21,Malta,Moderna,1435
2021-11-22,Malta,Oxford/AstraZeneca,1
2021-11-22,Malta,Moderna,1435
2021-11-23,Malta,Oxford/AstraZeneca,1
2021-11-23,Malta,Moderna,1435
2021-11-24,Malta,Oxford/AstraZeneca,1
2021-11-24,Malta,Moderna,1435
2021-11-25,Malta,Oxford/AstraZeneca,1
2021-11-25,Malta,Moderna,1435
2021-11-26,Malta,Oxford/AstraZeneca,1
2021-11-26,Malta,Moderna,1962
2021-11-27,Malta,Oxford/AstraZeneca,1
2021-11-27,Malta,Moderna,1962
2021-11-28,Malta,Oxford/AstraZeneca,1
2021-11-28,Malta,Moderna,1962
2021-11-29,Malta,Oxford/AstraZeneca,1
2021-11-29,Malta,Moderna,1962
2021-11-30,Malta,Oxford/AstraZeneca,1
2021-11-30,Malta,Moderna,1962
2021-12-01,Malta,Oxford/AstraZeneca,1
2021-12-01,Malta,Moderna,1962
2021-12-02,Malta,Oxford/AstraZeneca,1
2021-12-02,Malta,Moderna,1962
2021-12-03,Malta,Oxford/AstraZeneca,1
2021-12-03,Malta,Moderna,1625
2021-12-04,Malta,Oxford/AstraZeneca,1
2021-12-04,Malta,Moderna,1625
2021-12-05,Malta,Oxford/AstraZeneca,1
2021-12-05,Malta,Moderna,1625
2021-12-06,Malta,Oxford/AstraZeneca,1
2021-12-06,Malta,Moderna,1625
2021-12-07,Malta,Oxford/AstraZeneca,1
2021-12-07,Malta,Moderna,1625
2021-12-08,Malta,Oxford/AstraZeneca,1
2021-12-08,Malta,Moderna,1625
2021-12-09,Malta,Oxford/AstraZeneca,1
2021-12-09,Malta,Moderna,1625
2021-12-10,Malta,Oxford/AstraZeneca,1
2021-12-10,Malta,Moderna,1414
2021-12-11,Malta,Oxford/AstraZeneca,1
2021-12-11,Malta,Moderna,1414
2021-12-12,Malta,Oxford/AstraZeneca,1
2021-12-12,Malta,Moderna,1414
2021-12-13,Malta,Oxford/AstraZeneca,1
2021-12-13,Malta,Moderna,1414
2021-12-14,Malta,Oxford/AstraZeneca,1
2021-12-14,Malta,Moderna,1414
2021-12-15,Malta,Oxford/AstraZeneca,1
2021-12-15,Malta,Moderna,1414
2021-12-16,Malta,Oxford/AstraZeneca,1
2021-12-16,Malta,Moderna,1414
2021-12-17,Malta,Oxford/AstraZeneca,0
2021-12-17,Malta,Moderna,1542
2021-12-18,Malta,Oxford/AstraZeneca,0
2021-12-18,Malta,Moderna,1542
2021-12-19,Malta,Oxford/AstraZeneca,0
2021-12-19,Malta,Moderna,1542
2021-12-20,Malta,Oxford/AstraZeneca,0
2021-12-20,Malta,Moderna,1542
2021-12-21,Malta,Oxford/AstraZeneca,0
2021-12-21,Malta,Moderna,1542
2021-12-22,Malta,Oxford/AstraZeneca,0
2021-12-22,Malta,Moderna,1542
2021-12-23,Malta,Oxford/AstraZeneca,0
2021-12-23,Malta,Moderna,1542
2021-12-24,Malta,Oxford/AstraZeneca,2
2021-12-24,Malta,Moderna,4040
2021-12-25,Malta,Oxford/AstraZeneca,2
2021-12-25,Malta,Moderna,4040
2021-12-26,Malta,Oxford/AstraZeneca,2
2021-12-26,Malta,Moderna,4040
2021-12-27,Malta,Oxford/AstraZeneca,2
2021-12-27,Malta,Moderna,4040
2021-12-28,Malta,Oxford/AstraZeneca,2
2021-12-28,Malta,Moderna,4040
2021-12-29,Malta,Oxford/AstraZeneca,2
2021-12-29,Malta,Moderna,4040
2021-12-30,Malta,Oxford/AstraZeneca,2
2021-12-30,Malta,Moderna,4040
2021-12-31,Malta,Oxford/AstraZeneca,0
2021-12-31,Malta,Moderna,5476
