date,location,vaccine,total_vaccinations
2021-01-01,Netherlands,Moderna,0
2021-01-01,Netherlands,Novavax,0
2021-01-01,Netherlands,Oxford/AstraZeneca,0
2021-01-01,Netherlands,Pfizer/BioNTech,4968
2021-01-02,Netherlands,Moderna,0
2021-01-02,Netherlands,Novavax,0
2021-01-02,Netherlands,Oxford/AstraZeneca,0
2021-01-02,Netherlands,Pfizer/BioNTech,4968
2021-01-03,Netherlands,Moderna,0
2021-01-03,Netherlands,Novavax,0
2021-01-03,Netherlands,Oxford/AstraZeneca,0
2021-01-03,Netherlands,Pfizer/BioNTech,4968
2021-01-04,Netherlands,Moderna,0
2021-01-04,Netherlands,Novavax,0
2021-01-04,Netherlands,Oxford/AstraZeneca,0
2021-01-04,Netherlands,Pfizer/BioNTech,4968
2021-01-05,Netherlands,Moderna,0
2021-01-05,Netherlands,Novavax,0
2021-01-05,Netherlands,Oxford/AstraZeneca,0
2021-01-05,Netherlands,Pfizer/BioNTech,4968
2021-01-06,Netherlands,Moderna,0
2021-01-06,Netherlands,Novavax,0
2021-01-06,Netherlands,Oxford/AstraZeneca,0
2021-01-06,Netherlands,Pfizer/BioNTech,4968
2021-01-07,Netherlands,Moderna,0
2021-01-07,Netherlands,Novavax,0
2021-01-07,Netherlands,Oxford/AstraZeneca,0
2021-01-07,Netherlands,Pfizer/BioNTech,4968
2021-01-08,Netherlands,Moderna,0
2021-01-08,Netherlands,Novavax,0
2021-01-08,Netherlands,Oxford/AstraZeneca,24
2021-01-08,Netherlands,Pfizer/BioNTech,6017
2021-01-09,Netherlands,Moderna,0
2021-01-09,Netherlands,Novavax,0
2021-01-09,Netherlands,Oxford/AstraZeneca,24
2021-01-09,Netherlands,Pfizer/BioNTech,6017
2021-01-10,Netherlands,Moderna,0
2021-01-10,Netherlands,Novavax,0
2021-01-10,Netherlands,Oxford/AstraZeneca,24
2021-01-10,Netherlands,Pfizer/BioNTech,6017
2021-01-11,Netherlands,Moderna,0
2021-01-11,Netherlands,Novavax,0
2021-01-11,Netherlands,Oxford/AstraZeneca,24
2021-01-11,Netherlands,Pfizer/BioNTech,6017
2021-01-12,Netherlands,Moderna,0
2021-01-12,Netherlands,Novavax,0
2021-01-12,Netherlands,Oxford/AstraZeneca,24
2021-01-12,Netherlands,Pfizer/BioNTech,6017
2021-01-13,Netherlands,Moderna,0
2021-01-13,Netherlands,Novavax,0
2021-01-13,Netherlands,Oxford/AstraZeneca,24
2021-01-13,Netherlands,Pfizer/BioNTech,6017
2021-01-14,Netherlands,Moderna,0
2021-01-14,Netherlands,Novavax,0
2021-01-14,Netherlands,Oxford/AstraZeneca,24
2021-01-14,Netherlands,Pfizer/BioNTech,6017
2021-01-15,Netherlands,Moderna,582
2021-01-15,Netherlands,Novavax,0
2021-01-15,Netherlands,Oxford/AstraZeneca,1
2021-01-15,Netherlands,Pfizer/BioNTech,11905
2021-01-16,Netherlands,Moderna,582
2021-01-16,Netherlands,Novavax,0
2021-01-16,Netherlands,Oxford/AstraZeneca,1
2021-01-16,Netherlands,Pfizer/BioNTech,11905
2021-01-17,Netherlands,Moderna,582
2021-01-17,Netherlands,Novavax,0
2021-01-17,Netherlands,Oxford/AstraZeneca,1
2021-01-17,Netherlands,Pfizer/BioNTech,11905
2021-01-18,Netherlands,Moderna,582
2021-01-18,Netherlands,Novavax,0
2021-01-18,Netherlands,Oxford/AstraZeneca,1
2021-01-18,Netherlands,Pfizer/BioNTech,11905
2021-01-19,Netherlands,Moderna,582
2021-01-19,Netherlands,Novavax,0
2021-01-19,Netherlands,Oxford/AstraZeneca,1
2021-01-19,Netherlands,Pfizer/BioNTech,11905
2021-01-20,Netherlands,Moderna,582
2021-01-20,Netherlands,Novavax,0
2021-01-20,Netherlands,Oxford/AstraZeneca,1
2021-01-20,Netherlands,Pfizer/BioNTech,11905
2021-01-21,Netherlands,Moderna,582
2021-01-21,Netherlands,Novavax,0
2021-01-21,Netherlands,Oxford/AstraZeneca,1
2021-01-21,Netherlands,Pfizer/BioNTech,11905
2021-01-22,Netherlands,Moderna,754
2021-01-22,Netherlands,Novavax,0
2021-01-22,Netherlands,Oxford/AstraZeneca,3
2021-01-22,Netherlands,Pfizer/BioNTech,21431
2021-01-23,Netherlands,Moderna,754
2021-01-23,Netherlands,Novavax,0
2021-01-23,Netherlands,Oxford/AstraZeneca,3
2021-01-23,Netherlands,Pfizer/BioNTech,21431
2021-01-24,Netherlands,Moderna,754
2021-01-24,Netherlands,Novavax,0
2021-01-24,Netherlands,Oxford/AstraZeneca,3
2021-01-24,Netherlands,Pfizer/BioNTech,21431
2021-01-25,Netherlands,Moderna,754
2021-01-25,Netherlands,Novavax,0
2021-01-25,Netherlands,Oxford/AstraZeneca,3
2021-01-25,Netherlands,Pfizer/BioNTech,21431
2021-01-26,Netherlands,Moderna,754
2021-01-26,Netherlands,Novavax,0
2021-01-26,Netherlands,Oxford/AstraZeneca,3
2021-01-26,Netherlands,Pfizer/BioNTech,21431
2021-01-27,Netherlands,Moderna,754
2021-01-27,Netherlands,Novavax,0
2021-01-27,Netherlands,Oxford/AstraZeneca,3
2021-01-27,Netherlands,Pfizer/BioNTech,21431
2021-01-28,Netherlands,Moderna,754
2021-01-28,Netherlands,Novavax,0
2021-01-28,Netherlands,Oxford/AstraZeneca,3
2021-01-28,Netherlands,Pfizer/BioNTech,21431
2021-01-29,Netherlands,Moderna,1187
2021-01-29,Netherlands,Novavax,0
2021-01-29,Netherlands,Oxford/AstraZeneca,17
2021-01-29,Netherlands,Pfizer/BioNTech,26345
2021-01-30,Netherlands,Moderna,1187
2021-01-30,Netherlands,Novavax,0
2021-01-30,Netherlands,Oxford/AstraZeneca,17
2021-01-30,Netherlands,Pfizer/BioNTech,26345
2021-01-31,Netherlands,Moderna,1187
2021-01-31,Netherlands,Novavax,0
2021-01-31,Netherlands,Oxford/AstraZeneca,17
2021-01-31,Netherlands,Pfizer/BioNTech,26345
2021-02-01,Netherlands,Moderna,1187
2021-02-01,Netherlands,Novavax,0
2021-02-01,Netherlands,Oxford/AstraZeneca,17
2021-02-01,Netherlands,Pfizer/BioNTech,26345
2021-02-02,Netherlands,Moderna,1187
2021-02-02,Netherlands,Novavax,0
2021-02-02,Netherlands,Oxford/AstraZeneca,17
2021-02-02,Netherlands,Pfizer/BioNTech,26345
2021-02-03,Netherlands,Moderna,1187
2021-02-03,Netherlands,Novavax,0
2021-02-03,Netherlands,Oxford/AstraZeneca,17
2021-02-03,Netherlands,Pfizer/BioNTech,26345
2021-02-04,Netherlands,Moderna,1187
2021-02-04,Netherlands,Novavax,0
2021-02-04,Netherlands,Oxford/AstraZeneca,17
2021-02-04,Netherlands,Pfizer/BioNTech,26345
2021-02-05,Netherlands,Moderna,327
2021-02-05,Netherlands,Novavax,0
2021-02-05,Netherlands,Oxford/AstraZeneca,147
2021-02-05,Netherlands,Pfizer/BioNTech,27882
2021-02-06,Netherlands,Moderna,327
2021-02-06,Netherlands,Novavax,0
2021-02-06,Netherlands,Oxford/AstraZeneca,147
2021-02-06,Netherlands,Pfizer/BioNTech,27882
2021-02-07,Netherlands,Moderna,327
2021-02-07,Netherlands,Novavax,0
2021-02-07,Netherlands,Oxford/AstraZeneca,147
2021-02-07,Netherlands,Pfizer/BioNTech,27882
2021-02-08,Netherlands,Moderna,327
2021-02-08,Netherlands,Novavax,0
2021-02-08,Netherlands,Oxford/AstraZeneca,147
2021-02-08,Netherlands,Pfizer/BioNTech,27882
2021-02-09,Netherlands,Moderna,327
2021-02-09,Netherlands,Novavax,0
2021-02-09,Netherlands,Oxford/AstraZeneca,147
2021-02-09,Netherlands,Pfizer/BioNTech,27882
2021-02-10,Netherlands,Moderna,327
2021-02-10,Netherlands,Novavax,0
2021-02-10,Netherlands,Oxford/AstraZeneca,147
2021-02-10,Netherlands,Pfizer/BioNTech,27882
2021-02-11,Netherlands,Moderna,327
2021-02-11,Netherlands,Novavax,0
2021-02-11,Netherlands,Oxford/AstraZeneca,147
2021-02-11,Netherlands,Pfizer/BioNTech,27882
2021-02-12,Netherlands,Moderna,1265
2021-02-12,Netherlands,Novavax,0
2021-02-12,Netherlands,Oxford/AstraZeneca,8004
2021-02-12,Netherlands,Pfizer/BioNTech,21675
2021-02-13,Netherlands,Moderna,1265
2021-02-13,Netherlands,Novavax,0
2021-02-13,Netherlands,Oxford/AstraZeneca,8004
2021-02-13,Netherlands,Pfizer/BioNTech,21675
2021-02-14,Netherlands,Moderna,1265
2021-02-14,Netherlands,Novavax,0
2021-02-14,Netherlands,Oxford/AstraZeneca,8004
2021-02-14,Netherlands,Pfizer/BioNTech,21675
2021-02-15,Netherlands,Moderna,1265
2021-02-15,Netherlands,Novavax,0
2021-02-15,Netherlands,Oxford/AstraZeneca,8004
2021-02-15,Netherlands,Pfizer/BioNTech,21675
2021-02-16,Netherlands,Moderna,1265
2021-02-16,Netherlands,Novavax,0
2021-02-16,Netherlands,Oxford/AstraZeneca,8004
2021-02-16,Netherlands,Pfizer/BioNTech,21675
2021-02-17,Netherlands,Moderna,1265
2021-02-17,Netherlands,Novavax,0
2021-02-17,Netherlands,Oxford/AstraZeneca,8004
2021-02-17,Netherlands,Pfizer/BioNTech,21675
2021-02-18,Netherlands,Moderna,1265
2021-02-18,Netherlands,Novavax,0
2021-02-18,Netherlands,Oxford/AstraZeneca,8004
2021-02-18,Netherlands,Pfizer/BioNTech,21675
2021-02-19,Netherlands,Moderna,2303
2021-02-19,Netherlands,Novavax,0
2021-02-19,Netherlands,Oxford/AstraZeneca,15570
2021-02-19,Netherlands,Pfizer/BioNTech,25946
2021-02-20,Netherlands,Moderna,2303
2021-02-20,Netherlands,Novavax,0
2021-02-20,Netherlands,Oxford/AstraZeneca,15570
2021-02-20,Netherlands,Pfizer/BioNTech,25946
2021-02-21,Netherlands,Moderna,2303
2021-02-21,Netherlands,Novavax,0
2021-02-21,Netherlands,Oxford/AstraZeneca,15570
2021-02-21,Netherlands,Pfizer/BioNTech,25946
2021-02-22,Netherlands,Moderna,2303
2021-02-22,Netherlands,Novavax,0
2021-02-22,Netherlands,Oxford/AstraZeneca,15570
2021-02-22,Netherlands,Pfizer/BioNTech,25946
2021-02-23,Netherlands,Moderna,2303
2021-02-23,Netherlands,Novavax,0
2021-02-23,Netherlands,Oxford/AstraZeneca,15570
2021-02-23,Netherlands,Pfizer/BioNTech,25946
2021-02-24,Netherlands,Moderna,2303
2021-02-24,Netherlands,Novavax,0
2021-02-24,Netherlands,Oxford/AstraZeneca,15570
2021-02-24,Netherlands,Pfizer/BioNTech,25946
2021-02-25,Netherlands,Moderna,2303
2021-02-25,Netherlands,Novavax,0
2021-02-25,Netherlands,Oxford/AstraZeneca,15570
2021-02-25,Netherlands,Pfizer/BioNTech,25946
2021-02-26,Netherlands,Moderna,2456
2021-02-26,Netherlands,Novavax,0
2021-02-26,Netherlands,Oxford/AstraZeneca,9024
2021-02-26,Netherlands,Pfizer/BioNTech,24484
2021-02-27,Netherlands,Moderna,2456
2021-02-27,Netherlands,Novavax,0
2021-02-27,Netherlands,Oxford/AstraZeneca,9024
2021-02-27,Netherlands,Pfizer/BioNTech,24484
2021-02-28,Netherlands,Moderna,2456
2021-02-28,Netherlands,Novavax,0
2021-02-28,Netherlands,Oxford/AstraZeneca,9024
2021-02-28,Netherlands,Pfizer/BioNTech,24484
2021-03-01,Netherlands,Moderna,2456
2021-03-01,Netherlands,Novavax,0
2021-03-01,Netherlands,Oxford/AstraZeneca,9024
2021-03-01,Netherlands,Pfizer/BioNTech,24484
2021-03-02,Netherlands,Moderna,2456
2021-03-02,Netherlands,Novavax,0
2021-03-02,Netherlands,Oxford/AstraZeneca,9024
2021-03-02,Netherlands,Pfizer/BioNTech,24484
2021-03-03,Netherlands,Moderna,2456
2021-03-03,Netherlands,Novavax,0
2021-03-03,Netherlands,Oxford/AstraZeneca,9024
2021-03-03,Netherlands,Pfizer/BioNTech,24484
2021-03-04,Netherlands,Moderna,2456
2021-03-04,Netherlands,Novavax,0
2021-03-04,Netherlands,Oxford/AstraZeneca,9024
2021-03-04,Netherlands,Pfizer/BioNTech,24484
2021-03-05,Netherlands,Moderna,1895
2021-03-05,Netherlands,Novavax,0
2021-03-05,Netherlands,Oxford/AstraZeneca,11125
2021-03-05,Netherlands,Pfizer/BioNTech,21714
2021-03-06,Netherlands,Moderna,1895
2021-03-06,Netherlands,Novavax,0
2021-03-06,Netherlands,Oxford/AstraZeneca,11125
2021-03-06,Netherlands,Pfizer/BioNTech,21714
2021-03-07,Netherlands,Moderna,1895
2021-03-07,Netherlands,Novavax,0
2021-03-07,Netherlands,Oxford/AstraZeneca,11125
2021-03-07,Netherlands,Pfizer/BioNTech,21714
2021-03-08,Netherlands,Moderna,1895
2021-03-08,Netherlands,Novavax,0
2021-03-08,Netherlands,Oxford/AstraZeneca,11125
2021-03-08,Netherlands,Pfizer/BioNTech,21714
2021-03-09,Netherlands,Moderna,1895
2021-03-09,Netherlands,Novavax,0
2021-03-09,Netherlands,Oxford/AstraZeneca,11125
2021-03-09,Netherlands,Pfizer/BioNTech,21714
2021-03-10,Netherlands,Moderna,1895
2021-03-10,Netherlands,Novavax,0
2021-03-10,Netherlands,Oxford/AstraZeneca,11125
2021-03-10,Netherlands,Pfizer/BioNTech,21714
2021-03-11,Netherlands,Moderna,1895
2021-03-11,Netherlands,Novavax,0
2021-03-11,Netherlands,Oxford/AstraZeneca,11125
2021-03-11,Netherlands,Pfizer/BioNTech,21714
2021-03-12,Netherlands,Moderna,1790
2021-03-12,Netherlands,Novavax,0
2021-03-12,Netherlands,Oxford/AstraZeneca,5855
2021-03-12,Netherlands,Pfizer/BioNTech,25968
2021-03-13,Netherlands,Moderna,1790
2021-03-13,Netherlands,Novavax,0
2021-03-13,Netherlands,Oxford/AstraZeneca,5855
2021-03-13,Netherlands,Pfizer/BioNTech,25968
2021-03-14,Netherlands,Moderna,1790
2021-03-14,Netherlands,Novavax,0
2021-03-14,Netherlands,Oxford/AstraZeneca,5855
2021-03-14,Netherlands,Pfizer/BioNTech,25968
2021-03-15,Netherlands,Moderna,1790
2021-03-15,Netherlands,Novavax,0
2021-03-15,Netherlands,Oxford/AstraZeneca,5855
2021-03-15,Netherlands,Pfizer/BioNTech,25968
2021-03-16,Netherlands,Moderna,1790
2021-03-16,Netherlands,Novavax,0
2021-03-16,Netherlands,Oxford/AstraZeneca,5855
2021-03-16,Netherlands,Pfizer/BioNTech,25968
2021-03-17,Netherlands,Moderna,1790
2021-03-17,Netherlands,Novavax,0
2021-03-17,Netherlands,Oxford/AstraZeneca,5855
2021-03-17,Netherlands,Pfizer/BioNTech,25968
2021-03-18,Netherlands,Moderna,1790
2021-03-18,Netherlands,Novavax,0
2021-03-18,Netherlands,Oxford/AstraZeneca,5855
2021-03-18,Netherlands,Pfizer/BioNTech,25968
2021-03-19,Netherlands,Moderna,5077
2021-03-19,Netherlands,Novavax,0
2021-03-19,Netherlands,Oxford/AstraZeneca,5855
2021-03-19,Netherlands,Pfizer/BioNTech,20909
2021-03-20,Netherlands,Moderna,5077
2021-03-20,Netherlands,Novavax,0
2021-03-20,Netherlands,Oxford/AstraZeneca,5855
2021-03-20,Netherlands,Pfizer/BioNTech,20909
2021-03-21,Netherlands,Moderna,5077
2021-03-21,Netherlands,Novavax,0
2021-03-21,Netherlands,Oxford/AstraZeneca,5855
2021-03-21,Netherlands,Pfizer/BioNTech,20909
2021-03-22,Netherlands,Moderna,5077
2021-03-22,Netherlands,Novavax,0
2021-03-22,Netherlands,Oxford/AstraZeneca,5855
2021-03-22,Netherlands,Pfizer/BioNTech,20909
2021-03-23,Netherlands,Moderna,5077
2021-03-23,Netherlands,Novavax,0
2021-03-23,Netherlands,Oxford/AstraZeneca,5855
2021-03-23,Netherlands,Pfizer/BioNTech,20909
2021-03-24,Netherlands,Moderna,5077
2021-03-24,Netherlands,Novavax,0
2021-03-24,Netherlands,Oxford/AstraZeneca,5855
2021-03-24,Netherlands,Pfizer/BioNTech,20909
2021-03-25,Netherlands,Moderna,5077
2021-03-25,Netherlands,Novavax,0
2021-03-25,Netherlands,Oxford/AstraZeneca,5855
2021-03-25,Netherlands,Pfizer/BioNTech,20909
2021-03-26,Netherlands,Moderna,5022
2021-03-26,Netherlands,Novavax,0
2021-03-26,Netherlands,Oxford/AstraZeneca,16520
2021-03-26,Netherlands,Pfizer/BioNTech,38485
2021-03-27,Netherlands,Moderna,5022
2021-03-27,Netherlands,Novavax,0
2021-03-27,Netherlands,Oxford/AstraZeneca,16520
2021-03-27,Netherlands,Pfizer/BioNTech,38485
2021-03-28,Netherlands,Moderna,5022
2021-03-28,Netherlands,Novavax,0
2021-03-28,Netherlands,Oxford/AstraZeneca,16520
2021-03-28,Netherlands,Pfizer/BioNTech,38485
2021-03-29,Netherlands,Moderna,5022
2021-03-29,Netherlands,Novavax,0
2021-03-29,Netherlands,Oxford/AstraZeneca,16520
2021-03-29,Netherlands,Pfizer/BioNTech,38485
2021-03-30,Netherlands,Moderna,5022
2021-03-30,Netherlands,Novavax,0
2021-03-30,Netherlands,Oxford/AstraZeneca,16520
2021-03-30,Netherlands,Pfizer/BioNTech,38485
2021-03-31,Netherlands,Moderna,5022
2021-03-31,Netherlands,Novavax,0
2021-03-31,Netherlands,Oxford/AstraZeneca,16520
2021-03-31,Netherlands,Pfizer/BioNTech,38485
2021-04-01,Netherlands,Moderna,5022
2021-04-01,Netherlands,Novavax,0
2021-04-01,Netherlands,Oxford/AstraZeneca,16520
2021-04-01,Netherlands,Pfizer/BioNTech,38485
2021-04-02,Netherlands,Moderna,5263
2021-04-02,Netherlands,Novavax,0
2021-04-02,Netherlands,Oxford/AstraZeneca,17178
2021-04-02,Netherlands,Pfizer/BioNTech,45741
2021-04-03,Netherlands,Moderna,5263
2021-04-03,Netherlands,Novavax,0
2021-04-03,Netherlands,Oxford/AstraZeneca,17178
2021-04-03,Netherlands,Pfizer/BioNTech,45741
2021-04-04,Netherlands,Moderna,5263
2021-04-04,Netherlands,Novavax,0
2021-04-04,Netherlands,Oxford/AstraZeneca,17178
2021-04-04,Netherlands,Pfizer/BioNTech,45741
2021-04-05,Netherlands,Moderna,5263
2021-04-05,Netherlands,Novavax,0
2021-04-05,Netherlands,Oxford/AstraZeneca,17178
2021-04-05,Netherlands,Pfizer/BioNTech,45741
2021-04-06,Netherlands,Moderna,5263
2021-04-06,Netherlands,Novavax,0
2021-04-06,Netherlands,Oxford/AstraZeneca,17178
2021-04-06,Netherlands,Pfizer/BioNTech,45741
2021-04-07,Netherlands,Moderna,5263
2021-04-07,Netherlands,Novavax,0
2021-04-07,Netherlands,Oxford/AstraZeneca,17178
2021-04-07,Netherlands,Pfizer/BioNTech,45741
2021-04-08,Netherlands,Moderna,5263
2021-04-08,Netherlands,Novavax,0
2021-04-08,Netherlands,Oxford/AstraZeneca,17178
2021-04-08,Netherlands,Pfizer/BioNTech,45741
2021-04-09,Netherlands,Moderna,4408
2021-04-09,Netherlands,Novavax,0
2021-04-09,Netherlands,Oxford/AstraZeneca,32580
2021-04-09,Netherlands,Pfizer/BioNTech,64806
2021-04-10,Netherlands,Moderna,4408
2021-04-10,Netherlands,Novavax,0
2021-04-10,Netherlands,Oxford/AstraZeneca,32580
2021-04-10,Netherlands,Pfizer/BioNTech,64806
2021-04-11,Netherlands,Moderna,4408
2021-04-11,Netherlands,Novavax,0
2021-04-11,Netherlands,Oxford/AstraZeneca,32580
2021-04-11,Netherlands,Pfizer/BioNTech,64806
2021-04-12,Netherlands,Moderna,4408
2021-04-12,Netherlands,Novavax,0
2021-04-12,Netherlands,Oxford/AstraZeneca,32580
2021-04-12,Netherlands,Pfizer/BioNTech,64806
2021-04-13,Netherlands,Moderna,4408
2021-04-13,Netherlands,Novavax,0
2021-04-13,Netherlands,Oxford/AstraZeneca,32580
2021-04-13,Netherlands,Pfizer/BioNTech,64806
2021-04-14,Netherlands,Moderna,4408
2021-04-14,Netherlands,Novavax,0
2021-04-14,Netherlands,Oxford/AstraZeneca,32580
2021-04-14,Netherlands,Pfizer/BioNTech,64806
2021-04-15,Netherlands,Moderna,4408
2021-04-15,Netherlands,Novavax,0
2021-04-15,Netherlands,Oxford/AstraZeneca,32580
2021-04-15,Netherlands,Pfizer/BioNTech,64806
2021-04-16,Netherlands,Moderna,5278
2021-04-16,Netherlands,Novavax,0
2021-04-16,Netherlands,Oxford/AstraZeneca,18813
2021-04-16,Netherlands,Pfizer/BioNTech,70367
2021-04-17,Netherlands,Moderna,5278
2021-04-17,Netherlands,Novavax,0
2021-04-17,Netherlands,Oxford/AstraZeneca,18813
2021-04-17,Netherlands,Pfizer/BioNTech,70367
2021-04-18,Netherlands,Moderna,5278
2021-04-18,Netherlands,Novavax,0
2021-04-18,Netherlands,Oxford/AstraZeneca,18813
2021-04-18,Netherlands,Pfizer/BioNTech,70367
2021-04-19,Netherlands,Moderna,5278
2021-04-19,Netherlands,Novavax,0
2021-04-19,Netherlands,Oxford/AstraZeneca,18813
2021-04-19,Netherlands,Pfizer/BioNTech,70367
2021-04-20,Netherlands,Moderna,5278
2021-04-20,Netherlands,Novavax,0
2021-04-20,Netherlands,Oxford/AstraZeneca,18813
2021-04-20,Netherlands,Pfizer/BioNTech,70367
2021-04-21,Netherlands,Moderna,5278
2021-04-21,Netherlands,Novavax,0
2021-04-21,Netherlands,Oxford/AstraZeneca,18813
2021-04-21,Netherlands,Pfizer/BioNTech,70367
2021-04-22,Netherlands,Moderna,5278
2021-04-22,Netherlands,Novavax,0
2021-04-22,Netherlands,Oxford/AstraZeneca,18813
2021-04-22,Netherlands,Pfizer/BioNTech,70367
2021-04-23,Netherlands,Moderna,4542
2021-04-23,Netherlands,Novavax,0
2021-04-23,Netherlands,Oxford/AstraZeneca,10626
2021-04-23,Netherlands,Pfizer/BioNTech,74071
2021-04-24,Netherlands,Moderna,4542
2021-04-24,Netherlands,Novavax,0
2021-04-24,Netherlands,Oxford/AstraZeneca,10626
2021-04-24,Netherlands,Pfizer/BioNTech,74071
2021-04-25,Netherlands,Moderna,4542
2021-04-25,Netherlands,Novavax,0
2021-04-25,Netherlands,Oxford/AstraZeneca,10626
2021-04-25,Netherlands,Pfizer/BioNTech,74071
2021-04-26,Netherlands,Moderna,4542
2021-04-26,Netherlands,Novavax,0
2021-04-26,Netherlands,Oxford/AstraZeneca,10626
2021-04-26,Netherlands,Pfizer/BioNTech,74071
2021-04-27,Netherlands,Moderna,4542
2021-04-27,Netherlands,Novavax,0
2021-04-27,Netherlands,Oxford/AstraZeneca,10626
2021-04-27,Netherlands,Pfizer/BioNTech,74071
2021-04-28,Netherlands,Moderna,4542
2021-04-28,Netherlands,Novavax,0
2021-04-28,Netherlands,Oxford/AstraZeneca,10626
2021-04-28,Netherlands,Pfizer/BioNTech,74071
2021-04-29,Netherlands,Moderna,4542
2021-04-29,Netherlands,Novavax,0
2021-04-29,Netherlands,Oxford/AstraZeneca,10626
2021-04-29,Netherlands,Pfizer/BioNTech,74071
2021-04-30,Netherlands,Moderna,4905
2021-04-30,Netherlands,Novavax,0
2021-04-30,Netherlands,Oxford/AstraZeneca,15010
2021-04-30,Netherlands,Pfizer/BioNTech,84006
2021-05-01,Netherlands,Moderna,4905
2021-05-01,Netherlands,Novavax,0
2021-05-01,Netherlands,Oxford/AstraZeneca,15010
2021-05-01,Netherlands,Pfizer/BioNTech,84006
2021-05-02,Netherlands,Moderna,4905
2021-05-02,Netherlands,Novavax,0
2021-05-02,Netherlands,Oxford/AstraZeneca,15010
2021-05-02,Netherlands,Pfizer/BioNTech,84006
2021-05-03,Netherlands,Moderna,4905
2021-05-03,Netherlands,Novavax,0
2021-05-03,Netherlands,Oxford/AstraZeneca,15010
2021-05-03,Netherlands,Pfizer/BioNTech,84006
2021-05-04,Netherlands,Moderna,4905
2021-05-04,Netherlands,Novavax,0
2021-05-04,Netherlands,Oxford/AstraZeneca,15010
2021-05-04,Netherlands,Pfizer/BioNTech,84006
2021-05-05,Netherlands,Moderna,4905
2021-05-05,Netherlands,Novavax,0
2021-05-05,Netherlands,Oxford/AstraZeneca,15010
2021-05-05,Netherlands,Pfizer/BioNTech,84006
2021-05-06,Netherlands,Moderna,4905
2021-05-06,Netherlands,Novavax,0
2021-05-06,Netherlands,Oxford/AstraZeneca,15010
2021-05-06,Netherlands,Pfizer/BioNTech,84006
2021-05-07,Netherlands,Moderna,8103
2021-05-07,Netherlands,Novavax,0
2021-05-07,Netherlands,Oxford/AstraZeneca,18223
2021-05-07,Netherlands,Pfizer/BioNTech,99796
2021-05-08,Netherlands,Moderna,8103
2021-05-08,Netherlands,Novavax,0
2021-05-08,Netherlands,Oxford/AstraZeneca,18223
2021-05-08,Netherlands,Pfizer/BioNTech,99796
2021-05-09,Netherlands,Moderna,8103
2021-05-09,Netherlands,Novavax,0
2021-05-09,Netherlands,Oxford/AstraZeneca,18223
2021-05-09,Netherlands,Pfizer/BioNTech,99796
2021-05-10,Netherlands,Moderna,8103
2021-05-10,Netherlands,Novavax,0
2021-05-10,Netherlands,Oxford/AstraZeneca,18223
2021-05-10,Netherlands,Pfizer/BioNTech,99796
2021-05-11,Netherlands,Moderna,8103
2021-05-11,Netherlands,Novavax,0
2021-05-11,Netherlands,Oxford/AstraZeneca,18223
2021-05-11,Netherlands,Pfizer/BioNTech,99796
2021-05-12,Netherlands,Moderna,8103
2021-05-12,Netherlands,Novavax,0
2021-05-12,Netherlands,Oxford/AstraZeneca,18223
2021-05-12,Netherlands,Pfizer/BioNTech,99796
2021-05-13,Netherlands,Moderna,8103
2021-05-13,Netherlands,Novavax,0
2021-05-13,Netherlands,Oxford/AstraZeneca,18223
2021-05-13,Netherlands,Pfizer/BioNTech,99796
2021-05-14,Netherlands,Moderna,15353
2021-05-14,Netherlands,Novavax,0
2021-05-14,Netherlands,Oxford/AstraZeneca,22492
2021-05-14,Netherlands,Pfizer/BioNTech,110043
2021-05-15,Netherlands,Moderna,15353
2021-05-15,Netherlands,Novavax,0
2021-05-15,Netherlands,Oxford/AstraZeneca,22492
2021-05-15,Netherlands,Pfizer/BioNTech,110043
2021-05-16,Netherlands,Moderna,15353
2021-05-16,Netherlands,Novavax,0
2021-05-16,Netherlands,Oxford/AstraZeneca,22492
2021-05-16,Netherlands,Pfizer/BioNTech,110043
2021-05-17,Netherlands,Moderna,15353
2021-05-17,Netherlands,Novavax,0
2021-05-17,Netherlands,Oxford/AstraZeneca,22492
2021-05-17,Netherlands,Pfizer/BioNTech,110043
2021-05-18,Netherlands,Moderna,15353
2021-05-18,Netherlands,Novavax,0
2021-05-18,Netherlands,Oxford/AstraZeneca,22492
2021-05-18,Netherlands,Pfizer/BioNTech,110043
2021-05-19,Netherlands,Moderna,15353
2021-05-19,Netherlands,Novavax,0
2021-05-19,Netherlands,Oxford/AstraZeneca,22492
2021-05-19,Netherlands,Pfizer/BioNTech,110043
2021-05-20,Netherlands,Moderna,15353
2021-05-20,Netherlands,Novavax,0
2021-05-20,Netherlands,Oxford/AstraZeneca,22492
2021-05-20,Netherlands,Pfizer/BioNTech,110043
2021-05-21,Netherlands,Moderna,15733
2021-05-21,Netherlands,Novavax,0
2021-05-21,Netherlands,Oxford/AstraZeneca,15196
2021-05-21,Netherlands,Pfizer/BioNTech,97461
2021-05-22,Netherlands,Moderna,15733
2021-05-22,Netherlands,Novavax,0
2021-05-22,Netherlands,Oxford/AstraZeneca,15196
2021-05-22,Netherlands,Pfizer/BioNTech,97461
2021-05-23,Netherlands,Moderna,15733
2021-05-23,Netherlands,Novavax,0
2021-05-23,Netherlands,Oxford/AstraZeneca,15196
2021-05-23,Netherlands,Pfizer/BioNTech,97461
2021-05-24,Netherlands,Moderna,15733
2021-05-24,Netherlands,Novavax,0
2021-05-24,Netherlands,Oxford/AstraZeneca,15196
2021-05-24,Netherlands,Pfizer/BioNTech,97461
2021-05-25,Netherlands,Moderna,15733
2021-05-25,Netherlands,Novavax,0
2021-05-25,Netherlands,Oxford/AstraZeneca,15196
2021-05-25,Netherlands,Pfizer/BioNTech,97461
2021-05-26,Netherlands,Moderna,15733
2021-05-26,Netherlands,Novavax,0
2021-05-26,Netherlands,Oxford/AstraZeneca,15196
2021-05-26,Netherlands,Pfizer/BioNTech,97461
2021-05-27,Netherlands,Moderna,15733
2021-05-27,Netherlands,Novavax,0
2021-05-27,Netherlands,Oxford/AstraZeneca,15196
2021-05-27,Netherlands,Pfizer/BioNTech,97461
2021-05-28,Netherlands,Moderna,18396
2021-05-28,Netherlands,Novavax,0
2021-05-28,Netherlands,Oxford/AstraZeneca,9546
2021-05-28,Netherlands,Pfizer/BioNTech,106860
2021-05-29,Netherlands,Moderna,18396
2021-05-29,Netherlands,Novavax,0
2021-05-29,Netherlands,Oxford/AstraZeneca,9546
2021-05-29,Netherlands,Pfizer/BioNTech,106860
2021-05-30,Netherlands,Moderna,18396
2021-05-30,Netherlands,Novavax,0
2021-05-30,Netherlands,Oxford/AstraZeneca,9546
2021-05-30,Netherlands,Pfizer/BioNTech,106860
2021-05-31,Netherlands,Moderna,18396
2021-05-31,Netherlands,Novavax,0
2021-05-31,Netherlands,Oxford/AstraZeneca,9546
2021-05-31,Netherlands,Pfizer/BioNTech,106860
2021-06-01,Netherlands,Moderna,18396
2021-06-01,Netherlands,Novavax,0
2021-06-01,Netherlands,Oxford/AstraZeneca,9546
2021-06-01,Netherlands,Pfizer/BioNTech,106860
2021-06-02,Netherlands,Moderna,18396
2021-06-02,Netherlands,Novavax,0
2021-06-02,Netherlands,Oxford/AstraZeneca,9546
2021-06-02,Netherlands,Pfizer/BioNTech,106860
2021-06-03,Netherlands,Moderna,18396
2021-06-03,Netherlands,Novavax,0
2021-06-03,Netherlands,Oxford/AstraZeneca,9546
2021-06-03,Netherlands,Pfizer/BioNTech,106860
2021-06-04,Netherlands,Moderna,20853
2021-06-04,Netherlands,Novavax,0
2021-06-04,Netherlands,Oxford/AstraZeneca,15374
2021-06-04,Netherlands,Pfizer/BioNTech,174561
2021-06-05,Netherlands,Moderna,20853
2021-06-05,Netherlands,Novavax,0
2021-06-05,Netherlands,Oxford/AstraZeneca,15374
2021-06-05,Netherlands,Pfizer/BioNTech,174561
2021-06-06,Netherlands,Moderna,20853
2021-06-06,Netherlands,Novavax,0
2021-06-06,Netherlands,Oxford/AstraZeneca,15374
2021-06-06,Netherlands,Pfizer/BioNTech,174561
2021-06-07,Netherlands,Moderna,20853
2021-06-07,Netherlands,Novavax,0
2021-06-07,Netherlands,Oxford/AstraZeneca,15374
2021-06-07,Netherlands,Pfizer/BioNTech,174561
2021-06-08,Netherlands,Moderna,20853
2021-06-08,Netherlands,Novavax,0
2021-06-08,Netherlands,Oxford/AstraZeneca,15374
2021-06-08,Netherlands,Pfizer/BioNTech,174561
2021-06-09,Netherlands,Moderna,20853
2021-06-09,Netherlands,Novavax,0
2021-06-09,Netherlands,Oxford/AstraZeneca,15374
2021-06-09,Netherlands,Pfizer/BioNTech,174561
2021-06-10,Netherlands,Moderna,20853
2021-06-10,Netherlands,Novavax,0
2021-06-10,Netherlands,Oxford/AstraZeneca,15374
2021-06-10,Netherlands,Pfizer/BioNTech,174561
2021-06-11,Netherlands,Moderna,19841
2021-06-11,Netherlands,Novavax,0
2021-06-11,Netherlands,Oxford/AstraZeneca,18316
2021-06-11,Netherlands,Pfizer/BioNTech,154500
2021-06-12,Netherlands,Moderna,19841
2021-06-12,Netherlands,Novavax,0
2021-06-12,Netherlands,Oxford/AstraZeneca,18316
2021-06-12,Netherlands,Pfizer/BioNTech,154500
2021-06-13,Netherlands,Moderna,19841
2021-06-13,Netherlands,Novavax,0
2021-06-13,Netherlands,Oxford/AstraZeneca,18316
2021-06-13,Netherlands,Pfizer/BioNTech,154500
2021-06-14,Netherlands,Moderna,19841
2021-06-14,Netherlands,Novavax,0
2021-06-14,Netherlands,Oxford/AstraZeneca,18316
2021-06-14,Netherlands,Pfizer/BioNTech,154500
2021-06-15,Netherlands,Moderna,19841
2021-06-15,Netherlands,Novavax,0
2021-06-15,Netherlands,Oxford/AstraZeneca,18316
2021-06-15,Netherlands,Pfizer/BioNTech,154500
2021-06-16,Netherlands,Moderna,19841
2021-06-16,Netherlands,Novavax,0
2021-06-16,Netherlands,Oxford/AstraZeneca,18316
2021-06-16,Netherlands,Pfizer/BioNTech,154500
2021-06-17,Netherlands,Moderna,19841
2021-06-17,Netherlands,Novavax,0
2021-06-17,Netherlands,Oxford/AstraZeneca,18316
2021-06-17,Netherlands,Pfizer/BioNTech,154500
2021-06-18,Netherlands,Moderna,16909
2021-06-18,Netherlands,Novavax,0
2021-06-18,Netherlands,Oxford/AstraZeneca,25739
2021-06-18,Netherlands,Pfizer/BioNTech,151259
2021-06-19,Netherlands,Moderna,16909
2021-06-19,Netherlands,Novavax,0
2021-06-19,Netherlands,Oxford/AstraZeneca,25739
2021-06-19,Netherlands,Pfizer/BioNTech,151259
2021-06-20,Netherlands,Moderna,16909
2021-06-20,Netherlands,Novavax,0
2021-06-20,Netherlands,Oxford/AstraZeneca,25739
2021-06-20,Netherlands,Pfizer/BioNTech,151259
2021-06-21,Netherlands,Moderna,16909
2021-06-21,Netherlands,Novavax,0
2021-06-21,Netherlands,Oxford/AstraZeneca,25739
2021-06-21,Netherlands,Pfizer/BioNTech,151259
2021-06-22,Netherlands,Moderna,16909
2021-06-22,Netherlands,Novavax,0
2021-06-22,Netherlands,Oxford/AstraZeneca,25739
2021-06-22,Netherlands,Pfizer/BioNTech,151259
2021-06-23,Netherlands,Moderna,16909
2021-06-23,Netherlands,Novavax,0
2021-06-23,Netherlands,Oxford/AstraZeneca,25739
2021-06-23,Netherlands,Pfizer/BioNTech,151259
2021-06-24,Netherlands,Moderna,16909
2021-06-24,Netherlands,Novavax,0
2021-06-24,Netherlands,Oxford/AstraZeneca,25739
2021-06-24,Netherlands,Pfizer/BioNTech,151259
2021-06-25,Netherlands,Moderna,17762
2021-06-25,Netherlands,Novavax,0
2021-06-25,Netherlands,Oxford/AstraZeneca,28277
2021-06-25,Netherlands,Pfizer/BioNTech,146657
2021-06-26,Netherlands,Moderna,17762
2021-06-26,Netherlands,Novavax,0
2021-06-26,Netherlands,Oxford/AstraZeneca,28277
2021-06-26,Netherlands,Pfizer/BioNTech,146657
2021-06-27,Netherlands,Moderna,17762
2021-06-27,Netherlands,Novavax,0
2021-06-27,Netherlands,Oxford/AstraZeneca,28277
2021-06-27,Netherlands,Pfizer/BioNTech,146657
2021-06-28,Netherlands,Moderna,17762
2021-06-28,Netherlands,Novavax,0
2021-06-28,Netherlands,Oxford/AstraZeneca,28277
2021-06-28,Netherlands,Pfizer/BioNTech,146657
2021-06-29,Netherlands,Moderna,17762
2021-06-29,Netherlands,Novavax,0
2021-06-29,Netherlands,Oxford/AstraZeneca,28277
2021-06-29,Netherlands,Pfizer/BioNTech,146657
2021-06-30,Netherlands,Moderna,17762
2021-06-30,Netherlands,Novavax,0
2021-06-30,Netherlands,Oxford/AstraZeneca,28277
2021-06-30,Netherlands,Pfizer/BioNTech,146657
2021-07-01,Netherlands,Moderna,17762
2021-07-01,Netherlands,Novavax,0
2021-07-01,Netherlands,Oxford/AstraZeneca,28277
2021-07-01,Netherlands,Pfizer/BioNTech,146657
2021-07-02,Netherlands,Moderna,29489
2021-07-02,Netherlands,Novavax,0
2021-07-02,Netherlands,Oxford/AstraZeneca,16091
2021-07-02,Netherlands,Pfizer/BioNTech,115031
2021-07-03,Netherlands,Moderna,29489
2021-07-03,Netherlands,Novavax,0
2021-07-03,Netherlands,Oxford/AstraZeneca,16091
2021-07-03,Netherlands,Pfizer/BioNTech,115031
2021-07-04,Netherlands,Moderna,29489
2021-07-04,Netherlands,Novavax,0
2021-07-04,Netherlands,Oxford/AstraZeneca,16091
2021-07-04,Netherlands,Pfizer/BioNTech,115031
2021-07-05,Netherlands,Moderna,29489
2021-07-05,Netherlands,Novavax,0
2021-07-05,Netherlands,Oxford/AstraZeneca,16091
2021-07-05,Netherlands,Pfizer/BioNTech,115031
2021-07-06,Netherlands,Moderna,29489
2021-07-06,Netherlands,Novavax,0
2021-07-06,Netherlands,Oxford/AstraZeneca,16091
2021-07-06,Netherlands,Pfizer/BioNTech,115031
2021-07-07,Netherlands,Moderna,29489
2021-07-07,Netherlands,Novavax,0
2021-07-07,Netherlands,Oxford/AstraZeneca,16091
2021-07-07,Netherlands,Pfizer/BioNTech,115031
2021-07-08,Netherlands,Moderna,29489
2021-07-08,Netherlands,Novavax,0
2021-07-08,Netherlands,Oxford/AstraZeneca,16091
2021-07-08,Netherlands,Pfizer/BioNTech,115031
2021-07-09,Netherlands,Moderna,19791
2021-07-09,Netherlands,Novavax,0
2021-07-09,Netherlands,Oxford/AstraZeneca,10084
2021-07-09,Netherlands,Pfizer/BioNTech,116512
2021-07-10,Netherlands,Moderna,19791
2021-07-10,Netherlands,Novavax,0
2021-07-10,Netherlands,Oxford/AstraZeneca,10084
2021-07-10,Netherlands,Pfizer/BioNTech,116512
2021-07-11,Netherlands,Moderna,19791
2021-07-11,Netherlands,Novavax,0
2021-07-11,Netherlands,Oxford/AstraZeneca,10084
2021-07-11,Netherlands,Pfizer/BioNTech,116512
2021-07-12,Netherlands,Moderna,19791
2021-07-12,Netherlands,Novavax,0
2021-07-12,Netherlands,Oxford/AstraZeneca,10084
2021-07-12,Netherlands,Pfizer/BioNTech,116512
2021-07-13,Netherlands,Moderna,19791
2021-07-13,Netherlands,Novavax,0
2021-07-13,Netherlands,Oxford/AstraZeneca,10084
2021-07-13,Netherlands,Pfizer/BioNTech,116512
2021-07-14,Netherlands,Moderna,19791
2021-07-14,Netherlands,Novavax,0
2021-07-14,Netherlands,Oxford/AstraZeneca,10084
2021-07-14,Netherlands,Pfizer/BioNTech,116512
2021-07-15,Netherlands,Moderna,19791
2021-07-15,Netherlands,Novavax,0
2021-07-15,Netherlands,Oxford/AstraZeneca,10084
2021-07-15,Netherlands,Pfizer/BioNTech,116512
2021-07-16,Netherlands,Moderna,13919
2021-07-16,Netherlands,Novavax,0
2021-07-16,Netherlands,Oxford/AstraZeneca,4662
2021-07-16,Netherlands,Pfizer/BioNTech,88438
2021-07-17,Netherlands,Moderna,13919
2021-07-17,Netherlands,Novavax,0
2021-07-17,Netherlands,Oxford/AstraZeneca,4662
2021-07-17,Netherlands,Pfizer/BioNTech,88438
2021-07-18,Netherlands,Moderna,13919
2021-07-18,Netherlands,Novavax,0
2021-07-18,Netherlands,Oxford/AstraZeneca,4662
2021-07-18,Netherlands,Pfizer/BioNTech,88438
2021-07-19,Netherlands,Moderna,13919
2021-07-19,Netherlands,Novavax,0
2021-07-19,Netherlands,Oxford/AstraZeneca,4662
2021-07-19,Netherlands,Pfizer/BioNTech,88438
2021-07-20,Netherlands,Moderna,13919
2021-07-20,Netherlands,Novavax,0
2021-07-20,Netherlands,Oxford/AstraZeneca,4662
2021-07-20,Netherlands,Pfizer/BioNTech,88438
2021-07-21,Netherlands,Moderna,13919
2021-07-21,Netherlands,Novavax,0
2021-07-21,Netherlands,Oxford/AstraZeneca,4662
2021-07-21,Netherlands,Pfizer/BioNTech,88438
2021-07-22,Netherlands,Moderna,13919
2021-07-22,Netherlands,Novavax,0
2021-07-22,Netherlands,Oxford/AstraZeneca,4662
2021-07-22,Netherlands,Pfizer/BioNTech,88438
2021-07-23,Netherlands,Moderna,6844
2021-07-23,Netherlands,Novavax,0
2021-07-23,Netherlands,Oxford/AstraZeneca,1443
2021-07-23,Netherlands,Pfizer/BioNTech,91619
2021-07-24,Netherlands,Moderna,6844
2021-07-24,Netherlands,Novavax,0
2021-07-24,Netherlands,Oxford/AstraZeneca,1443
2021-07-24,Netherlands,Pfizer/BioNTech,91619
2021-07-25,Netherlands,Moderna,6844
2021-07-25,Netherlands,Novavax,0
2021-07-25,Netherlands,Oxford/AstraZeneca,1443
2021-07-25,Netherlands,Pfizer/BioNTech,91619
2021-07-26,Netherlands,Moderna,6844
2021-07-26,Netherlands,Novavax,0
2021-07-26,Netherlands,Oxford/AstraZeneca,1443
2021-07-26,Netherlands,Pfizer/BioNTech,91619
2021-07-27,Netherlands,Moderna,6844
2021-07-27,Netherlands,Novavax,0
2021-07-27,Netherlands,Oxford/AstraZeneca,1443
2021-07-27,Netherlands,Pfizer/BioNTech,91619
2021-07-28,Netherlands,Moderna,6844
2021-07-28,Netherlands,Novavax,0
2021-07-28,Netherlands,Oxford/AstraZeneca,1443
2021-07-28,Netherlands,Pfizer/BioNTech,91619
2021-07-29,Netherlands,Moderna,6844
2021-07-29,Netherlands,Novavax,0
2021-07-29,Netherlands,Oxford/AstraZeneca,1443
2021-07-29,Netherlands,Pfizer/BioNTech,91619
2021-07-30,Netherlands,Moderna,4994
2021-07-30,Netherlands,Novavax,0
2021-07-30,Netherlands,Oxford/AstraZeneca,591
2021-07-30,Netherlands,Pfizer/BioNTech,99344
2021-07-31,Netherlands,Moderna,4994
2021-07-31,Netherlands,Novavax,0
2021-07-31,Netherlands,Oxford/AstraZeneca,591
2021-07-31,Netherlands,Pfizer/BioNTech,99344
2021-08-01,Netherlands,Moderna,4994
2021-08-01,Netherlands,Novavax,0
2021-08-01,Netherlands,Oxford/AstraZeneca,591
2021-08-01,Netherlands,Pfizer/BioNTech,99344
2021-08-02,Netherlands,Moderna,4994
2021-08-02,Netherlands,Novavax,0
2021-08-02,Netherlands,Oxford/AstraZeneca,591
2021-08-02,Netherlands,Pfizer/BioNTech,99344
2021-08-03,Netherlands,Moderna,4994
2021-08-03,Netherlands,Novavax,0
2021-08-03,Netherlands,Oxford/AstraZeneca,591
2021-08-03,Netherlands,Pfizer/BioNTech,99344
2021-08-04,Netherlands,Moderna,4994
2021-08-04,Netherlands,Novavax,0
2021-08-04,Netherlands,Oxford/AstraZeneca,591
2021-08-04,Netherlands,Pfizer/BioNTech,99344
2021-08-05,Netherlands,Moderna,4994
2021-08-05,Netherlands,Novavax,0
2021-08-05,Netherlands,Oxford/AstraZeneca,591
2021-08-05,Netherlands,Pfizer/BioNTech,99344
2021-08-06,Netherlands,Moderna,10632
2021-08-06,Netherlands,Novavax,0
2021-08-06,Netherlands,Oxford/AstraZeneca,430
2021-08-06,Netherlands,Pfizer/BioNTech,69622
2021-08-07,Netherlands,Moderna,10632
2021-08-07,Netherlands,Novavax,0
2021-08-07,Netherlands,Oxford/AstraZeneca,430
2021-08-07,Netherlands,Pfizer/BioNTech,69622
2021-08-08,Netherlands,Moderna,10632
2021-08-08,Netherlands,Novavax,0
2021-08-08,Netherlands,Oxford/AstraZeneca,430
2021-08-08,Netherlands,Pfizer/BioNTech,69622
2021-08-09,Netherlands,Moderna,10632
2021-08-09,Netherlands,Novavax,0
2021-08-09,Netherlands,Oxford/AstraZeneca,430
2021-08-09,Netherlands,Pfizer/BioNTech,69622
2021-08-10,Netherlands,Moderna,10632
2021-08-10,Netherlands,Novavax,0
2021-08-10,Netherlands,Oxford/AstraZeneca,430
2021-08-10,Netherlands,Pfizer/BioNTech,69622
2021-08-11,Netherlands,Moderna,10632
2021-08-11,Netherlands,Novavax,0
2021-08-11,Netherlands,Oxford/AstraZeneca,430
2021-08-11,Netherlands,Pfizer/BioNTech,69622
2021-08-12,Netherlands,Moderna,10632
2021-08-12,Netherlands,Novavax,0
2021-08-12,Netherlands,Oxford/AstraZeneca,430
2021-08-12,Netherlands,Pfizer/BioNTech,69622
2021-08-13,Netherlands,Moderna,3063
2021-08-13,Netherlands,Novavax,0
2021-08-13,Netherlands,Oxford/AstraZeneca,213
2021-08-13,Netherlands,Pfizer/BioNTech,19493
2021-08-14,Netherlands,Moderna,3063
2021-08-14,Netherlands,Novavax,0
2021-08-14,Netherlands,Oxford/AstraZeneca,213
2021-08-14,Netherlands,Pfizer/BioNTech,19493
2021-08-15,Netherlands,Moderna,3063
2021-08-15,Netherlands,Novavax,0
2021-08-15,Netherlands,Oxford/AstraZeneca,213
2021-08-15,Netherlands,Pfizer/BioNTech,19493
2021-08-16,Netherlands,Moderna,3063
2021-08-16,Netherlands,Novavax,0
2021-08-16,Netherlands,Oxford/AstraZeneca,213
2021-08-16,Netherlands,Pfizer/BioNTech,19493
2021-08-17,Netherlands,Moderna,3063
2021-08-17,Netherlands,Novavax,0
2021-08-17,Netherlands,Oxford/AstraZeneca,213
2021-08-17,Netherlands,Pfizer/BioNTech,19493
2021-08-18,Netherlands,Moderna,3063
2021-08-18,Netherlands,Novavax,0
2021-08-18,Netherlands,Oxford/AstraZeneca,213
2021-08-18,Netherlands,Pfizer/BioNTech,19493
2021-08-19,Netherlands,Moderna,3063
2021-08-19,Netherlands,Novavax,0
2021-08-19,Netherlands,Oxford/AstraZeneca,213
2021-08-19,Netherlands,Pfizer/BioNTech,19493
2021-08-20,Netherlands,Moderna,1561
2021-08-20,Netherlands,Novavax,0
2021-08-20,Netherlands,Oxford/AstraZeneca,135
2021-08-20,Netherlands,Pfizer/BioNTech,16041
2021-08-21,Netherlands,Moderna,1561
2021-08-21,Netherlands,Novavax,0
2021-08-21,Netherlands,Oxford/AstraZeneca,135
2021-08-21,Netherlands,Pfizer/BioNTech,16041
2021-08-22,Netherlands,Moderna,1561
2021-08-22,Netherlands,Novavax,0
2021-08-22,Netherlands,Oxford/AstraZeneca,135
2021-08-22,Netherlands,Pfizer/BioNTech,16041
2021-08-23,Netherlands,Moderna,1561
2021-08-23,Netherlands,Novavax,0
2021-08-23,Netherlands,Oxford/AstraZeneca,135
2021-08-23,Netherlands,Pfizer/BioNTech,16041
2021-08-24,Netherlands,Moderna,1561
2021-08-24,Netherlands,Novavax,0
2021-08-24,Netherlands,Oxford/AstraZeneca,135
2021-08-24,Netherlands,Pfizer/BioNTech,16041
2021-08-25,Netherlands,Moderna,1561
2021-08-25,Netherlands,Novavax,0
2021-08-25,Netherlands,Oxford/AstraZeneca,135
2021-08-25,Netherlands,Pfizer/BioNTech,16041
2021-08-26,Netherlands,Moderna,1561
2021-08-26,Netherlands,Novavax,0
2021-08-26,Netherlands,Oxford/AstraZeneca,135
2021-08-26,Netherlands,Pfizer/BioNTech,16041
2021-08-27,Netherlands,Moderna,799
2021-08-27,Netherlands,Novavax,0
2021-08-27,Netherlands,Oxford/AstraZeneca,63
2021-08-27,Netherlands,Pfizer/BioNTech,13372
2021-08-28,Netherlands,Moderna,799
2021-08-28,Netherlands,Novavax,0
2021-08-28,Netherlands,Oxford/AstraZeneca,63
2021-08-28,Netherlands,Pfizer/BioNTech,13372
2021-08-29,Netherlands,Moderna,799
2021-08-29,Netherlands,Novavax,0
2021-08-29,Netherlands,Oxford/AstraZeneca,63
2021-08-29,Netherlands,Pfizer/BioNTech,13372
2021-08-30,Netherlands,Moderna,799
2021-08-30,Netherlands,Novavax,0
2021-08-30,Netherlands,Oxford/AstraZeneca,63
2021-08-30,Netherlands,Pfizer/BioNTech,13372
2021-08-31,Netherlands,Moderna,799
2021-08-31,Netherlands,Novavax,0
2021-08-31,Netherlands,Oxford/AstraZeneca,63
2021-08-31,Netherlands,Pfizer/BioNTech,13372
2021-09-01,Netherlands,Moderna,799
2021-09-01,Netherlands,Novavax,0
2021-09-01,Netherlands,Oxford/AstraZeneca,63
2021-09-01,Netherlands,Pfizer/BioNTech,13372
2021-09-02,Netherlands,Moderna,799
2021-09-02,Netherlands,Novavax,0
2021-09-02,Netherlands,Oxford/AstraZeneca,63
2021-09-02,Netherlands,Pfizer/BioNTech,13372
2021-09-03,Netherlands,Moderna,332
2021-09-03,Netherlands,Novavax,0
2021-09-03,Netherlands,Oxford/AstraZeneca,14
2021-09-03,Netherlands,Pfizer/BioNTech,10337
2021-09-04,Netherlands,Moderna,332
2021-09-04,Netherlands,Novavax,0
2021-09-04,Netherlands,Oxford/AstraZeneca,14
2021-09-04,Netherlands,Pfizer/BioNTech,10337
2021-09-05,Netherlands,Moderna,332
2021-09-05,Netherlands,Novavax,0
2021-09-05,Netherlands,Oxford/AstraZeneca,14
2021-09-05,Netherlands,Pfizer/BioNTech,10337
2021-09-06,Netherlands,Moderna,332
2021-09-06,Netherlands,Novavax,0
2021-09-06,Netherlands,Oxford/AstraZeneca,14
2021-09-06,Netherlands,Pfizer/BioNTech,10337
2021-09-07,Netherlands,Moderna,332
2021-09-07,Netherlands,Novavax,0
2021-09-07,Netherlands,Oxford/AstraZeneca,14
2021-09-07,Netherlands,Pfizer/BioNTech,10337
2021-09-08,Netherlands,Moderna,332
2021-09-08,Netherlands,Novavax,0
2021-09-08,Netherlands,Oxford/AstraZeneca,14
2021-09-08,Netherlands,Pfizer/BioNTech,10337
2021-09-09,Netherlands,Moderna,332
2021-09-09,Netherlands,Novavax,0
2021-09-09,Netherlands,Oxford/AstraZeneca,14
2021-09-09,Netherlands,Pfizer/BioNTech,10337
2021-09-10,Netherlands,Moderna,254
2021-09-10,Netherlands,Novavax,0
2021-09-10,Netherlands,Oxford/AstraZeneca,17
2021-09-10,Netherlands,Pfizer/BioNTech,12571
2021-09-11,Netherlands,Moderna,254
2021-09-11,Netherlands,Novavax,0
2021-09-11,Netherlands,Oxford/AstraZeneca,17
2021-09-11,Netherlands,Pfizer/BioNTech,12571
2021-09-12,Netherlands,Moderna,254
2021-09-12,Netherlands,Novavax,0
2021-09-12,Netherlands,Oxford/AstraZeneca,17
2021-09-12,Netherlands,Pfizer/BioNTech,12571
2021-09-13,Netherlands,Moderna,254
2021-09-13,Netherlands,Novavax,0
2021-09-13,Netherlands,Oxford/AstraZeneca,17
2021-09-13,Netherlands,Pfizer/BioNTech,12571
2021-09-14,Netherlands,Moderna,254
2021-09-14,Netherlands,Novavax,0
2021-09-14,Netherlands,Oxford/AstraZeneca,17
2021-09-14,Netherlands,Pfizer/BioNTech,12571
2021-09-15,Netherlands,Moderna,254
2021-09-15,Netherlands,Novavax,0
2021-09-15,Netherlands,Oxford/AstraZeneca,17
2021-09-15,Netherlands,Pfizer/BioNTech,12571
2021-09-16,Netherlands,Moderna,254
2021-09-16,Netherlands,Novavax,0
2021-09-16,Netherlands,Oxford/AstraZeneca,17
2021-09-16,Netherlands,Pfizer/BioNTech,12571
2021-09-17,Netherlands,Moderna,222
2021-09-17,Netherlands,Novavax,0
2021-09-17,Netherlands,Oxford/AstraZeneca,13
2021-09-17,Netherlands,Pfizer/BioNTech,11532
2021-09-18,Netherlands,Moderna,222
2021-09-18,Netherlands,Novavax,0
2021-09-18,Netherlands,Oxford/AstraZeneca,13
2021-09-18,Netherlands,Pfizer/BioNTech,11532
2021-09-19,Netherlands,Moderna,222
2021-09-19,Netherlands,Novavax,0
2021-09-19,Netherlands,Oxford/AstraZeneca,13
2021-09-19,Netherlands,Pfizer/BioNTech,11532
2021-09-20,Netherlands,Moderna,222
2021-09-20,Netherlands,Novavax,0
2021-09-20,Netherlands,Oxford/AstraZeneca,13
2021-09-20,Netherlands,Pfizer/BioNTech,11532
2021-09-21,Netherlands,Moderna,222
2021-09-21,Netherlands,Novavax,0
2021-09-21,Netherlands,Oxford/AstraZeneca,13
2021-09-21,Netherlands,Pfizer/BioNTech,11532
2021-09-22,Netherlands,Moderna,222
2021-09-22,Netherlands,Novavax,0
2021-09-22,Netherlands,Oxford/AstraZeneca,13
2021-09-22,Netherlands,Pfizer/BioNTech,11532
2021-09-23,Netherlands,Moderna,222
2021-09-23,Netherlands,Novavax,0
2021-09-23,Netherlands,Oxford/AstraZeneca,13
2021-09-23,Netherlands,Pfizer/BioNTech,11532
2021-09-24,Netherlands,Moderna,238
2021-09-24,Netherlands,Novavax,0
2021-09-24,Netherlands,Oxford/AstraZeneca,13
2021-09-24,Netherlands,Pfizer/BioNTech,10055
2021-09-25,Netherlands,Moderna,238
2021-09-25,Netherlands,Novavax,0
2021-09-25,Netherlands,Oxford/AstraZeneca,13
2021-09-25,Netherlands,Pfizer/BioNTech,10055
2021-09-26,Netherlands,Moderna,238
2021-09-26,Netherlands,Novavax,0
2021-09-26,Netherlands,Oxford/AstraZeneca,13
2021-09-26,Netherlands,Pfizer/BioNTech,10055
2021-09-27,Netherlands,Moderna,238
2021-09-27,Netherlands,Novavax,0
2021-09-27,Netherlands,Oxford/AstraZeneca,13
2021-09-27,Netherlands,Pfizer/BioNTech,10055
2021-09-28,Netherlands,Moderna,238
2021-09-28,Netherlands,Novavax,0
2021-09-28,Netherlands,Oxford/AstraZeneca,13
2021-09-28,Netherlands,Pfizer/BioNTech,10055
2021-09-29,Netherlands,Moderna,238
2021-09-29,Netherlands,Novavax,0
2021-09-29,Netherlands,Oxford/AstraZeneca,13
2021-09-29,Netherlands,Pfizer/BioNTech,10055
2021-09-30,Netherlands,Moderna,238
2021-09-30,Netherlands,Novavax,0
2021-09-30,Netherlands,Oxford/AstraZeneca,13
2021-09-30,Netherlands,Pfizer/BioNTech,10055
2021-10-01,Netherlands,Moderna,151
2021-10-01,Netherlands,Novavax,0
2021-10-01,Netherlands,Oxford/AstraZeneca,4
2021-10-01,Netherlands,Pfizer/BioNTech,9227
2021-10-02,Netherlands,Moderna,151
2021-10-02,Netherlands,Novavax,0
2021-10-02,Netherlands,Oxford/AstraZeneca,4
2021-10-02,Netherlands,Pfizer/BioNTech,9227
2021-10-03,Netherlands,Moderna,151
2021-10-03,Netherlands,Novavax,0
2021-10-03,Netherlands,Oxford/AstraZeneca,4
2021-10-03,Netherlands,Pfizer/BioNTech,9227
2021-10-04,Netherlands,Moderna,151
2021-10-04,Netherlands,Novavax,0
2021-10-04,Netherlands,Oxford/AstraZeneca,4
2021-10-04,Netherlands,Pfizer/BioNTech,9227
2021-10-05,Netherlands,Moderna,151
2021-10-05,Netherlands,Novavax,0
2021-10-05,Netherlands,Oxford/AstraZeneca,4
2021-10-05,Netherlands,Pfizer/BioNTech,9227
2021-10-06,Netherlands,Moderna,151
2021-10-06,Netherlands,Novavax,0
2021-10-06,Netherlands,Oxford/AstraZeneca,4
2021-10-06,Netherlands,Pfizer/BioNTech,9227
2021-10-07,Netherlands,Moderna,151
2021-10-07,Netherlands,Novavax,0
2021-10-07,Netherlands,Oxford/AstraZeneca,4
2021-10-07,Netherlands,Pfizer/BioNTech,9227
2021-10-08,Netherlands,Moderna,179
2021-10-08,Netherlands,Novavax,0
2021-10-08,Netherlands,Oxford/AstraZeneca,5
2021-10-08,Netherlands,Pfizer/BioNTech,10216
2021-10-09,Netherlands,Moderna,179
2021-10-09,Netherlands,Novavax,0
2021-10-09,Netherlands,Oxford/AstraZeneca,5
2021-10-09,Netherlands,Pfizer/BioNTech,10216
2021-10-10,Netherlands,Moderna,179
2021-10-10,Netherlands,Novavax,0
2021-10-10,Netherlands,Oxford/AstraZeneca,5
2021-10-10,Netherlands,Pfizer/BioNTech,10216
2021-10-11,Netherlands,Moderna,179
2021-10-11,Netherlands,Novavax,0
2021-10-11,Netherlands,Oxford/AstraZeneca,5
2021-10-11,Netherlands,Pfizer/BioNTech,10216
2021-10-12,Netherlands,Moderna,179
2021-10-12,Netherlands,Novavax,0
2021-10-12,Netherlands,Oxford/AstraZeneca,5
2021-10-12,Netherlands,Pfizer/BioNTech,10216
2021-10-13,Netherlands,Moderna,179
2021-10-13,Netherlands,Novavax,0
2021-10-13,Netherlands,Oxford/AstraZeneca,5
2021-10-13,Netherlands,Pfizer/BioNTech,10216
2021-10-14,Netherlands,Moderna,179
2021-10-14,Netherlands,Novavax,0
2021-10-14,Netherlands,Oxford/AstraZeneca,5
2021-10-14,Netherlands,Pfizer/BioNTech,10216
2021-10-15,Netherlands,Moderna,169
2021-10-15,Netherlands,Novavax,0
2021-10-15,Netherlands,Oxford/AstraZeneca,3
2021-10-15,Netherlands,Pfizer/BioNTech,10710
2021-10-16,Netherlands,Moderna,169
2021-10-16,Netherlands,Novavax,0
2021-10-16,Netherlands,Oxford/AstraZeneca,3
2021-10-16,Netherlands,Pfizer/BioNTech,10710
2021-10-17,Netherlands,Moderna,169
2021-10-17,Netherlands,Novavax,0
2021-10-17,Netherlands,Oxford/AstraZeneca,3
2021-10-17,Netherlands,Pfizer/BioNTech,10710
2021-10-18,Netherlands,Moderna,169
2021-10-18,Netherlands,Novavax,0
2021-10-18,Netherlands,Oxford/AstraZeneca,3
2021-10-18,Netherlands,Pfizer/BioNTech,10710
2021-10-19,Netherlands,Moderna,169
2021-10-19,Netherlands,Novavax,0
2021-10-19,Netherlands,Oxford/AstraZeneca,3
2021-10-19,Netherlands,Pfizer/BioNTech,10710
2021-10-20,Netherlands,Moderna,169
2021-10-20,Netherlands,Novavax,0
2021-10-20,Netherlands,Oxford/AstraZeneca,3
2021-10-20,Netherlands,Pfizer/BioNTech,10710
2021-10-21,Netherlands,Moderna,169
2021-10-21,Netherlands,Novavax,0
2021-10-21,Netherlands,Oxford/AstraZeneca,3
2021-10-21,Netherlands,Pfizer/BioNTech,10710
2021-10-22,Netherlands,Moderna,200
2021-10-22,Netherlands,Novavax,0
2021-10-22,Netherlands,Oxford/AstraZeneca,4
2021-10-22,Netherlands,Pfizer/BioNTech,11431
2021-10-23,Netherlands,Moderna,200
2021-10-23,Netherlands,Novavax,0
2021-10-23,Netherlands,Oxford/AstraZeneca,4
2021-10-23,Netherlands,Pfizer/BioNTech,11431
2021-10-24,Netherlands,Moderna,200
2021-10-24,Netherlands,Novavax,0
2021-10-24,Netherlands,Oxford/AstraZeneca,4
2021-10-24,Netherlands,Pfizer/BioNTech,11431
2021-10-25,Netherlands,Moderna,200
2021-10-25,Netherlands,Novavax,0
2021-10-25,Netherlands,Oxford/AstraZeneca,4
2021-10-25,Netherlands,Pfizer/BioNTech,11431
2021-10-26,Netherlands,Moderna,200
2021-10-26,Netherlands,Novavax,0
2021-10-26,Netherlands,Oxford/AstraZeneca,4
2021-10-26,Netherlands,Pfizer/BioNTech,11431
2021-10-27,Netherlands,Moderna,200
2021-10-27,Netherlands,Novavax,0
2021-10-27,Netherlands,Oxford/AstraZeneca,4
2021-10-27,Netherlands,Pfizer/BioNTech,11431
2021-10-28,Netherlands,Moderna,200
2021-10-28,Netherlands,Novavax,0
2021-10-28,Netherlands,Oxford/AstraZeneca,4
2021-10-28,Netherlands,Pfizer/BioNTech,11431
2021-10-29,Netherlands,Moderna,142
2021-10-29,Netherlands,Novavax,0
2021-10-29,Netherlands,Oxford/AstraZeneca,0
2021-10-29,Netherlands,Pfizer/BioNTech,12615
2021-10-30,Netherlands,Moderna,142
2021-10-30,Netherlands,Novavax,0
2021-10-30,Netherlands,Oxford/AstraZeneca,0
2021-10-30,Netherlands,Pfizer/BioNTech,12615
2021-10-31,Netherlands,Moderna,142
2021-10-31,Netherlands,Novavax,0
2021-10-31,Netherlands,Oxford/AstraZeneca,0
2021-10-31,Netherlands,Pfizer/BioNTech,12615
2021-11-01,Netherlands,Moderna,142
2021-11-01,Netherlands,Novavax,0
2021-11-01,Netherlands,Oxford/AstraZeneca,0
2021-11-01,Netherlands,Pfizer/BioNTech,12615
2021-11-02,Netherlands,Moderna,142
2021-11-02,Netherlands,Novavax,0
2021-11-02,Netherlands,Oxford/AstraZeneca,0
2021-11-02,Netherlands,Pfizer/BioNTech,12615
2021-11-03,Netherlands,Moderna,142
2021-11-03,Netherlands,Novavax,0
2021-11-03,Netherlands,Oxford/AstraZeneca,0
2021-11-03,Netherlands,Pfizer/BioNTech,12615
2021-11-04,Netherlands,Moderna,142
2021-11-04,Netherlands,Novavax,0
2021-11-04,Netherlands,Oxford/AstraZeneca,0
2021-11-04,Netherlands,Pfizer/BioNTech,12615
2021-11-05,Netherlands,Moderna,174
2021-11-05,Netherlands,Novavax,0
2021-11-05,Netherlands,Oxford/AstraZeneca,0
2021-11-05,Netherlands,Pfizer/BioNTech,12458
2021-11-06,Netherlands,Moderna,174
2021-11-06,Netherlands,Novavax,0
2021-11-06,Netherlands,Oxford/AstraZeneca,0
2021-11-06,Netherlands,Pfizer/BioNTech,12458
2021-11-07,Netherlands,Moderna,174
2021-11-07,Netherlands,Novavax,0
2021-11-07,Netherlands,Oxford/AstraZeneca,0
2021-11-07,Netherlands,Pfizer/BioNTech,12458
2021-11-08,Netherlands,Moderna,174
2021-11-08,Netherlands,Novavax,0
2021-11-08,Netherlands,Oxford/AstraZeneca,0
2021-11-08,Netherlands,Pfizer/BioNTech,12458
2021-11-09,Netherlands,Moderna,174
2021-11-09,Netherlands,Novavax,0
2021-11-09,Netherlands,Oxford/AstraZeneca,0
2021-11-09,Netherlands,Pfizer/BioNTech,12458
2021-11-10,Netherlands,Moderna,174
2021-11-10,Netherlands,Novavax,0
2021-11-10,Netherlands,Oxford/AstraZeneca,0
2021-11-10,Netherlands,Pfizer/BioNTech,12458
2021-11-11,Netherlands,Moderna,174
2021-11-11,Netherlands,Novavax,0
2021-11-11,Netherlands,Oxford/AstraZeneca,0
2021-11-11,Netherlands,Pfizer/BioNTech,12458
2021-11-12,Netherlands,Moderna,522
2021-11-12,Netherlands,Novavax,0
2021-11-12,Netherlands,Oxford/AstraZeneca,0
2021-11-12,Netherlands,Pfizer/BioNTech,11864
2021-11-13,Netherlands,Moderna,522
2021-11-13,Netherlands,Novavax,0
2021-11-13,Netherlands,Oxford/AstraZeneca,0
2021-11-13,Netherlands,Pfizer/BioNTech,11864
2021-11-14,Netherlands,Moderna,522
2021-11-14,Netherlands,Novavax,0
2021-11-14,Netherlands,Oxford/AstraZeneca,0
2021-11-14,Netherlands,Pfizer/BioNTech,11864
2021-11-15,Netherlands,Moderna,522
2021-11-15,Netherlands,Novavax,0
2021-11-15,Netherlands,Oxford/AstraZeneca,0
2021-11-15,Netherlands,Pfizer/BioNTech,11864
2021-11-16,Netherlands,Moderna,522
2021-11-16,Netherlands,Novavax,0
2021-11-16,Netherlands,Oxford/AstraZeneca,0
2021-11-16,Netherlands,Pfizer/BioNTech,11864
2021-11-17,Netherlands,Moderna,522
2021-11-17,Netherlands,Novavax,0
2021-11-17,Netherlands,Oxford/AstraZeneca,0
2021-11-17,Netherlands,Pfizer/BioNTech,11864
2021-11-18,Netherlands,Moderna,522
2021-11-18,Netherlands,Novavax,0
2021-11-18,Netherlands,Oxford/AstraZeneca,0
2021-11-18,Netherlands,Pfizer/BioNTech,11864
2021-11-19,Netherlands,Moderna,3666
2021-11-19,Netherlands,Novavax,0
2021-11-19,Netherlands,Oxford/AstraZeneca,0
2021-11-19,Netherlands,Pfizer/BioNTech,31594
2021-11-20,Netherlands,Moderna,3666
2021-11-20,Netherlands,Novavax,0
2021-11-20,Netherlands,Oxford/AstraZeneca,0
2021-11-20,Netherlands,Pfizer/BioNTech,31594
2021-11-21,Netherlands,Moderna,3666
2021-11-21,Netherlands,Novavax,0
2021-11-21,Netherlands,Oxford/AstraZeneca,0
2021-11-21,Netherlands,Pfizer/BioNTech,31594
2021-11-22,Netherlands,Moderna,3666
2021-11-22,Netherlands,Novavax,0
2021-11-22,Netherlands,Oxford/AstraZeneca,0
2021-11-22,Netherlands,Pfizer/BioNTech,31594
2021-11-23,Netherlands,Moderna,3666
2021-11-23,Netherlands,Novavax,0
2021-11-23,Netherlands,Oxford/AstraZeneca,0
2021-11-23,Netherlands,Pfizer/BioNTech,31594
2021-11-24,Netherlands,Moderna,3666
2021-11-24,Netherlands,Novavax,0
2021-11-24,Netherlands,Oxford/AstraZeneca,0
2021-11-24,Netherlands,Pfizer/BioNTech,31594
2021-11-25,Netherlands,Moderna,3666
2021-11-25,Netherlands,Novavax,0
2021-11-25,Netherlands,Oxford/AstraZeneca,0
2021-11-25,Netherlands,Pfizer/BioNTech,31594
2021-11-26,Netherlands,Moderna,11961
2021-11-26,Netherlands,Novavax,0
2021-11-26,Netherlands,Oxford/AstraZeneca,0
2021-11-26,Netherlands,Pfizer/BioNTech,42072
2021-11-27,Netherlands,Moderna,11961
2021-11-27,Netherlands,Novavax,0
2021-11-27,Netherlands,Oxford/AstraZeneca,0
2021-11-27,Netherlands,Pfizer/BioNTech,42072
2021-11-28,Netherlands,Moderna,11961
2021-11-28,Netherlands,Novavax,0
2021-11-28,Netherlands,Oxford/AstraZeneca,0
2021-11-28,Netherlands,Pfizer/BioNTech,42072
2021-11-29,Netherlands,Moderna,11961
2021-11-29,Netherlands,Novavax,0
2021-11-29,Netherlands,Oxford/AstraZeneca,0
2021-11-29,Netherlands,Pfizer/BioNTech,42072
2021-11-30,Netherlands,Moderna,11961
2021-11-30,Netherlands,Novavax,0
2021-11-30,Netherlands,Oxford/AstraZeneca,0
2021-11-30,Netherlands,Pfizer/BioNTech,42072
2021-12-01,Netherlands,Moderna,11961
2021-12-01,Netherlands,Novavax,0
2021-12-01,Netherlands,Oxford/AstraZeneca,0
2021-12-01,Netherlands,Pfizer/BioNTech,42072
2021-12-02,Netherlands,Moderna,11961
2021-12-02,Netherlands,Novavax,0
2021-12-02,Netherlands,Oxford/AstraZeneca,0
2021-12-02,Netherlands,Pfizer/BioNTech,42072
2021-12-03,Netherlands,Moderna,36609
2021-12-03,Netherlands,Novavax,0
2021-12-03,Netherlands,Oxford/AstraZeneca,0
2021-12-03,Netherlands,Pfizer/BioNTech,47604
2021-12-04,Netherlands,Moderna,36609
2021-12-04,Netherlands,Novavax,0
2021-12-04,Netherlands,Oxford/AstraZeneca,0
2021-12-04,Netherlands,Pfizer/BioNTech,47604
2021-12-05,Netherlands,Moderna,36609
2021-12-05,Netherlands,Novavax,0
2021-12-05,Netherlands,Oxford/AstraZeneca,0
2021-12-05,Netherlands,Pfizer/BioNTech,47604
2021-12-06,Netherlands,Moderna,36609
2021-12-06,Netherlands,Novavax,0
2021-12-06,Netherlands,Oxford/AstraZeneca,0
2021-12-06,Netherlands,Pfizer/BioNTech,47604
2021-12-07,Netherlands,Moderna,36609
2021-12-07,Netherlands,Novavax,0
2021-12-07,Netherlands,Oxford/AstraZeneca,0
2021-12-07,Netherlands,Pfizer/BioNTech,47604
2021-12-08,Netherlands,Moderna,36609
2021-12-08,Netherlands,Novavax,0
2021-12-08,Netherlands,Oxford/AstraZeneca,0
2021-12-08,Netherlands,Pfizer/BioNTech,47604
2021-12-09,Netherlands,Moderna,36609
2021-12-09,Netherlands,Novavax,0
2021-12-09,Netherlands,Oxford/AstraZeneca,0
2021-12-09,Netherlands,Pfizer/BioNTech,47604
2021-12-10,Netherlands,Moderna,84322
2021-12-10,Netherlands,Novavax,0
2021-12-10,Netherlands,Oxford/AstraZeneca,0
2021-12-10,Netherlands,Pfizer/BioNTech,44429
2021-12-11,Netherlands,Moderna,84322
2021-12-11,Netherlands,Novavax,0
2021-12-11,Netherlands,Oxford/AstraZeneca,0
2021-12-11,Netherlands,Pfizer/BioNTech,44429
2021-12-12,Netherlands,Moderna,84322
2021-12-12,Netherlands,Novavax,0
2021-12-12,Netherlands,Oxford/AstraZeneca,0
2021-12-12,Netherlands,Pfizer/BioNTech,44429
2021-12-13,Netherlands,Moderna,84322
2021-12-13,Netherlands,Novavax,0
2021-12-13,Netherlands,Oxford/AstraZeneca,0
2021-12-13,Netherlands,Pfizer/BioNTech,44429
2021-12-14,Netherlands,Moderna,84322
2021-12-14,Netherlands,Novavax,0
2021-12-14,Netherlands,Oxford/AstraZeneca,0
2021-12-14,Netherlands,Pfizer/BioNTech,44429
2021-12-15,Netherlands,Moderna,84322
2021-12-15,Netherlands,Novavax,0
2021-12-15,Netherlands,Oxford/AstraZeneca,0
2021-12-15,Netherlands,Pfizer/BioNTech,44429
2021-12-16,Netherlands,Moderna,84322
2021-12-16,Netherlands,Novavax,0
2021-12-16,Netherlands,Oxford/AstraZeneca,0
2021-12-16,Netherlands,Pfizer/BioNTech,44429
2021-12-17,Netherlands,Moderna,123902
2021-12-17,Netherlands,Novavax,0
2021-12-17,Netherlands,Oxford/AstraZeneca,0
2021-12-17,Netherlands,Pfizer/BioNTech,59201
2021-12-18,Netherlands,Moderna,123902
2021-12-18,Netherlands,Novavax,0
2021-12-18,Netherlands,Oxford/AstraZeneca,0
2021-12-18,Netherlands,Pfizer/BioNTech,59201
2021-12-19,Netherlands,Moderna,123902
2021-12-19,Netherlands,Novavax,0
2021-12-19,Netherlands,Oxford/AstraZeneca,0
2021-12-19,Netherlands,Pfizer/BioNTech,59201
2021-12-20,Netherlands,Moderna,123902
2021-12-20,Netherlands,Novavax,0
2021-12-20,Netherlands,Oxford/AstraZeneca,0
2021-12-20,Netherlands,Pfizer/BioNTech,59201
2021-12-21,Netherlands,Moderna,123902
2021-12-21,Netherlands,Novavax,0
2021-12-21,Netherlands,Oxford/AstraZeneca,0
2021-12-21,Netherlands,Pfizer/BioNTech,59201
2021-12-22,Netherlands,Moderna,123902
2021-12-22,Netherlands,Novavax,0
2021-12-22,Netherlands,Oxford/AstraZeneca,0
2021-12-22,Netherlands,Pfizer/BioNTech,59201
2021-12-23,Netherlands,Moderna,123902
2021-12-23,Netherlands,Novavax,0
2021-12-23,Netherlands,Oxford/AstraZeneca,0
2021-12-23,Netherlands,Pfizer/BioNTech,59201
2021-12-24,Netherlands,Moderna,163729
2021-12-24,Netherlands,Novavax,0
2021-12-24,Netherlands,Oxford/AstraZeneca,0
2021-12-24,Netherlands,Pfizer/BioNTech,67057
2021-12-25,Netherlands,Moderna,163729
2021-12-25,Netherlands,Novavax,0
2021-12-25,Netherlands,Oxford/AstraZeneca,0
2021-12-25,Netherlands,Pfizer/BioNTech,67057
2021-12-26,Netherlands,Moderna,163729
2021-12-26,Netherlands,Novavax,0
2021-12-26,Netherlands,Oxford/AstraZeneca,0
2021-12-26,Netherlands,Pfizer/BioNTech,67057
2021-12-27,Netherlands,Moderna,163729
2021-12-27,Netherlands,Novavax,0
2021-12-27,Netherlands,Oxford/AstraZeneca,0
2021-12-27,Netherlands,Pfizer/BioNTech,67057
2021-12-28,Netherlands,Moderna,163729
2021-12-28,Netherlands,Novavax,0
2021-12-28,Netherlands,Oxford/AstraZeneca,0
2021-12-28,Netherlands,Pfizer/BioNTech,67057
2021-12-29,Netherlands,Moderna,163729
2021-12-29,Netherlands,Novavax,0
2021-12-29,Netherlands,Oxford/AstraZeneca,0
2021-12-29,Netherlands,Pfizer/BioNTech,67057
2021-12-30,Netherlands,Moderna,163729
2021-12-30,Netherlands,Novavax,0
2021-12-30,Netherlands,Oxford/AstraZeneca,0
2021-12-30,Netherlands,Pfizer/BioNTech,67057
2021-12-31,Netherlands,Moderna,126897
2021-12-31,Netherlands,Novavax,0
2021-12-31,Netherlands,Oxford/AstraZeneca,0
2021-12-31,Netherlands,Pfizer/BioNTech,140901
