date,location,vaccine,total_vaccinations
2021-01-01,Belgium,Moderna,0
2021-01-01,Belgium,Novavax,0
2021-01-01,Belgium,Oxford/AstraZeneca,0
2021-01-01,Belgium,Pfizer/BioNTech,3546
2021-01-02,Belgium,Moderna,0
2021-01-02,Belgium,Novavax,0
2021-01-02,Belgium,Oxford/AstraZeneca,0
2021-01-02,Belgium,Pfizer/BioNTech,3546
2021-01-03,Belgium,Moderna,0
2021-01-03,Belgium,Novavax,0
2021-01-03,Belgium,Oxford/AstraZeneca,0
2021-01-03,Belgium,Pfizer/BioNTech,3546
2021-01-04,Belgium,Moderna,0
2021-01-04,Belgium,Novavax,0
2021-01-04,Belgium,Oxford/AstraZeneca,0
2021-01-04,Belgium,Pfizer/BioNTech,3546
2021-01-05,Belgium,Moderna,0
2021-01-05,Belgium,Novavax,0
2021-01-05,Belgium,Oxford/AstraZeneca,0
2021-01-05,Belgium,Pfizer/BioNTech,3546
2021-01-06,Belgium,Moderna,0
2021-01-06,Belgium,Novavax,0
2021-01-06,Belgium,Oxford/AstraZeneca,0
2021-01-06,Belgium,Pfizer/BioNTech,3546
2021-01-07,Belgium,Moderna,0
2021-01-07,Belgium,Novavax,0
2021-01-07,Belgium,Oxford/AstraZeneca,0
2021-01-07,Belgium,Pfizer/BioNTech,3546
2021-01-08,Belgium,Moderna,9
2021-01-08,Belgium,Novavax,0
2021-01-08,Belgium,Oxford/AstraZeneca,12
2021-01-08,Belgium,Pfizer/BioNTech,14192
2021-01-09,Belgium,Moderna,9
2021-01-09,Belgium,Novavax,0
2021-01-09,Belgium,Oxford/AstraZeneca,12
2021-01-09,Belgium,Pfizer/BioNTech,14192
2021-01-10,Belgium,Moderna,9
2021-01-10,Belgium,Novavax,0
2021-01-10,Belgium,Oxford/AstraZeneca,12
2021-01-10,Belgium,Pfizer/BioNTech,14192
2021-01-11,Belgium,Moderna,9
2021-01-11,Belgium,Novavax,0
2021-01-11,Belgium,Oxford/AstraZeneca,12
2021-01-11,Belgium,Pfizer/BioNTech,14192
2021-01-12,Belgium,Moderna,9
2021-01-12,Belgium,Novavax,0
2021-01-12,Belgium,Oxford/AstraZeneca,12
2021-01-12,Belgium,Pfizer/BioNTech,14192
2021-01-13,Belgium,Moderna,9
2021-01-13,Belgium,Novavax,0
2021-01-13,Belgium,Oxford/AstraZeneca,12
2021-01-13,Belgium,Pfizer/BioNTech,14192
2021-01-14,Belgium,Moderna,9
2021-01-14,Belgium,Novavax,0
2021-01-14,Belgium,Oxford/AstraZeneca,12
2021-01-14,Belgium,Pfizer/BioNTech,14192
2021-01-15,Belgium,Moderna,645
2021-01-15,Belgium,Novavax,0
2021-01-15,Belgium,Oxford/AstraZeneca,12
2021-01-15,Belgium,Pfizer/BioNTech,17007
2021-01-16,Belgium,Moderna,645
2021-01-16,Belgium,Novavax,0
2021-01-16,Belgium,Oxford/AstraZeneca,12
2021-01-16,Belgium,Pfizer/BioNTech,17007
2021-01-17,Belgium,Moderna,645
2021-01-17,Belgium,Novavax,0
2021-01-17,Belgium,Oxford/AstraZeneca,12
2021-01-17,Belgium,Pfizer/BioNTech,17007
2021-01-18,Belgium,Moderna,645
2021-01-18,Belgium,Novavax,0
2021-01-18,Belgium,Oxford/AstraZeneca,12
2021-01-18,Belgium,Pfizer/BioNTech,17007
2021-01-19,Belgium,Moderna,645
2021-01-19,Belgium,Novavax,0
2021-01-19,Belgium,Oxford/AstraZeneca,12
2021-01-19,Belgium,Pfizer/BioNTech,17007
2021-01-20,Belgium,Moderna,645
2021-01-20,Belgium,Novavax,0
2021-01-20,Belgium,Oxford/AstraZeneca,12
2021-01-20,Belgium,Pfizer/BioNTech,17007
2021-01-21,Belgium,Moderna,645
2021-01-21,Belgium,Novavax,0
2021-01-21,Belgium,Oxford/AstraZeneca,12
2021-01-21,Belgium,Pfizer/BioNTech,17007
2021-01-22,Belgium,Moderna,248
2021-01-22,Belgium,Novavax,0
2021-01-22,Belgium,Oxford/AstraZeneca,12
2021-01-22,Belgium,Pfizer/BioNTech,12984
2021-01-23,Belgium,Moderna,248
2021-01-23,Belgium,Novavax,0
2021-01-23,Belgium,Oxford/AstraZeneca,12
2021-01-23,Belgium,Pfizer/BioNTech,12984
2021-01-24,Belgium,Moderna,248
2021-01-24,Belgium,Novavax,0
2021-01-24,Belgium,Oxford/AstraZeneca,12
2021-01-24,Belgium,Pfizer/BioNTech,12984
2021-01-25,Belgium,Moderna,248
2021-01-25,Belgium,Novavax,0
2021-01-25,Belgium,Oxford/AstraZeneca,12
2021-01-25,Belgium,Pfizer/BioNTech,12984
2021-01-26,Belgium,Moderna,248
2021-01-26,Belgium,Novavax,0
2021-01-26,Belgium,Oxford/AstraZeneca,12
2021-01-26,Belgium,Pfizer/BioNTech,12984
2021-01-27,Belgium,Moderna,248
2021-01-27,Belgium,Novavax,0
2021-01-27,Belgium,Oxford/AstraZeneca,12
2021-01-27,Belgium,Pfizer/BioNTech,12984
2021-01-28,Belgium,Moderna,248
2021-01-28,Belgium,Novavax,0
2021-01-28,Belgium,Oxford/AstraZeneca,12
2021-01-28,Belgium,Pfizer/BioNTech,12984
2021-01-29,Belgium,Moderna,1412
2021-01-29,Belgium,Novavax,0
2021-01-29,Belgium,Oxford/AstraZeneca,12
2021-01-29,Belgium,Pfizer/BioNTech,18559
2021-01-30,Belgium,Moderna,1412
2021-01-30,Belgium,Novavax,0
2021-01-30,Belgium,Oxford/AstraZeneca,12
2021-01-30,Belgium,Pfizer/BioNTech,18559
2021-01-31,Belgium,Moderna,1412
2021-01-31,Belgium,Novavax,0
2021-01-31,Belgium,Oxford/AstraZeneca,12
2021-01-31,Belgium,Pfizer/BioNTech,18559
2021-02-01,Belgium,Moderna,1412
2021-02-01,Belgium,Novavax,0
2021-02-01,Belgium,Oxford/AstraZeneca,12
2021-02-01,Belgium,Pfizer/BioNTech,18559
2021-02-02,Belgium,Moderna,1412
2021-02-02,Belgium,Novavax,0
2021-02-02,Belgium,Oxford/AstraZeneca,12
2021-02-02,Belgium,Pfizer/BioNTech,18559
2021-02-03,Belgium,Moderna,1412
2021-02-03,Belgium,Novavax,0
2021-02-03,Belgium,Oxford/AstraZeneca,12
2021-02-03,Belgium,Pfizer/BioNTech,18559
2021-02-04,Belgium,Moderna,1412
2021-02-04,Belgium,Novavax,0
2021-02-04,Belgium,Oxford/AstraZeneca,12
2021-02-04,Belgium,Pfizer/BioNTech,18559
2021-02-05,Belgium,Moderna,1386
2021-02-05,Belgium,Novavax,0
2021-02-05,Belgium,Oxford/AstraZeneca,12
2021-02-05,Belgium,Pfizer/BioNTech,19576
2021-02-06,Belgium,Moderna,1386
2021-02-06,Belgium,Novavax,0
2021-02-06,Belgium,Oxford/AstraZeneca,12
2021-02-06,Belgium,Pfizer/BioNTech,19576
2021-02-07,Belgium,Moderna,1386
2021-02-07,Belgium,Novavax,0
2021-02-07,Belgium,Oxford/AstraZeneca,12
2021-02-07,Belgium,Pfizer/BioNTech,19576
2021-02-08,Belgium,Moderna,1386
2021-02-08,Belgium,Novavax,0
2021-02-08,Belgium,Oxford/AstraZeneca,12
2021-02-08,Belgium,Pfizer/BioNTech,19576
2021-02-09,Belgium,Moderna,1386
2021-02-09,Belgium,Novavax,0
2021-02-09,Belgium,Oxford/AstraZeneca,12
2021-02-09,Belgium,Pfizer/BioNTech,19576
2021-02-10,Belgium,Moderna,1386
2021-02-10,Belgium,Novavax,0
2021-02-10,Belgium,Oxford/AstraZeneca,12
2021-02-10,Belgium,Pfizer/BioNTech,19576
2021-02-11,Belgium,Moderna,1386
2021-02-11,Belgium,Novavax,0
2021-02-11,Belgium,Oxford/AstraZeneca,12
2021-02-11,Belgium,Pfizer/BioNTech,19576
2021-02-12,Belgium,Moderna,696
2021-02-12,Belgium,Novavax,0
2021-02-12,Belgium,Oxford/AstraZeneca,1534
2021-02-12,Belgium,Pfizer/BioNTech,14555
2021-02-13,Belgium,Moderna,696
2021-02-13,Belgium,Novavax,0
2021-02-13,Belgium,Oxford/AstraZeneca,1534
2021-02-13,Belgium,Pfizer/BioNTech,14555
2021-02-14,Belgium,Moderna,696
2021-02-14,Belgium,Novavax,0
2021-02-14,Belgium,Oxford/AstraZeneca,1534
2021-02-14,Belgium,Pfizer/BioNTech,14555
2021-02-15,Belgium,Moderna,696
2021-02-15,Belgium,Novavax,0
2021-02-15,Belgium,Oxford/AstraZeneca,1534
2021-02-15,Belgium,Pfizer/BioNTech,14555
2021-02-16,Belgium,Moderna,696
2021-02-16,Belgium,Novavax,0
2021-02-16,Belgium,Oxford/AstraZeneca,1534
2021-02-16,Belgium,Pfizer/BioNTech,14555
2021-02-17,Belgium,Moderna,696
2021-02-17,Belgium,Novavax,0
2021-02-17,Belgium,Oxford/AstraZeneca,1534
2021-02-17,Belgium,Pfizer/BioNTech,14555
2021-02-18,Belgium,Moderna,696
2021-02-18,Belgium,Novavax,0
2021-02-18,Belgium,Oxford/AstraZeneca,1534
2021-02-18,Belgium,Pfizer/BioNTech,14555
2021-02-19,Belgium,Moderna,366
2021-02-19,Belgium,Novavax,0
2021-02-19,Belgium,Oxford/AstraZeneca,4984
2021-02-19,Belgium,Pfizer/BioNTech,12794
2021-02-20,Belgium,Moderna,366
2021-02-20,Belgium,Novavax,0
2021-02-20,Belgium,Oxford/AstraZeneca,4984
2021-02-20,Belgium,Pfizer/BioNTech,12794
2021-02-21,Belgium,Moderna,366
2021-02-21,Belgium,Novavax,0
2021-02-21,Belgium,Oxford/AstraZeneca,4984
2021-02-21,Belgium,Pfizer/BioNTech,12794
2021-02-22,Belgium,Moderna,366
2021-02-22,Belgium,Novavax,0
2021-02-22,Belgium,Oxford/AstraZeneca,4984
2021-02-22,Belgium,Pfizer/BioNTech,12794
2021-02-23,Belgium,Moderna,366
2021-02-23,Belgium,Novavax,0
2021-02-23,Belgium,Oxford/AstraZeneca,4984
2021-02-23,Belgium,Pfizer/BioNTech,12794
2021-02-24,Belgium,Moderna,366
2021-02-24,Belgium,Novavax,0
2021-02-24,Belgium,Oxford/AstraZeneca,4984
2021-02-24,Belgium,Pfizer/BioNTech,12794
2021-02-25,Belgium,Moderna,366
2021-02-25,Belgium,Novavax,0
2021-02-25,Belgium,Oxford/AstraZeneca,4984
2021-02-25,Belgium,Pfizer/BioNTech,12794
2021-02-26,Belgium,Moderna,2717
2021-02-26,Belgium,Novavax,0
2021-02-26,Belgium,Oxford/AstraZeneca,9316
2021-02-26,Belgium,Pfizer/BioNTech,12872
2021-02-27,Belgium,Moderna,2717
2021-02-27,Belgium,Novavax,0
2021-02-27,Belgium,Oxford/AstraZeneca,9316
2021-02-27,Belgium,Pfizer/BioNTech,12872
2021-02-28,Belgium,Moderna,2717
2021-02-28,Belgium,Novavax,0
2021-02-28,Belgium,Oxford/AstraZeneca,9316
2021-02-28,Belgium,Pfizer/BioNTech,12872
2021-03-01,Belgium,Moderna,2717
2021-03-01,Belgium,Novavax,0
2021-03-01,Belgium,Oxford/AstraZeneca,9316
2021-03-01,Belgium,Pfizer/BioNTech,12872
2021-03-02,Belgium,Moderna,2717
2021-03-02,Belgium,Novavax,0
2021-03-02,Belgium,Oxford/AstraZeneca,9316
2021-03-02,Belgium,Pfizer/BioNTech,12872
2021-03-03,Belgium,Moderna,2717
2021-03-03,Belgium,Novavax,0
2021-03-03,Belgium,Oxford/AstraZeneca,9316
2021-03-03,Belgium,Pfizer/BioNTech,12872
2021-03-04,Belgium,Moderna,2717
2021-03-04,Belgium,Novavax,0
2021-03-04,Belgium,Oxford/AstraZeneca,9316
2021-03-04,Belgium,Pfizer/BioNTech,12872
2021-03-05,Belgium,Moderna,2301
2021-03-05,Belgium,Novavax,0
2021-03-05,Belgium,Oxford/AstraZeneca,11686
2021-03-05,Belgium,Pfizer/BioNTech,13923
2021-03-06,Belgium,Moderna,2301
2021-03-06,Belgium,Novavax,0
2021-03-06,Belgium,Oxford/AstraZeneca,11686
2021-03-06,Belgium,Pfizer/BioNTech,13923
2021-03-07,Belgium,Moderna,2301
2021-03-07,Belgium,Novavax,0
2021-03-07,Belgium,Oxford/AstraZeneca,11686
2021-03-07,Belgium,Pfizer/BioNTech,13923
2021-03-08,Belgium,Moderna,2301
2021-03-08,Belgium,Novavax,0
2021-03-08,Belgium,Oxford/AstraZeneca,11686
2021-03-08,Belgium,Pfizer/BioNTech,13923
2021-03-09,Belgium,Moderna,2301
2021-03-09,Belgium,Novavax,0
2021-03-09,Belgium,Oxford/AstraZeneca,11686
2021-03-09,Belgium,Pfizer/BioNTech,13923
2021-03-10,Belgium,Moderna,2301
2021-03-10,Belgium,Novavax,0
2021-03-10,Belgium,Oxford/AstraZeneca,11686
2021-03-10,Belgium,Pfizer/BioNTech,13923
2021-03-11,Belgium,Moderna,2301
2021-03-11,Belgium,Novavax,0
2021-03-11,Belgium,Oxford/AstraZeneca,11686
2021-03-11,Belgium,Pfizer/BioNTech,13923
2021-03-12,Belgium,Moderna,3235
2021-03-12,Belgium,Novavax,0
2021-03-12,Belgium,Oxford/AstraZeneca,22855
2021-03-12,Belgium,Pfizer/BioNTech,15922
2021-03-13,Belgium,Moderna,3235
2021-03-13,Belgium,Novavax,0
2021-03-13,Belgium,Oxford/AstraZeneca,22855
2021-03-13,Belgium,Pfizer/BioNTech,15922
2021-03-14,Belgium,Moderna,3235
2021-03-14,Belgium,Novavax,0
2021-03-14,Belgium,Oxford/AstraZeneca,22855
2021-03-14,Belgium,Pfizer/BioNTech,15922
2021-03-15,Belgium,Moderna,3235
2021-03-15,Belgium,Novavax,0
2021-03-15,Belgium,Oxford/AstraZeneca,22855
2021-03-15,Belgium,Pfizer/BioNTech,15922
2021-03-16,Belgium,Moderna,3235
2021-03-16,Belgium,Novavax,0
2021-03-16,Belgium,Oxford/AstraZeneca,22855
2021-03-16,Belgium,Pfizer/BioNTech,15922
2021-03-17,Belgium,Moderna,3235
2021-03-17,Belgium,Novavax,0
2021-03-17,Belgium,Oxford/AstraZeneca,22855
2021-03-17,Belgium,Pfizer/BioNTech,15922
2021-03-18,Belgium,Moderna,3235
2021-03-18,Belgium,Novavax,0
2021-03-18,Belgium,Oxford/AstraZeneca,22855
2021-03-18,Belgium,Pfizer/BioNTech,15922
2021-03-19,Belgium,Moderna,1503
2021-03-19,Belgium,Novavax,0
2021-03-19,Belgium,Oxford/AstraZeneca,15912
2021-03-19,Belgium,Pfizer/BioNTech,28275
2021-03-20,Belgium,Moderna,1503
2021-03-20,Belgium,Novavax,0
2021-03-20,Belgium,Oxford/AstraZeneca,15912
2021-03-20,Belgium,Pfizer/BioNTech,28275
2021-03-21,Belgium,Moderna,1503
2021-03-21,Belgium,Novavax,0
2021-03-21,Belgium,Oxford/AstraZeneca,15912
2021-03-21,Belgium,Pfizer/BioNTech,28275
2021-03-22,Belgium,Moderna,1503
2021-03-22,Belgium,Novavax,0
2021-03-22,Belgium,Oxford/AstraZeneca,15912
2021-03-22,Belgium,Pfizer/BioNTech,28275
2021-03-23,Belgium,Moderna,1503
2021-03-23,Belgium,Novavax,0
2021-03-23,Belgium,Oxford/AstraZeneca,15912
2021-03-23,Belgium,Pfizer/BioNTech,28275
2021-03-24,Belgium,Moderna,1503
2021-03-24,Belgium,Novavax,0
2021-03-24,Belgium,Oxford/AstraZeneca,15912
2021-03-24,Belgium,Pfizer/BioNTech,28275
2021-03-25,Belgium,Moderna,1503
2021-03-25,Belgium,Novavax,0
2021-03-25,Belgium,Oxford/AstraZeneca,15912
2021-03-25,Belgium,Pfizer/BioNTech,28275
2021-03-26,Belgium,Moderna,4014
2021-03-26,Belgium,Novavax,0
2021-03-26,Belgium,Oxford/AstraZeneca,8644
2021-03-26,Belgium,Pfizer/BioNTech,37159
2021-03-27,Belgium,Moderna,4014
2021-03-27,Belgium,Novavax,0
2021-03-27,Belgium,Oxford/AstraZeneca,8644
2021-03-27,Belgium,Pfizer/BioNTech,37159
2021-03-28,Belgium,Moderna,4014
2021-03-28,Belgium,Novavax,0
2021-03-28,Belgium,Oxford/AstraZeneca,8644
2021-03-28,Belgium,Pfizer/BioNTech,37159
2021-03-29,Belgium,Moderna,4014
2021-03-29,Belgium,Novavax,0
2021-03-29,Belgium,Oxford/AstraZeneca,8644
2021-03-29,Belgium,Pfizer/BioNTech,37159
2021-03-30,Belgium,Moderna,4014
2021-03-30,Belgium,Novavax,0
2021-03-30,Belgium,Oxford/AstraZeneca,8644
2021-03-30,Belgium,Pfizer/BioNTech,37159
2021-03-31,Belgium,Moderna,4014
2021-03-31,Belgium,Novavax,0
2021-03-31,Belgium,Oxford/AstraZeneca,8644
2021-03-31,Belgium,Pfizer/BioNTech,37159
2021-04-01,Belgium,Moderna,4014
2021-04-01,Belgium,Novavax,0
2021-04-01,Belgium,Oxford/AstraZeneca,8644
2021-04-01,Belgium,Pfizer/BioNTech,37159
2021-04-02,Belgium,Moderna,6793
2021-04-02,Belgium,Novavax,0
2021-04-02,Belgium,Oxford/AstraZeneca,11445
2021-04-02,Belgium,Pfizer/BioNTech,45674
2021-04-03,Belgium,Moderna,6793
2021-04-03,Belgium,Novavax,0
2021-04-03,Belgium,Oxford/AstraZeneca,11445
2021-04-03,Belgium,Pfizer/BioNTech,45674
2021-04-04,Belgium,Moderna,6793
2021-04-04,Belgium,Novavax,0
2021-04-04,Belgium,Oxford/AstraZeneca,11445
2021-04-04,Belgium,Pfizer/BioNTech,45674
2021-04-05,Belgium,Moderna,6793
2021-04-05,Belgium,Novavax,0
2021-04-05,Belgium,Oxford/AstraZeneca,11445
2021-04-05,Belgium,Pfizer/BioNTech,45674
2021-04-06,Belgium,Moderna,6793
2021-04-06,Belgium,Novavax,0
2021-04-06,Belgium,Oxford/AstraZeneca,11445
2021-04-06,Belgium,Pfizer/BioNTech,45674
2021-04-07,Belgium,Moderna,6793
2021-04-07,Belgium,Novavax,0
2021-04-07,Belgium,Oxford/AstraZeneca,11445
2021-04-07,Belgium,Pfizer/BioNTech,45674
2021-04-08,Belgium,Moderna,6793
2021-04-08,Belgium,Novavax,0
2021-04-08,Belgium,Oxford/AstraZeneca,11445
2021-04-08,Belgium,Pfizer/BioNTech,45674
2021-04-09,Belgium,Moderna,4996
2021-04-09,Belgium,Novavax,0
2021-04-09,Belgium,Oxford/AstraZeneca,25885
2021-04-09,Belgium,Pfizer/BioNTech,39829
2021-04-10,Belgium,Moderna,4996
2021-04-10,Belgium,Novavax,0
2021-04-10,Belgium,Oxford/AstraZeneca,25885
2021-04-10,Belgium,Pfizer/BioNTech,39829
2021-04-11,Belgium,Moderna,4996
2021-04-11,Belgium,Novavax,0
2021-04-11,Belgium,Oxford/AstraZeneca,25885
2021-04-11,Belgium,Pfizer/BioNTech,39829
2021-04-12,Belgium,Moderna,4996
2021-04-12,Belgium,Novavax,0
2021-04-12,Belgium,Oxford/AstraZeneca,25885
2021-04-12,Belgium,Pfizer/BioNTech,39829
2021-04-13,Belgium,Moderna,4996
2021-04-13,Belgium,Novavax,0
2021-04-13,Belgium,Oxford/AstraZeneca,25885
2021-04-13,Belgium,Pfizer/BioNTech,39829
2021-04-14,Belgium,Moderna,4996
2021-04-14,Belgium,Novavax,0
2021-04-14,Belgium,Oxford/AstraZeneca,25885
2021-04-14,Belgium,Pfizer/BioNTech,39829
2021-04-15,Belgium,Moderna,4996
2021-04-15,Belgium,Novavax,0
2021-04-15,Belgium,Oxford/AstraZeneca,25885
2021-04-15,Belgium,Pfizer/BioNTech,39829
2021-04-16,Belgium,Moderna,7397
2021-04-16,Belgium,Novavax,0
2021-04-16,Belgium,Oxford/AstraZeneca,8201
2021-04-16,Belgium,Pfizer/BioNTech,45537
2021-04-17,Belgium,Moderna,7397
2021-04-17,Belgium,Novavax,0
2021-04-17,Belgium,Oxford/AstraZeneca,8201
2021-04-17,Belgium,Pfizer/BioNTech,45537
2021-04-18,Belgium,Moderna,7397
2021-04-18,Belgium,Novavax,0
2021-04-18,Belgium,Oxford/AstraZeneca,8201
2021-04-18,Belgium,Pfizer/BioNTech,45537
2021-04-19,Belgium,Moderna,7397
2021-04-19,Belgium,Novavax,0
2021-04-19,Belgium,Oxford/AstraZeneca,8201
2021-04-19,Belgium,Pfizer/BioNTech,45537
2021-04-20,Belgium,Moderna,7397
2021-04-20,Belgium,Novavax,0
2021-04-20,Belgium,Oxford/AstraZeneca,8201
2021-04-20,Belgium,Pfizer/BioNTech,45537
2021-04-21,Belgium,Moderna,7397
2021-04-21,Belgium,Novavax,0
2021-04-21,Belgium,Oxford/AstraZeneca,8201
2021-04-21,Belgium,Pfizer/BioNTech,45537
2021-04-22,Belgium,Moderna,7397
2021-04-22,Belgium,Novavax,0
2021-04-22,Belgium,Oxford/AstraZeneca,8201
2021-04-22,Belgium,Pfizer/BioNTech,45537
2021-04-23,Belgium,Moderna,3915
2021-04-23,Belgium,Novavax,0
2021-04-23,Belgium,Oxford/AstraZeneca,9422
2021-04-23,Belgium,Pfizer/BioNTech,51123
2021-04-24,Belgium,Moderna,3915
2021-04-24,Belgium,Novavax,0
2021-04-24,Belgium,Oxford/AstraZeneca,9422
2021-04-24,Belgium,Pfizer/BioNTech,51123
2021-04-25,Belgium,Moderna,3915
2021-04-25,Belgium,Novavax,0
2021-04-25,Belgium,Oxford/AstraZeneca,9422
2021-04-25,Belgium,Pfizer/BioNTech,51123
2021-04-26,Belgium,Moderna,3915
2021-04-26,Belgium,Novavax,0
2021-04-26,Belgium,Oxford/AstraZeneca,9422
2021-04-26,Belgium,Pfizer/BioNTech,51123
2021-04-27,Belgium,Moderna,3915
2021-04-27,Belgium,Novavax,0
2021-04-27,Belgium,Oxford/AstraZeneca,9422
2021-04-27,Belgium,Pfizer/BioNTech,51123
2021-04-28,Belgium,Moderna,3915
2021-04-28,Belgium,Novavax,0
2021-04-28,Belgium,Oxford/AstraZeneca,9422
2021-04-28,Belgium,Pfizer/BioNTech,51123
2021-04-29,Belgium,Moderna,3915
2021-04-29,Belgium,Novavax,0
2021-04-29,Belgium,Oxford/AstraZeneca,9422
2021-04-29,Belgium,Pfizer/BioNTech,51123
2021-04-30,Belgium,Moderna,8324
2021-04-30,Belgium,Novavax,0
2021-04-30,Belgium,Oxford/AstraZeneca,14782
2021-04-30,Belgium,Pfizer/BioNTech,79204
2021-05-01,Belgium,Moderna,8324
2021-05-01,Belgium,Novavax,0
2021-05-01,Belgium,Oxford/AstraZeneca,14782
2021-05-01,Belgium,Pfizer/BioNTech,79204
2021-05-02,Belgium,Moderna,8324
2021-05-02,Belgium,Novavax,0
2021-05-02,Belgium,Oxford/AstraZeneca,14782
2021-05-02,Belgium,Pfizer/BioNTech,79204
2021-05-03,Belgium,Moderna,8324
2021-05-03,Belgium,Novavax,0
2021-05-03,Belgium,Oxford/AstraZeneca,14782
2021-05-03,Belgium,Pfizer/BioNTech,79204
2021-05-04,Belgium,Moderna,8324
2021-05-04,Belgium,Novavax,0
2021-05-04,Belgium,Oxford/AstraZeneca,14782
2021-05-04,Belgium,Pfizer/BioNTech,79204
2021-05-05,Belgium,Moderna,8324
2021-05-05,Belgium,Novavax,0
2021-05-05,Belgium,Oxford/AstraZeneca,14782
2021-05-05,Belgium,Pfizer/BioNTech,79204
2021-05-06,Belgium,Moderna,8324
2021-05-06,Belgium,Novavax,0
2021-05-06,Belgium,Oxford/AstraZeneca,14782
2021-05-06,Belgium,Pfizer/BioNTech,79204
2021-05-07,Belgium,Moderna,7859
2021-05-07,Belgium,Novavax,0
2021-05-07,Belgium,Oxford/AstraZeneca,13377
2021-05-07,Belgium,Pfizer/BioNTech,64857
2021-05-08,Belgium,Moderna,7859
2021-05-08,Belgium,Novavax,0
2021-05-08,Belgium,Oxford/AstraZeneca,13377
2021-05-08,Belgium,Pfizer/BioNTech,64857
2021-05-09,Belgium,Moderna,7859
2021-05-09,Belgium,Novavax,0
2021-05-09,Belgium,Oxford/AstraZeneca,13377
2021-05-09,Belgium,Pfizer/BioNTech,64857
2021-05-10,Belgium,Moderna,7859
2021-05-10,Belgium,Novavax,0
2021-05-10,Belgium,Oxford/AstraZeneca,13377
2021-05-10,Belgium,Pfizer/BioNTech,64857
2021-05-11,Belgium,Moderna,7859
2021-05-11,Belgium,Novavax,0
2021-05-11,Belgium,Oxford/AstraZeneca,13377
2021-05-11,Belgium,Pfizer/BioNTech,64857
2021-05-12,Belgium,Moderna,7859
2021-05-12,Belgium,Novavax,0
2021-05-12,Belgium,Oxford/AstraZeneca,13377
2021-05-12,Belgium,Pfizer/BioNTech,64857
2021-05-13,Belgium,Moderna,7859
2021-05-13,Belgium,Novavax,0
2021-05-13,Belgium,Oxford/AstraZeneca,13377
2021-05-13,Belgium,Pfizer/BioNTech,64857
2021-05-14,Belgium,Moderna,14633
2021-05-14,Belgium,Novavax,0
2021-05-14,Belgium,Oxford/AstraZeneca,38210
2021-05-14,Belgium,Pfizer/BioNTech,53100
2021-05-15,Belgium,Moderna,14633
2021-05-15,Belgium,Novavax,0
2021-05-15,Belgium,Oxford/AstraZeneca,38210
2021-05-15,Belgium,Pfizer/BioNTech,53100
2021-05-16,Belgium,Moderna,14633
2021-05-16,Belgium,Novavax,0
2021-05-16,Belgium,Oxford/AstraZeneca,38210
2021-05-16,Belgium,Pfizer/BioNTech,53100
2021-05-17,Belgium,Moderna,14633
2021-05-17,Belgium,Novavax,0
2021-05-17,Belgium,Oxford/AstraZeneca,38210
2021-05-17,Belgium,Pfizer/BioNTech,53100
2021-05-18,Belgium,Moderna,14633
2021-05-18,Belgium,Novavax,0
2021-05-18,Belgium,Oxford/AstraZeneca,38210
2021-05-18,Belgium,Pfizer/BioNTech,53100
2021-05-19,Belgium,Moderna,14633
2021-05-19,Belgium,Novavax,0
2021-05-19,Belgium,Oxford/AstraZeneca,38210
2021-05-19,Belgium,Pfizer/BioNTech,53100
2021-05-20,Belgium,Moderna,14633
2021-05-20,Belgium,Novavax,0
2021-05-20,Belgium,Oxford/AstraZeneca,38210
2021-05-20,Belgium,Pfizer/BioNTech,53100
2021-05-21,Belgium,Moderna,10691
2021-05-21,Belgium,Novavax,0
2021-05-21,Belgium,Oxford/AstraZeneca,14365
2021-05-21,Belgium,Pfizer/BioNTech,63536
2021-05-22,Belgium,Moderna,10691
2021-05-22,Belgium,Novavax,0
2021-05-22,Belgium,Oxford/AstraZeneca,14365
2021-05-22,Belgium,Pfizer/BioNTech,63536
2021-05-23,Belgium,Moderna,10691
2021-05-23,Belgium,Novavax,0
2021-05-23,Belgium,Oxford/AstraZeneca,14365
2021-05-23,Belgium,Pfizer/BioNTech,63536
2021-05-24,Belgium,Moderna,10691
2021-05-24,Belgium,Novavax,0
2021-05-24,Belgium,Oxford/AstraZeneca,14365
2021-05-24,Belgium,Pfizer/BioNTech,63536
2021-05-25,Belgium,Moderna,10691
2021-05-25,Belgium,Novavax,0
2021-05-25,Belgium,Oxford/AstraZeneca,14365
2021-05-25,Belgium,Pfizer/BioNTech,63536
2021-05-26,Belgium,Moderna,10691
2021-05-26,Belgium,Novavax,0
2021-05-26,Belgium,Oxford/AstraZeneca,14365
2021-05-26,Belgium,Pfizer/BioNTech,63536
2021-05-27,Belgium,Moderna,10691
2021-05-27,Belgium,Novavax,0
2021-05-27,Belgium,Oxford/AstraZeneca,14365
2021-05-27,Belgium,Pfizer/BioNTech,63536
2021-05-28,Belgium,Moderna,10968
2021-05-28,Belgium,Novavax,0
2021-05-28,Belgium,Oxford/AstraZeneca,14859
2021-05-28,Belgium,Pfizer/BioNTech,100376
2021-05-29,Belgium,Moderna,10968
2021-05-29,Belgium,Novavax,0
2021-05-29,Belgium,Oxford/AstraZeneca,14859
2021-05-29,Belgium,Pfizer/BioNTech,100376
2021-05-30,Belgium,Moderna,10968
2021-05-30,Belgium,Novavax,0
2021-05-30,Belgium,Oxford/AstraZeneca,14859
2021-05-30,Belgium,Pfizer/BioNTech,100376
2021-05-31,Belgium,Moderna,10968
2021-05-31,Belgium,Novavax,0
2021-05-31,Belgium,Oxford/AstraZeneca,14859
2021-05-31,Belgium,Pfizer/BioNTech,100376
2021-06-01,Belgium,Moderna,10968
2021-06-01,Belgium,Novavax,0
2021-06-01,Belgium,Oxford/AstraZeneca,14859
2021-06-01,Belgium,Pfizer/BioNTech,100376
2021-06-02,Belgium,Moderna,10968
2021-06-02,Belgium,Novavax,0
2021-06-02,Belgium,Oxford/AstraZeneca,14859
2021-06-02,Belgium,Pfizer/BioNTech,100376
2021-06-03,Belgium,Moderna,10968
2021-06-03,Belgium,Novavax,0
2021-06-03,Belgium,Oxford/AstraZeneca,14859
2021-06-03,Belgium,Pfizer/BioNTech,100376
2021-06-04,Belgium,Moderna,12407
2021-06-04,Belgium,Novavax,0
2021-06-04,Belgium,Oxford/AstraZeneca,26868
2021-06-04,Belgium,Pfizer/BioNTech,108028
2021-06-05,Belgium,Moderna,12407
2021-06-05,Belgium,Novavax,0
2021-06-05,Belgium,Oxford/AstraZeneca,26868
2021-06-05,Belgium,Pfizer/BioNTech,108028
2021-06-06,Belgium,Moderna,12407
2021-06-06,Belgium,Novavax,0
2021-06-06,Belgium,Oxford/AstraZeneca,26868
2021-06-06,Belgium,Pfizer/BioNTech,108028
2021-06-07,Belgium,Moderna,12407
2021-06-07,Belgium,Novavax,0
2021-06-07,Belgium,Oxford/AstraZeneca,26868
2021-06-07,Belgium,Pfizer/BioNTech,108028
2021-06-08,Belgium,Moderna,12407
2021-06-08,Belgium,Novavax,0
2021-06-08,Belgium,Oxford/AstraZeneca,26868
2021-06-08,Belgium,Pfizer/BioNTech,108028
2021-06-09,Belgium,Moderna,12407
2021-06-09,Belgium,Novavax,0
2021-06-09,Belgium,Oxford/AstraZeneca,26868
2021-06-09,Belgium,Pfizer/BioNTech,108028
2021-06-10,Belgium,Moderna,12407
2021-06-10,Belgium,Novavax,0
2021-06-10,Belgium,Oxford/AstraZeneca,26868
2021-06-10,Belgium,Pfizer/BioNTech,108028
2021-06-11,Belgium,Moderna,15303
2021-06-11,Belgium,Novavax,0
2021-06-11,Belgium,Oxford/AstraZeneca,19358
2021-06-11,Belgium,Pfizer/BioNTech,103125
2021-06-12,Belgium,Moderna,15303
2021-06-12,Belgium,Novavax,0
2021-06-12,Belgium,Oxford/AstraZeneca,19358
2021-06-12,Belgium,Pfizer/BioNTech,103125
2021-06-13,Belgium,Moderna,15303
2021-06-13,Belgium,Novavax,0
2021-06-13,Belgium,Oxford/AstraZeneca,19358
2021-06-13,Belgium,Pfizer/BioNTech,103125
2021-06-14,Belgium,Moderna,15303
2021-06-14,Belgium,Novavax,0
2021-06-14,Belgium,Oxford/AstraZeneca,19358
2021-06-14,Belgium,Pfizer/BioNTech,103125
2021-06-15,Belgium,Moderna,15303
2021-06-15,Belgium,Novavax,0
2021-06-15,Belgium,Oxford/AstraZeneca,19358
2021-06-15,Belgium,Pfizer/BioNTech,103125
2021-06-16,Belgium,Moderna,15303
2021-06-16,Belgium,Novavax,0
2021-06-16,Belgium,Oxford/AstraZeneca,19358
2021-06-16,Belgium,Pfizer/BioNTech,103125
2021-06-17,Belgium,Moderna,15303
2021-06-17,Belgium,Novavax,0
2021-06-17,Belgium,Oxford/AstraZeneca,19358
2021-06-17,Belgium,Pfizer/BioNTech,103125
2021-06-18,Belgium,Moderna,16201
2021-06-18,Belgium,Novavax,0
2021-06-18,Belgium,Oxford/AstraZeneca,9976
2021-06-18,Belgium,Pfizer/BioNTech,99521
2021-06-19,Belgium,Moderna,16201
2021-06-19,Belgium,Novavax,0
2021-06-19,Belgium,Oxford/AstraZeneca,9976
2021-06-19,Belgium,Pfizer/BioNTech,99521
2021-06-20,Belgium,Moderna,16201
2021-06-20,Belgium,Novavax,0
2021-06-20,Belgium,Oxford/AstraZeneca,9976
2021-06-20,Belgium,Pfizer/BioNTech,99521
2021-06-21,Belgium,Moderna,16201
2021-06-21,Belgium,Novavax,0
2021-06-21,Belgium,Oxford/AstraZeneca,9976
2021-06-21,Belgium,Pfizer/BioNTech,99521
2021-06-22,Belgium,Moderna,16201
2021-06-22,Belgium,Novavax,0
2021-06-22,Belgium,Oxford/AstraZeneca,9976
2021-06-22,Belgium,Pfizer/BioNTech,99521
2021-06-23,Belgium,Moderna,16201
2021-06-23,Belgium,Novavax,0
2021-06-23,Belgium,Oxford/AstraZeneca,9976
2021-06-23,Belgium,Pfizer/BioNTech,99521
2021-06-24,Belgium,Moderna,16201
2021-06-24,Belgium,Novavax,0
2021-06-24,Belgium,Oxford/AstraZeneca,9976
2021-06-24,Belgium,Pfizer/BioNTech,99521
2021-06-25,Belgium,Moderna,12044
2021-06-25,Belgium,Novavax,0
2021-06-25,Belgium,Oxford/AstraZeneca,14363
2021-06-25,Belgium,Pfizer/BioNTech,73672
2021-06-26,Belgium,Moderna,12044
2021-06-26,Belgium,Novavax,0
2021-06-26,Belgium,Oxford/AstraZeneca,14363
2021-06-26,Belgium,Pfizer/BioNTech,73672
2021-06-27,Belgium,Moderna,12044
2021-06-27,Belgium,Novavax,0
2021-06-27,Belgium,Oxford/AstraZeneca,14363
2021-06-27,Belgium,Pfizer/BioNTech,73672
2021-06-28,Belgium,Moderna,12044
2021-06-28,Belgium,Novavax,0
2021-06-28,Belgium,Oxford/AstraZeneca,14363
2021-06-28,Belgium,Pfizer/BioNTech,73672
2021-06-29,Belgium,Moderna,12044
2021-06-29,Belgium,Novavax,0
2021-06-29,Belgium,Oxford/AstraZeneca,14363
2021-06-29,Belgium,Pfizer/BioNTech,73672
2021-06-30,Belgium,Moderna,12044
2021-06-30,Belgium,Novavax,0
2021-06-30,Belgium,Oxford/AstraZeneca,14363
2021-06-30,Belgium,Pfizer/BioNTech,73672
2021-07-01,Belgium,Moderna,12044
2021-07-01,Belgium,Novavax,0
2021-07-01,Belgium,Oxford/AstraZeneca,14363
2021-07-01,Belgium,Pfizer/BioNTech,73672
2021-07-02,Belgium,Moderna,8932
2021-07-02,Belgium,Novavax,0
2021-07-02,Belgium,Oxford/AstraZeneca,32525
2021-07-02,Belgium,Pfizer/BioNTech,81182
2021-07-03,Belgium,Moderna,8932
2021-07-03,Belgium,Novavax,0
2021-07-03,Belgium,Oxford/AstraZeneca,32525
2021-07-03,Belgium,Pfizer/BioNTech,81182
2021-07-04,Belgium,Moderna,8932
2021-07-04,Belgium,Novavax,0
2021-07-04,Belgium,Oxford/AstraZeneca,32525
2021-07-04,Belgium,Pfizer/BioNTech,81182
2021-07-05,Belgium,Moderna,8932
2021-07-05,Belgium,Novavax,0
2021-07-05,Belgium,Oxford/AstraZeneca,32525
2021-07-05,Belgium,Pfizer/BioNTech,81182
2021-07-06,Belgium,Moderna,8932
2021-07-06,Belgium,Novavax,0
2021-07-06,Belgium,Oxford/AstraZeneca,32525
2021-07-06,Belgium,Pfizer/BioNTech,81182
2021-07-07,Belgium,Moderna,8932
2021-07-07,Belgium,Novavax,0
2021-07-07,Belgium,Oxford/AstraZeneca,32525
2021-07-07,Belgium,Pfizer/BioNTech,81182
2021-07-08,Belgium,Moderna,8932
2021-07-08,Belgium,Novavax,0
2021-07-08,Belgium,Oxford/AstraZeneca,32525
2021-07-08,Belgium,Pfizer/BioNTech,81182
2021-07-09,Belgium,Moderna,8020
2021-07-09,Belgium,Novavax,0
2021-07-09,Belgium,Oxford/AstraZeneca,22133
2021-07-09,Belgium,Pfizer/BioNTech,82274
2021-07-10,Belgium,Moderna,8020
2021-07-10,Belgium,Novavax,0
2021-07-10,Belgium,Oxford/AstraZeneca,22133
2021-07-10,Belgium,Pfizer/BioNTech,82274
2021-07-11,Belgium,Moderna,8020
2021-07-11,Belgium,Novavax,0
2021-07-11,Belgium,Oxford/AstraZeneca,22133
2021-07-11,Belgium,Pfizer/BioNTech,82274
2021-07-12,Belgium,Moderna,8020
2021-07-12,Belgium,Novavax,0
2021-07-12,Belgium,Oxford/AstraZeneca,22133
2021-07-12,Belgium,Pfizer/BioNTech,82274
2021-07-13,Belgium,Moderna,8020
2021-07-13,Belgium,Novavax,0
2021-07-13,Belgium,Oxford/AstraZeneca,22133
2021-07-13,Belgium,Pfizer/BioNTech,82274
2021-07-14,Belgium,Moderna,8020
2021-07-14,Belgium,Novavax,0
2021-07-14,Belgium,Oxford/AstraZeneca,22133
2021-07-14,Belgium,Pfizer/BioNTech,82274
2021-07-15,Belgium,Moderna,8020
2021-07-15,Belgium,Novavax,0
2021-07-15,Belgium,Oxford/AstraZeneca,22133
2021-07-15,Belgium,Pfizer/BioNTech,82274
2021-07-16,Belgium,Moderna,7776
2021-07-16,Belgium,Novavax,0
2021-07-16,Belgium,Oxford/AstraZeneca,15233
2021-07-16,Belgium,Pfizer/BioNTech,91896
2021-07-17,Belgium,Moderna,7776
2021-07-17,Belgium,Novavax,0
2021-07-17,Belgium,Oxford/AstraZeneca,15233
2021-07-17,Belgium,Pfizer/BioNTech,91896
2021-07-18,Belgium,Moderna,7776
2021-07-18,Belgium,Novavax,0
2021-07-18,Belgium,Oxford/AstraZeneca,15233
2021-07-18,Belgium,Pfizer/BioNTech,91896
2021-07-19,Belgium,Moderna,7776
2021-07-19,Belgium,Novavax,0
2021-07-19,Belgium,Oxford/AstraZeneca,15233
2021-07-19,Belgium,Pfizer/BioNTech,91896
2021-07-20,Belgium,Moderna,7776
2021-07-20,Belgium,Novavax,0
2021-07-20,Belgium,Oxford/AstraZeneca,15233
2021-07-20,Belgium,Pfizer/BioNTech,91896
2021-07-21,Belgium,Moderna,7776
2021-07-21,Belgium,Novavax,0
2021-07-21,Belgium,Oxford/AstraZeneca,15233
2021-07-21,Belgium,Pfizer/BioNTech,91896
2021-07-22,Belgium,Moderna,7776
2021-07-22,Belgium,Novavax,0
2021-07-22,Belgium,Oxford/AstraZeneca,15233
2021-07-22,Belgium,Pfizer/BioNTech,91896
2021-07-23,Belgium,Moderna,4579
2021-07-23,Belgium,Novavax,0
2021-07-23,Belgium,Oxford/AstraZeneca,13117
2021-07-23,Belgium,Pfizer/BioNTech,92297
2021-07-24,Belgium,Moderna,4579
2021-07-24,Belgium,Novavax,0
2021-07-24,Belgium,Oxford/AstraZeneca,13117
2021-07-24,Belgium,Pfizer/BioNTech,92297
2021-07-25,Belgium,Moderna,4579
2021-07-25,Belgium,Novavax,0
2021-07-25,Belgium,Oxford/AstraZeneca,13117
2021-07-25,Belgium,Pfizer/BioNTech,92297
2021-07-26,Belgium,Moderna,4579
2021-07-26,Belgium,Novavax,0
2021-07-26,Belgium,Oxford/AstraZeneca,13117
2021-07-26,Belgium,Pfizer/BioNTech,92297
2021-07-27,Belgium,Moderna,4579
2021-07-27,Belgium,Novavax,0
2021-07-27,Belgium,Oxford/AstraZeneca,13117
2021-07-27,Belgium,Pfizer/BioNTech,92297
2021-07-28,Belgium,Moderna,4579
2021-07-28,Belgium,Novavax,0
2021-07-28,Belgium,Oxford/AstraZeneca,13117
2021-07-28,Belgium,Pfizer/BioNTech,92297
2021-07-29,Belgium,Moderna,4579
2021-07-29,Belgium,Novavax,0
2021-07-29,Belgium,Oxford/AstraZeneca,13117
2021-07-29,Belgium,Pfizer/BioNTech,92297
2021-07-30,Belgium,Moderna,3539
2021-07-30,Belgium,Novavax,0
2021-07-30,Belgium,Oxford/AstraZeneca,8698
2021-07-30,Belgium,Pfizer/BioNTech,74100
2021-07-31,Belgium,Moderna,3539
2021-07-31,Belgium,Novavax,0
2021-07-31,Belgium,Oxford/AstraZeneca,8698
2021-07-31,Belgium,Pfizer/BioNTech,74100
2021-08-01,Belgium,Moderna,3539
2021-08-01,Belgium,Novavax,0
2021-08-01,Belgium,Oxford/AstraZeneca,8698
2021-08-01,Belgium,Pfizer/BioNTech,74100
2021-08-02,Belgium,Moderna,3539
2021-08-02,Belgium,Novavax,0
2021-08-02,Belgium,Oxford/AstraZeneca,8698
2021-08-02,Belgium,Pfizer/BioNTech,74100
2021-08-03,Belgium,Moderna,3539
2021-08-03,Belgium,Novavax,0
2021-08-03,Belgium,Oxford/AstraZeneca,8698
2021-08-03,Belgium,Pfizer/BioNTech,74100
2021-08-04,Belgium,Moderna,3539
2021-08-04,Belgium,Novavax,0
2021-08-04,Belgium,Oxford/AstraZeneca,8698
2021-08-04,Belgium,Pfizer/BioNTech,74100
2021-08-05,Belgium,Moderna,3539
2021-08-05,Belgium,Novavax,0
2021-08-05,Belgium,Oxford/AstraZeneca,8698
2021-08-05,Belgium,Pfizer/BioNTech,74100
2021-08-06,Belgium,Moderna,2701
2021-08-06,Belgium,Novavax,0
2021-08-06,Belgium,Oxford/AstraZeneca,16187
2021-08-06,Belgium,Pfizer/BioNTech,36767
2021-08-07,Belgium,Moderna,2701
2021-08-07,Belgium,Novavax,0
2021-08-07,Belgium,Oxford/AstraZeneca,16187
2021-08-07,Belgium,Pfizer/BioNTech,36767
2021-08-08,Belgium,Moderna,2701
2021-08-08,Belgium,Novavax,0
2021-08-08,Belgium,Oxford/AstraZeneca,16187
2021-08-08,Belgium,Pfizer/BioNTech,36767
2021-08-09,Belgium,Moderna,2701
2021-08-09,Belgium,Novavax,0
2021-08-09,Belgium,Oxford/AstraZeneca,16187
2021-08-09,Belgium,Pfizer/BioNTech,36767
2021-08-10,Belgium,Moderna,2701
2021-08-10,Belgium,Novavax,0
2021-08-10,Belgium,Oxford/AstraZeneca,16187
2021-08-10,Belgium,Pfizer/BioNTech,36767
2021-08-11,Belgium,Moderna,2701
2021-08-11,Belgium,Novavax,0
2021-08-11,Belgium,Oxford/AstraZeneca,16187
2021-08-11,Belgium,Pfizer/BioNTech,36767
2021-08-12,Belgium,Moderna,2701
2021-08-12,Belgium,Novavax,0
2021-08-12,Belgium,Oxford/AstraZeneca,16187
2021-08-12,Belgium,Pfizer/BioNTech,36767
2021-08-13,Belgium,Moderna,1831
2021-08-13,Belgium,Novavax,0
2021-08-13,Belgium,Oxford/AstraZeneca,1403
2021-08-13,Belgium,Pfizer/BioNTech,32848
2021-08-14,Belgium,Moderna,1831
2021-08-14,Belgium,Novavax,0
2021-08-14,Belgium,Oxford/AstraZeneca,1403
2021-08-14,Belgium,Pfizer/BioNTech,32848
2021-08-15,Belgium,Moderna,1831
2021-08-15,Belgium,Novavax,0
2021-08-15,Belgium,Oxford/AstraZeneca,1403
2021-08-15,Belgium,Pfizer/BioNTech,32848
2021-08-16,Belgium,Moderna,1831
2021-08-16,Belgium,Novavax,0
2021-08-16,Belgium,Oxford/AstraZeneca,1403
2021-08-16,Belgium,Pfizer/BioNTech,32848
2021-08-17,Belgium,Moderna,1831
2021-08-17,Belgium,Novavax,0
2021-08-17,Belgium,Oxford/AstraZeneca,1403
2021-08-17,Belgium,Pfizer/BioNTech,32848
2021-08-18,Belgium,Moderna,1831
2021-08-18,Belgium,Novavax,0
2021-08-18,Belgium,Oxford/AstraZeneca,1403
2021-08-18,Belgium,Pfizer/BioNTech,32848
2021-08-19,Belgium,Moderna,1831
2021-08-19,Belgium,Novavax,0
2021-08-19,Belgium,Oxford/AstraZeneca,1403
2021-08-19,Belgium,Pfizer/BioNTech,32848
2021-08-20,Belgium,Moderna,1294
2021-08-20,Belgium,Novavax,0
2021-08-20,Belgium,Oxford/AstraZeneca,537
2021-08-20,Belgium,Pfizer/BioNTech,33060
2021-08-21,Belgium,Moderna,1294
2021-08-21,Belgium,Novavax,0
2021-08-21,Belgium,Oxford/AstraZeneca,537
2021-08-21,Belgium,Pfizer/BioNTech,33060
2021-08-22,Belgium,Moderna,1294
2021-08-22,Belgium,Novavax,0
2021-08-22,Belgium,Oxford/AstraZeneca,537
2021-08-22,Belgium,Pfizer/BioNTech,33060
2021-08-23,Belgium,Moderna,1294
2021-08-23,Belgium,Novavax,0
2021-08-23,Belgium,Oxford/AstraZeneca,537
2021-08-23,Belgium,Pfizer/BioNTech,33060
2021-08-24,Belgium,Moderna,1294
2021-08-24,Belgium,Novavax,0
2021-08-24,Belgium,Oxford/AstraZeneca,537
2021-08-24,Belgium,Pfizer/BioNTech,33060
2021-08-25,Belgium,Moderna,1294
2021-08-25,Belgium,Novavax,0
2021-08-25,Belgium,Oxford/AstraZeneca,537
2021-08-25,Belgium,Pfizer/BioNTech,33060
2021-08-26,Belgium,Moderna,1294
2021-08-26,Belgium,Novavax,0
2021-08-26,Belgium,Oxford/AstraZeneca,537
2021-08-26,Belgium,Pfizer/BioNTech,33060
2021-08-27,Belgium,Moderna,1539
2021-08-27,Belgium,Novavax,0
2021-08-27,Belgium,Oxford/AstraZeneca,376
2021-08-27,Belgium,Pfizer/BioNTech,21215
2021-08-28,Belgium,Moderna,1539
2021-08-28,Belgium,Novavax,0
2021-08-28,Belgium,Oxford/AstraZeneca,376
2021-08-28,Belgium,Pfizer/BioNTech,21215
2021-08-29,Belgium,Moderna,1539
2021-08-29,Belgium,Novavax,0
2021-08-29,Belgium,Oxford/AstraZeneca,376
2021-08-29,Belgium,Pfizer/BioNTech,21215
2021-08-30,Belgium,Moderna,1539
2021-08-30,Belgium,Novavax,0
2021-08-30,Belgium,Oxford/AstraZeneca,376
2021-08-30,Belgium,Pfizer/BioNTech,21215
2021-08-31,Belgium,Moderna,1539
2021-08-31,Belgium,Novavax,0
2021-08-31,Belgium,Oxford/AstraZeneca,376
2021-08-31,Belgium,Pfizer/BioNTech,21215
2021-09-01,Belgium,Moderna,1539
2021-09-01,Belgium,Novavax,0
2021-09-01,Belgium,Oxford/AstraZeneca,376
2021-09-01,Belgium,Pfizer/BioNTech,21215
2021-09-02,Belgium,Moderna,1539
2021-09-02,Belgium,Novavax,0
2021-09-02,Belgium,Oxford/AstraZeneca,376
2021-09-02,Belgium,Pfizer/BioNTech,21215
2021-09-03,Belgium,Moderna,1088
2021-09-03,Belgium,Novavax,0
2021-09-03,Belgium,Oxford/AstraZeneca,168
2021-09-03,Belgium,Pfizer/BioNTech,11960
2021-09-04,Belgium,Moderna,1088
2021-09-04,Belgium,Novavax,0
2021-09-04,Belgium,Oxford/AstraZeneca,168
2021-09-04,Belgium,Pfizer/BioNTech,11960
2021-09-05,Belgium,Moderna,1088
2021-09-05,Belgium,Novavax,0
2021-09-05,Belgium,Oxford/AstraZeneca,168
2021-09-05,Belgium,Pfizer/BioNTech,11960
2021-09-06,Belgium,Moderna,1088
2021-09-06,Belgium,Novavax,0
2021-09-06,Belgium,Oxford/AstraZeneca,168
2021-09-06,Belgium,Pfizer/BioNTech,11960
2021-09-07,Belgium,Moderna,1088
2021-09-07,Belgium,Novavax,0
2021-09-07,Belgium,Oxford/AstraZeneca,168
2021-09-07,Belgium,Pfizer/BioNTech,11960
2021-09-08,Belgium,Moderna,1088
2021-09-08,Belgium,Novavax,0
2021-09-08,Belgium,Oxford/AstraZeneca,168
2021-09-08,Belgium,Pfizer/BioNTech,11960
2021-09-09,Belgium,Moderna,1088
2021-09-09,Belgium,Novavax,0
2021-09-09,Belgium,Oxford/AstraZeneca,168
2021-09-09,Belgium,Pfizer/BioNTech,11960
2021-09-10,Belgium,Moderna,1068
2021-09-10,Belgium,Novavax,0
2021-09-10,Belgium,Oxford/AstraZeneca,151
2021-09-10,Belgium,Pfizer/BioNTech,11648
2021-09-11,Belgium,Moderna,1068
2021-09-11,Belgium,Novavax,0
2021-09-11,Belgium,Oxford/AstraZeneca,151
2021-09-11,Belgium,Pfizer/BioNTech,11648
2021-09-12,Belgium,Moderna,1068
2021-09-12,Belgium,Novavax,0
2021-09-12,Belgium,Oxford/AstraZeneca,151
2021-09-12,Belgium,Pfizer/BioNTech,11648
2021-09-13,Belgium,Moderna,1068
2021-09-13,Belgium,Novavax,0
2021-09-13,Belgium,Oxford/AstraZeneca,151
2021-09-13,Belgium,Pfizer/BioNTech,11648
2021-09-14,Belgium,Moderna,1068
2021-09-14,Belgium,Novavax,0
2021-09-14,Belgium,Oxford/AstraZeneca,151
2021-09-14,Belgium,Pfizer/BioNTech,11648
2021-09-15,Belgium,Moderna,1068
2021-09-15,Belgium,Novavax,0
2021-09-15,Belgium,Oxford/AstraZeneca,151
2021-09-15,Belgium,Pfizer/BioNTech,11648
2021-09-16,Belgium,Moderna,1068
2021-09-16,Belgium,Novavax,0
2021-09-16,Belgium,Oxford/AstraZeneca,151
2021-09-16,Belgium,Pfizer/BioNTech,11648
2021-09-17,Belgium,Moderna,766
2021-09-17,Belgium,Novavax,0
2021-09-17,Belgium,Oxford/AstraZeneca,101
2021-09-17,Belgium,Pfizer/BioNTech,18756
2021-09-18,Belgium,Moderna,766
2021-09-18,Belgium,Novavax,0
2021-09-18,Belgium,Oxford/AstraZeneca,101
2021-09-18,Belgium,Pfizer/BioNTech,18756
2021-09-19,Belgium,Moderna,766
2021-09-19,Belgium,Novavax,0
2021-09-19,Belgium,Oxford/AstraZeneca,101
2021-09-19,Belgium,Pfizer/BioNTech,18756
2021-09-20,Belgium,Moderna,766
2021-09-20,Belgium,Novavax,0
2021-09-20,Belgium,Oxford/AstraZeneca,101
2021-09-20,Belgium,Pfizer/BioNTech,18756
2021-09-21,Belgium,Moderna,766
2021-09-21,Belgium,Novavax,0
2021-09-21,Belgium,Oxford/AstraZeneca,101
2021-09-21,Belgium,Pfizer/BioNTech,18756
2021-09-22,Belgium,Moderna,766
2021-09-22,Belgium,Novavax,0
2021-09-22,Belgium,Oxford/AstraZeneca,101
2021-09-22,Belgium,Pfizer/BioNTech,18756
2021-09-23,Belgium,Moderna,766
2021-09-23,Belgium,Novavax,0
2021-09-23,Belgium,Oxford/AstraZeneca,101
2021-09-23,Belgium,Pfizer/BioNTech,18756
2021-09-24,Belgium,Moderna,1106
2021-09-24,Belgium,Novavax,0
2021-09-24,Belgium,Oxford/AstraZeneca,68
2021-09-24,Belgium,Pfizer/BioNTech,22628
2021-09-25,Belgium,Moderna,1106
2021-09-25,Belgium,Novavax,0
2021-09-25,Belgium,Oxford/AstraZeneca,68
2021-09-25,Belgium,Pfizer/BioNTech,22628
2021-09-26,Belgium,Moderna,1106
2021-09-26,Belgium,Novavax,0
2021-09-26,Belgium,Oxford/AstraZeneca,68
2021-09-26,Belgium,Pfizer/BioNTech,22628
2021-09-27,Belgium,Moderna,1106
2021-09-27,Belgium,Novavax,0
2021-09-27,Belgium,Oxford/AstraZeneca,68
2021-09-27,Belgium,Pfizer/BioNTech,22628
2021-09-28,Belgium,Moderna,1106
2021-09-28,Belgium,Novavax,0
2021-09-28,Belgium,Oxford/AstraZeneca,68
2021-09-28,Belgium,Pfizer/BioNTech,22628
2021-09-29,Belgium,Moderna,1106
2021-09-29,Belgium,Novavax,0
2021-09-29,Belgium,Oxford/AstraZeneca,68
2021-09-29,Belgium,Pfizer/BioNTech,22628
2021-09-30,Belgium,Moderna,1106
2021-09-30,Belgium,Novavax,0
2021-09-30,Belgium,Oxford/AstraZeneca,68
2021-09-30,Belgium,Pfizer/BioNTech,22628
2021-10-01,Belgium,Moderna,471
2021-10-01,Belgium,Novavax,0
2021-10-01,Belgium,Oxford/AstraZeneca,34
2021-10-01,Belgium,Pfizer/BioNTech,26305
2021-10-02,Belgium,Moderna,471
2021-10-02,Belgium,Novavax,0
2021-10-02,Belgium,Oxford/AstraZeneca,34
2021-10-02,Belgium,Pfizer/BioNTech,26305
2021-10-03,Belgium,Moderna,471
2021-10-03,Belgium,Novavax,0
2021-10-03,Belgium,Oxford/AstraZeneca,34
2021-10-03,Belgium,Pfizer/BioNTech,26305
2021-10-04,Belgium,Moderna,471
2021-10-04,Belgium,Novavax,0
2021-10-04,Belgium,Oxford/AstraZeneca,34
2021-10-04,Belgium,Pfizer/BioNTech,26305
2021-10-05,Belgium,Moderna,471
2021-10-05,Belgium,Novavax,0
2021-10-05,Belgium,Oxford/AstraZeneca,34
2021-10-05,Belgium,Pfizer/BioNTech,26305
2021-10-06,Belgium,Moderna,471
2021-10-06,Belgium,Novavax,0
2021-10-06,Belgium,Oxford/AstraZeneca,34
2021-10-06,Belgium,Pfizer/BioNTech,26305
2021-10-07,Belgium,Moderna,471
2021-10-07,Belgium,Novavax,0
2021-10-07,Belgium,Oxford/AstraZeneca,34
2021-10-07,Belgium,Pfizer/BioNTech,26305
2021-10-08,Belgium,Moderna,602
2021-10-08,Belgium,Novavax,0
2021-10-08,Belgium,Oxford/AstraZeneca,32
2021-10-08,Belgium,Pfizer/BioNTech,26900
2021-10-09,Belgium,Moderna,602
2021-10-09,Belgium,Novavax,0
2021-10-09,Belgium,Oxford/AstraZeneca,32
2021-10-09,Belgium,Pfizer/BioNTech,26900
2021-10-10,Belgium,Moderna,602
2021-10-10,Belgium,Novavax,0
2021-10-10,Belgium,Oxford/AstraZeneca,32
2021-10-10,Belgium,Pfizer/BioNTech,26900
2021-10-11,Belgium,Moderna,602
2021-10-11,Belgium,Novavax,0
2021-10-11,Belgium,Oxford/AstraZeneca,32
2021-10-11,Belgium,Pfizer/BioNTech,26900
2021-10-12,Belgium,Moderna,602
2021-10-12,Belgium,Novavax,0
2021-10-12,Belgium,Oxford/AstraZeneca,32
2021-10-12,Belgium,Pfizer/BioNTech,26900
2021-10-13,Belgium,Moderna,602
2021-10-13,Belgium,Novavax,0
2021-10-13,Belgium,Oxford/AstraZeneca,32
2021-10-13,Belgium,Pfizer/BioNTech,26900
2021-10-14,Belgium,Moderna,602
2021-10-14,Belgium,Novavax,0
2021-10-14,Belgium,Oxford/AstraZeneca,32
2021-10-14,Belgium,Pfizer/BioNTech,26900
2021-10-15,Belgium,Moderna,708
2021-10-15,Belgium,Novavax,0
2021-10-15,Belgium,Oxford/AstraZeneca,26
2021-10-15,Belgium,Pfizer/BioNTech,20643
2021-10-16,Belgium,Moderna,708
2021-10-16,Belgium,Novavax,0
2021-10-16,Belgium,Oxford/AstraZeneca,26
2021-10-16,Belgium,Pfizer/BioNTech,20643
2021-10-17,Belgium,Moderna,708
2021-10-17,Belgium,Novavax,0
2021-10-17,Belgium,Oxford/AstraZeneca,26
2021-10-17,Belgium,Pfizer/BioNTech,20643
2021-10-18,Belgium,Moderna,708
2021-10-18,Belgium,Novavax,0
2021-10-18,Belgium,Oxford/AstraZeneca,26
2021-10-18,Belgium,Pfizer/BioNTech,20643
2021-10-19,Belgium,Moderna,708
2021-10-19,Belgium,Novavax,0
2021-10-19,Belgium,Oxford/AstraZeneca,26
2021-10-19,Belgium,Pfizer/BioNTech,20643
2021-10-20,Belgium,Moderna,708
2021-10-20,Belgium,Novavax,0
2021-10-20,Belgium,Oxford/AstraZeneca,26
2021-10-20,Belgium,Pfizer/BioNTech,20643
2021-10-21,Belgium,Moderna,708
2021-10-21,Belgium,Novavax,0
2021-10-21,Belgium,Oxford/AstraZeneca,26
2021-10-21,Belgium,Pfizer/BioNTech,20643
2021-10-22,Belgium,Moderna,703
2021-10-22,Belgium,Novavax,0
2021-10-22,Belgium,Oxford/AstraZeneca,21
2021-10-22,Belgium,Pfizer/BioNTech,22990
2021-10-23,Belgium,Moderna,703
2021-10-23,Belgium,Novavax,0
2021-10-23,Belgium,Oxford/AstraZeneca,21
2021-10-23,Belgium,Pfizer/BioNTech,22990
2021-10-24,Belgium,Moderna,703
2021-10-24,Belgium,Novavax,0
2021-10-24,Belgium,Oxford/AstraZeneca,21
2021-10-24,Belgium,Pfizer/BioNTech,22990
2021-10-25,Belgium,Moderna,703
2021-10-25,Belgium,Novavax,0
2021-10-25,Belgium,Oxford/AstraZeneca,21
2021-10-25,Belgium,Pfizer/BioNTech,22990
2021-10-26,Belgium,Moderna,703
2021-10-26,Belgium,Novavax,0
2021-10-26,Belgium,Oxford/AstraZeneca,21
2021-10-26,Belgium,Pfizer/BioNTech,22990
2021-10-27,Belgium,Moderna,703
2021-10-27,Belgium,Novavax,0
2021-10-27,Belgium,Oxford/AstraZeneca,21
2021-10-27,Belgium,Pfizer/BioNTech,22990
2021-10-28,Belgium,Moderna,703
2021-10-28,Belgium,Novavax,0
2021-10-28,Belgium,Oxford/AstraZeneca,21
2021-10-28,Belgium,Pfizer/BioNTech,22990
2021-10-29,Belgium,Moderna,1068
2021-10-29,Belgium,Novavax,0
2021-10-29,Belgium,Oxford/AstraZeneca,11
2021-10-29,Belgium,Pfizer/BioNTech,17224
2021-10-30,Belgium,Moderna,1068
2021-10-30,Belgium,Novavax,0
2021-10-30,Belgium,Oxford/AstraZeneca,11
2021-10-30,Belgium,Pfizer/BioNTech,17224
2021-10-31,Belgium,Moderna,1068
2021-10-31,Belgium,Novavax,0
2021-10-31,Belgium,Oxford/AstraZeneca,11
2021-10-31,Belgium,Pfizer/BioNTech,17224
2021-11-01,Belgium,Moderna,1068
2021-11-01,Belgium,Novavax,0
2021-11-01,Belgium,Oxford/AstraZeneca,11
2021-11-01,Belgium,Pfizer/BioNTech,17224
2021-11-02,Belgium,Moderna,1068
2021-11-02,Belgium,Novavax,0
2021-11-02,Belgium,Oxford/AstraZeneca,11
2021-11-02,Belgium,Pfizer/BioNTech,17224
2021-11-03,Belgium,Moderna,1068
2021-11-03,Belgium,Novavax,0
2021-11-03,Belgium,Oxford/AstraZeneca,11
2021-11-03,Belgium,Pfizer/BioNTech,17224
2021-11-04,Belgium,Moderna,1068
2021-11-04,Belgium,Novavax,0
2021-11-04,Belgium,Oxford/AstraZeneca,11
2021-11-04,Belgium,Pfizer/BioNTech,17224
2021-11-05,Belgium,Moderna,1593
2021-11-05,Belgium,Novavax,0
2021-11-05,Belgium,Oxford/AstraZeneca,12
2021-11-05,Belgium,Pfizer/BioNTech,20846
2021-11-06,Belgium,Moderna,1593
2021-11-06,Belgium,Novavax,0
2021-11-06,Belgium,Oxford/AstraZeneca,12
2021-11-06,Belgium,Pfizer/BioNTech,20846
2021-11-07,Belgium,Moderna,1593
2021-11-07,Belgium,Novavax,0
2021-11-07,Belgium,Oxford/AstraZeneca,12
2021-11-07,Belgium,Pfizer/BioNTech,20846
2021-11-08,Belgium,Moderna,1593
2021-11-08,Belgium,Novavax,0
2021-11-08,Belgium,Oxford/AstraZeneca,12
2021-11-08,Belgium,Pfizer/BioNTech,20846
2021-11-09,Belgium,Moderna,1593
2021-11-09,Belgium,Novavax,0
2021-11-09,Belgium,Oxford/AstraZeneca,12
2021-11-09,Belgium,Pfizer/BioNTech,20846
2021-11-10,Belgium,Moderna,1593
2021-11-10,Belgium,Novavax,0
2021-11-10,Belgium,Oxford/AstraZeneca,12
2021-11-10,Belgium,Pfizer/BioNTech,20846
2021-11-11,Belgium,Moderna,1593
2021-11-11,Belgium,Novavax,0
2021-11-11,Belgium,Oxford/AstraZeneca,12
2021-11-11,Belgium,Pfizer/BioNTech,20846
2021-11-12,Belgium,Moderna,3708
2021-11-12,Belgium,Novavax,0
2021-11-12,Belgium,Oxford/AstraZeneca,14
2021-11-12,Belgium,Pfizer/BioNTech,42238
2021-11-13,Belgium,Moderna,3708
2021-11-13,Belgium,Novavax,0
2021-11-13,Belgium,Oxford/AstraZeneca,14
2021-11-13,Belgium,Pfizer/BioNTech,42238
2021-11-14,Belgium,Moderna,3708
2021-11-14,Belgium,Novavax,0
2021-11-14,Belgium,Oxford/AstraZeneca,14
2021-11-14,Belgium,Pfizer/BioNTech,42238
2021-11-15,Belgium,Moderna,3708
2021-11-15,Belgium,Novavax,0
2021-11-15,Belgium,Oxford/AstraZeneca,14
2021-11-15,Belgium,Pfizer/BioNTech,42238
2021-11-16,Belgium,Moderna,3708
2021-11-16,Belgium,Novavax,0
2021-11-16,Belgium,Oxford/AstraZeneca,14
2021-11-16,Belgium,Pfizer/BioNTech,42238
2021-11-17,Belgium,Moderna,3708
2021-11-17,Belgium,Novavax,0
2021-11-17,Belgium,Oxford/AstraZeneca,14
2021-11-17,Belgium,Pfizer/BioNTech,42238
2021-11-18,Belgium,Moderna,3708
2021-11-18,Belgium,Novavax,0
2021-11-18,Belgium,Oxford/AstraZeneca,14
2021-11-18,Belgium,Pfizer/BioNTech,42238
2021-11-19,Belgium,Moderna,12911
2021-11-19,Belgium,Novavax,0
2021-11-19,Belgium,Oxford/AstraZeneca,10
2021-11-19,Belgium,Pfizer/BioNTech,59424
2021-11-20,Belgium,Moderna,12911
2021-11-20,Belgium,Novavax,0
2021-11-20,Belgium,Oxford/AstraZeneca,10
2021-11-20,Belgium,Pfizer/BioNTech,59424
2021-11-21,Belgium,Moderna,12911
2021-11-21,Belgium,Novavax,0
2021-11-21,Belgium,Oxford/AstraZeneca,10
2021-11-21,Belgium,Pfizer/BioNTech,59424
2021-11-22,Belgium,Moderna,12911
2021-11-22,Belgium,Novavax,0
2021-11-22,Belgium,Oxford/AstraZeneca,10
2021-11-22,Belgium,Pfizer/BioNTech,59424
2021-11-23,Belgium,Moderna,12911
2021-11-23,Belgium,Novavax,0
2021-11-23,Belgium,Oxford/AstraZeneca,10
2021-11-23,Belgium,Pfizer/BioNTech,59424
2021-11-24,Belgium,Moderna,12911
2021-11-24,Belgium,Novavax,0
2021-11-24,Belgium,Oxford/AstraZeneca,10
2021-11-24,Belgium,Pfizer/BioNTech,59424
2021-11-25,Belgium,Moderna,12911
2021-11-25,Belgium,Novavax,0
2021-11-25,Belgium,Oxford/AstraZeneca,10
2021-11-25,Belgium,Pfizer/BioNTech,59424
2021-11-26,Belgium,Moderna,13958
2021-11-26,Belgium,Novavax,0
2021-11-26,Belgium,Oxford/AstraZeneca,8
2021-11-26,Belgium,Pfizer/BioNTech,73133
2021-11-27,Belgium,Moderna,13958
2021-11-27,Belgium,Novavax,0
2021-11-27,Belgium,Oxford/AstraZeneca,8
2021-11-27,Belgium,Pfizer/BioNTech,73133
2021-11-28,Belgium,Moderna,13958
2021-11-28,Belgium,Novavax,0
2021-11-28,Belgium,Oxford/AstraZeneca,8
2021-11-28,Belgium,Pfizer/BioNTech,73133
2021-11-29,Belgium,Moderna,13958
2021-11-29,Belgium,Novavax,0
2021-11-29,Belgium,Oxford/AstraZeneca,8
2021-11-29,Belgium,Pfizer/BioNTech,73133
2021-11-30,Belgium,Moderna,13958
2021-11-30,Belgium,Novavax,0
2021-11-30,Belgium,Oxford/AstraZeneca,8
2021-11-30,Belgium,Pfizer/BioNTech,73133
2021-12-01,Belgium,Moderna,13958
2021-12-01,Belgium,Novavax,0
2021-12-01,Belgium,Oxford/AstraZeneca,8
2021-12-01,Belgium,Pfizer/BioNTech,73133
2021-12-02,Belgium,Moderna,13958
2021-12-02,Belgium,Novavax,0
2021-12-02,Belgium,Oxford/AstraZeneca,8
2021-12-02,Belgium,Pfizer/BioNTech,73133
2021-12-03,Belgium,Moderna,10532
2021-12-03,Belgium,Novavax,0
2021-12-03,Belgium,Oxford/AstraZeneca,5
2021-12-03,Belgium,Pfizer/BioNTech,81089
2021-12-04,Belgium,Moderna,10532
2021-12-04,Belgium,Novavax,0
2021-12-04,Belgium,Oxford/AstraZeneca,5
2021-12-04,Belgium,Pfizer/BioNTech,81089
2021-12-05,Belgium,Moderna,10532
2021-12-05,Belgium,Novavax,0
2021-12-05,Belgium,Oxford/AstraZeneca,5
2021-12-05,Belgium,Pfizer/BioNTech,81089
2021-12-06,Belgium,Moderna,10532
2021-12-06,Belgium,Novavax,0
2021-12-06,Belgium,Oxford/AstraZeneca,5
2021-12-06,Belgium,Pfizer/BioNTech,81089
2021-12-07,Belgium,Moderna,10532
2021-12-07,Belgium,Novavax,0
2021-12-07,Belgium,Oxford/AstraZeneca,5
2021-12-07,Belgium,Pfizer/BioNTech,81089
2021-12-08,Belgium,Moderna,10532
2021-12-08,Belgium,Novavax,0
2021-12-08,Belgium,Oxford/AstraZeneca,5
2021-12-08,Belgium,Pfizer/BioNTech,81089
2021-12-09,Belgium,Moderna,10532
2021-12-09,Belgium,Novavax,0
2021-12-09,Belgium,Oxford/AstraZeneca,5
2021-12-09,Belgium,Pfizer/BioNTech,81089
2021-12-10,Belgium,Moderna,17648
2021-12-10,Belgium,Novavax,0
2021-12-10,Belgium,Oxford/AstraZeneca,5
2021-12-10,Belgium,Pfizer/BioNTech,87036
2021-12-11,Belgium,Moderna,17648
2021-12-11,Belgium,Novavax,0
2021-12-11,Belgium,Oxford/AstraZeneca,5
2021-12-11,Belgium,Pfizer/BioNTech,87036
2021-12-12,Belgium,Moderna,17648
2021-12-12,Belgium,Novavax,0
2021-12-12,Belgium,Oxford/AstraZeneca,5
2021-12-12,Belgium,Pfizer/BioNTech,87036
2021-12-13,Belgium,Moderna,17648
2021-12-13,Belgium,Novavax,0
2021-12-13,Belgium,Oxford/AstraZeneca,5
2021-12-13,Belgium,Pfizer/BioNTech,87036
2021-12-14,Belgium,Moderna,17648
2021-12-14,Belgium,Novavax,0
2021-12-14,Belgium,Oxford/AstraZeneca,5
2021-12-14,Belgium,Pfizer/BioNTech,87036
2021-12-15,Belgium,Moderna,17648
2021-12-15,Belgium,Novavax,0
2021-12-15,Belgium,Oxford/AstraZeneca,5
2021-12-15,Belgium,Pfizer/BioNTech,87036
2021-12-16,Belgium,Moderna,17648
2021-12-16,Belgium,Novavax,0
2021-12-16,Belgium,Oxford/AstraZeneca,5
2021-12-16,Belgium,Pfizer/BioNTech,87036
2021-12-17,Belgium,Moderna,47989
2021-12-17,Belgium,Novavax,0
2021-12-17,Belgium,Oxford/AstraZeneca,6
2021-12-17,Belgium,Pfizer/BioNTech,44697
2021-12-18,Belgium,Moderna,47989
2021-12-18,Belgium,Novavax,0
2021-12-18,Belgium,Oxford/AstraZeneca,6
2021-12-18,Belgium,Pfizer/BioNTech,44697
2021-12-19,Belgium,Moderna,47989
2021-12-19,Belgium,Novavax,0
2021-12-19,Belgium,Oxford/AstraZeneca,6
2021-12-19,Belgium,Pfizer/BioNTech,44697
2021-12-20,Belgium,Moderna,47989
2021-12-20,Belgium,Novavax,0
2021-12-20,Belgium,Oxford/AstraZeneca,6
2021-12-20,Belgium,Pfizer/BioNTech,44697
2021-12-21,Belgium,Moderna,47989
2021-12-21,Belgium,Novavax,0
2021-12-21,Belgium,Oxford/AstraZeneca,6
2021-12-21,Belgium,Pfizer/BioNTech,44697
2021-12-22,Belgium,Moderna,47989
2021-12-22,Belgium,Novavax,0
2021-12-22,Belgium,Oxford/AstraZeneca,6
2021-12-22,Belgium,Pfizer/BioNTech,44697
2021-12-23,Belgium,Moderna,47989
2021-12-23,Belgium,Novavax,0
2021-12-23,Belgium,Oxford/AstraZeneca,6
2021-12-23,Belgium,Pfizer/BioNTech,44697
2021-12-24,Belgium,Moderna,29445
2021-12-24,Belgium,Novavax,0
2021-12-24,Belgium,Oxford/AstraZeneca,2
2021-12-24,Belgium,Pfizer/BioNTech,16333
2021-12-25,Belgium,Moderna,29445
2021-12-25,Belgium,Novavax,0
2021-12-25,Belgium,Oxford/AstraZeneca,2
2021-12-25,Belgium,Pfizer/BioNTech,16333
2021-12-26,Belgium,Moderna,29445
2021-12-26,Belgium,Novavax,0
2021-12-26,Belgium,Oxford/AstraZeneca,2
2021-12-26,Belgium,Pfizer/BioNTech,16333
2021-12-27,Belgium,Moderna,29445
2021-12-27,Belgium,Novavax,0
2021-12-27,Belgium,Oxford/AstraZeneca,2
2021-12-27,Belgium,Pfizer/BioNTech,16333
2021-12-28,Belgium,Moderna,29445
2021-12-28,Belgium,Novavax,0
2021-12-28,Belgium,Oxford/AstraZeneca,2
2021-12-28,Belgium,Pfizer/BioNTech,16333
2021-12-29,Belgium,Moderna,29445
2021-12-29,Belgium,Novavax,0
2021-12-29,Belgium,Oxford/AstraZeneca,2
2021-12-29,Belgium,Pfizer/BioNTech,16333
2021-12-30,Belgium,Moderna,29445
2021-12-30,Belgium,Novavax,0
2021-12-30,Belgium,Oxford/AstraZeneca,2
2021-12-30,Belgium,Pfizer/BioNTech,16333
2021-12-31,Belgium,Moderna,94144
2021-12-31,Belgium,Novavax,0
2021-12-31,Belgium,Oxford/AstraZeneca,3
2021-12-31,Belgium,Pfizer/BioNTech,31782
