date,location,vaccine,total_vaccinations
2021-01-01,Ireland,Johnson&Johnson,0
2021-01-01,Ireland,Moderna,5
2021-01-01,Ireland,Oxford/AstraZeneca,9
2021-01-02,Ireland,Johnson&Johnson,0
2021-01-02,Ireland,Moderna,5
2021-01-02,Ireland,Oxford/AstraZeneca,9
2021-01-03,Ireland,Johnson&Johnson,0
2021-01-03,Ireland,Moderna,5
2021-01-03,Ireland,Oxford/AstraZeneca,9
2021-01-04,Ireland,Johnson&Johnson,0
2021-01-04,Ireland,Moderna,5
2021-01-04,Ireland,Oxford/AstraZeneca,9
2021-01-05,Ireland,Johnson&Johnson,0
2021-01-05,Ireland,Moderna,5
2021-01-05,Ireland,Oxford/AstraZeneca,9
2021-01-06,Ireland,Johnson&Johnson,0
2021-01-06,Ireland,Moderna,5
2021-01-06,Ireland,Oxford/AstraZeneca,9
2021-01-07,Ireland,Johnson&Johnson,0
2021-01-07,Ireland,Moderna,5
2021-01-07,Ireland,Oxford/AstraZeneca,9
2021-01-08,Ireland,Johnson&Johnson,0
2021-01-08,Ireland,Moderna,278
2021-01-08,Ireland,Oxford/AstraZeneca,9
2021-01-09,Ireland,Johnson&Johnson,0
2021-01-09,Ireland,Moderna,278
2021-01-09,Ireland,Oxford/AstraZeneca,9
2021-01-10,Ireland,Johnson&Johnson,0
2021-01-10,Ireland,Moderna,278
2021-01-10,Ireland,Oxford/AstraZeneca,9
2021-01-11,Ireland,Johnson&Johnson,0
2021-01-11,Ireland,Moderna,278
2021-01-11,Ireland,Oxford/AstraZeneca,9
2021-01-12,Ireland,Johnson&Johnson,0
2021-01-12,Ireland,Moderna,278
2021-01-12,Ireland,Oxford/AstraZeneca,9
2021-01-13,Ireland,Johnson&Johnson,0
2021-01-13,Ireland,Moderna,278
2021-01-13,Ireland,Oxford/AstraZeneca,9
2021-01-14,Ireland,Johnson&Johnson,0
2021-01-14,Ireland,Moderna,278
2021-01-14,Ireland,Oxford/AstraZeneca,9
2021-01-15,Ireland,Johnson&Johnson,0
2021-01-15,Ireland,Moderna,6
2021-01-15,Ireland,Oxford/AstraZeneca,20
2021-01-16,Ireland,Johnson&Johnson,0
2021-01-16,Ireland,Moderna,6
2021-01-16,Ireland,Oxford/AstraZeneca,20
2021-01-17,Ireland,Johnson&Johnson,0
2021-01-17,Ireland,Moderna,6
2021-01-17,Ireland,Oxford/AstraZeneca,20
2021-01-18,Ireland,Johnson&Johnson,0
2021-01-18,Ireland,Moderna,6
2021-01-18,Ireland,Oxford/AstraZeneca,20
2021-01-19,Ireland,Johnson&Johnson,0
2021-01-19,Ireland,Moderna,6
2021-01-19,Ireland,Oxford/AstraZeneca,20
2021-01-20,Ireland,Johnson&Johnson,0
2021-01-20,Ireland,Moderna,6
2021-01-20,Ireland,Oxford/AstraZeneca,20
2021-01-21,Ireland,Johnson&Johnson,0
2021-01-21,Ireland,Moderna,6
2021-01-21,Ireland,Oxford/AstraZeneca,20
2021-01-22,Ireland,Johnson&Johnson,0
2021-01-22,Ireland,Moderna,5
2021-01-22,Ireland,Oxford/AstraZeneca,30
2021-01-23,Ireland,Johnson&Johnson,0
2021-01-23,Ireland,Moderna,5
2021-01-23,Ireland,Oxford/AstraZeneca,30
2021-01-24,Ireland,Johnson&Johnson,0
2021-01-24,Ireland,Moderna,5
2021-01-24,Ireland,Oxford/AstraZeneca,30
2021-01-25,Ireland,Johnson&Johnson,0
2021-01-25,Ireland,Moderna,5
2021-01-25,Ireland,Oxford/AstraZeneca,30
2021-01-26,Ireland,Johnson&Johnson,0
2021-01-26,Ireland,Moderna,5
2021-01-26,Ireland,Oxford/AstraZeneca,30
2021-01-27,Ireland,Johnson&Johnson,0
2021-01-27,Ireland,Moderna,5
2021-01-27,Ireland,Oxford/AstraZeneca,30
2021-01-28,Ireland,Johnson&Johnson,0
2021-01-28,Ireland,Moderna,5
2021-01-28,Ireland,Oxford/AstraZeneca,30
2021-01-29,Ireland,Johnson&Johnson,0
2021-01-29,Ireland,Moderna,8
2021-01-29,Ireland,Oxford/AstraZeneca,40
2021-01-30,Ireland,Johnson&Johnson,0
2021-01-30,Ireland,Moderna,8
2021-01-30,Ireland,Oxford/AstraZeneca,40
2021-01-31,Ireland,Johnson&Johnson,0
2021-01-31,Ireland,Moderna,8
2021-01-31,Ireland,Oxford/AstraZeneca,40
2021-02-01,Ireland,Johnson&Johnson,0
2021-02-01,Ireland,Moderna,8
2021-02-01,Ireland,Oxford/AstraZeneca,40
2021-02-02,Ireland,Johnson&Johnson,0
2021-02-02,Ireland,Moderna,8
2021-02-02,Ireland,Oxford/AstraZeneca,40
2021-02-03,Ireland,Johnson&Johnson,0
2021-02-03,Ireland,Moderna,8
2021-02-03,Ireland,Oxford/AstraZeneca,40
2021-02-04,Ireland,Johnson&Johnson,0
2021-02-04,Ireland,Moderna,8
2021-02-04,Ireland,Oxford/AstraZeneca,40
2021-02-05,Ireland,Johnson&Johnson,0
2021-02-05,Ireland,Moderna,286
2021-02-05,Ireland,Oxford/AstraZeneca,2551
2021-02-06,Ireland,Johnson&Johnson,0
2021-02-06,Ireland,Moderna,286
2021-02-06,Ireland,Oxford/AstraZeneca,2551
2021-02-07,Ireland,Johnson&Johnson,0
2021-02-07,Ireland,Moderna,286
2021-02-07,Ireland,Oxford/AstraZeneca,2551
2021-02-08,Ireland,Johnson&Johnson,0
2021-02-08,Ireland,Moderna,286
2021-02-08,Ireland,Oxford/AstraZeneca,2551
2021-02-09,Ireland,Johnson&Johnson,0
2021-02-09,Ireland,Moderna,286
2021-02-09,Ireland,Oxford/AstraZeneca,2551
2021-02-10,Ireland,Johnson&Johnson,0
2021-02-10,Ireland,Moderna,286
2021-02-10,Ireland,Oxford/AstraZeneca,2551
2021-02-11,Ireland,Johnson&Johnson,0
2021-02-11,Ireland,Moderna,286
2021-02-11,Ireland,Oxford/AstraZeneca,2551
2021-02-12,Ireland,Johnson&Johnson,2
2021-02-12,Ireland,Moderna,179
2021-02-12,Ireland,Oxford/AstraZeneca,2977
2021-02-13,Ireland,Johnson&Johnson,2
2021-02-13,Ireland,Moderna,179
2021-02-13,Ireland,Oxford/AstraZeneca,2977
2021-02-14,Ireland,Johnson&Johnson,2
2021-02-14,Ireland,Moderna,179
2021-02-14,Ireland,Oxford/AstraZeneca,2977
2021-02-15,Ireland,Johnson&Johnson,2
2021-02-15,Ireland,Moderna,179
2021-02-15,Ireland,Oxford/AstraZeneca,2977
2021-02-16,Ireland,Johnson&Johnson,2
2021-02-16,Ireland,Moderna,179
2021-02-16,Ireland,Oxford/AstraZeneca,2977
2021-02-17,Ireland,Johnson&Johnson,2
2021-02-17,Ireland,Moderna,179
2021-02-17,Ireland,Oxford/AstraZeneca,2977
2021-02-18,Ireland,Johnson&Johnson,2
2021-02-18,Ireland,Moderna,179
2021-02-18,Ireland,Oxford/AstraZeneca,2977
2021-02-19,Ireland,Johnson&Johnson,2
2021-02-19,Ireland,Moderna,654
2021-02-19,Ireland,Oxford/AstraZeneca,4857
2021-02-20,Ireland,Johnson&Johnson,2
2021-02-20,Ireland,Moderna,654
2021-02-20,Ireland,Oxford/AstraZeneca,4857
2021-02-21,Ireland,Johnson&Johnson,2
2021-02-21,Ireland,Moderna,654
2021-02-21,Ireland,Oxford/AstraZeneca,4857
2021-02-22,Ireland,Johnson&Johnson,2
2021-02-22,Ireland,Moderna,654
2021-02-22,Ireland,Oxford/AstraZeneca,4857
2021-02-23,Ireland,Johnson&Johnson,2
2021-02-23,Ireland,Moderna,654
2021-02-23,Ireland,Oxford/AstraZeneca,4857
2021-02-24,Ireland,Johnson&Johnson,2
2021-02-24,Ireland,Moderna,654
2021-02-24,Ireland,Oxford/AstraZeneca,4857
2021-02-25,Ireland,Johnson&Johnson,2
2021-02-25,Ireland,Moderna,654
2021-02-25,Ireland,Oxford/AstraZeneca,4857
2021-02-26,Ireland,Johnson&Johnson,3
2021-02-26,Ireland,Moderna,1076
2021-02-26,Ireland,Oxford/AstraZeneca,4012
2021-02-27,Ireland,Johnson&Johnson,3
2021-02-27,Ireland,Moderna,1076
2021-02-27,Ireland,Oxford/AstraZeneca,4012
2021-02-28,Ireland,Johnson&Johnson,3
2021-02-28,Ireland,Moderna,1076
2021-02-28,Ireland,Oxford/AstraZeneca,4012
2021-03-01,Ireland,Johnson&Johnson,3
2021-03-01,Ireland,Moderna,1076
2021-03-01,Ireland,Oxford/AstraZeneca,4012
2021-03-02,Ireland,Johnson&Johnson,3
2021-03-02,Ireland,Moderna,1076
2021-03-02,Ireland,Oxford/AstraZeneca,4012
2021-03-03,Ireland,Johnson&Johnson,3
2021-03-03,Ireland,Moderna,1076
2021-03-03,Ireland,Oxford/AstraZeneca,4012
2021-03-04,Ireland,Johnson&Johnson,3
2021-03-04,Ireland,Moderna,1076
2021-03-04,Ireland,Oxford/AstraZeneca,4012
2021-03-05,Ireland,Johnson&Johnson,4
2021-03-05,Ireland,Moderna,586
2021-03-05,Ireland,Oxford/AstraZeneca,4801
2021-03-06,Ireland,Johnson&Johnson,4
2021-03-06,Ireland,Moderna,586
2021-03-06,Ireland,Oxford/AstraZeneca,4801
2021-03-07,Ireland,Johnson&Johnson,4
2021-03-07,Ireland,Moderna,586
2021-03-07,Ireland,Oxford/AstraZeneca,4801
2021-03-08,Ireland,Johnson&Johnson,4
2021-03-08,Ireland,Moderna,586
2021-03-08,Ireland,Oxford/AstraZeneca,4801
2021-03-09,Ireland,Johnson&Johnson,4
2021-03-09,Ireland,Moderna,586
2021-03-09,Ireland,Oxford/AstraZeneca,4801
2021-03-10,Ireland,Johnson&Johnson,4
2021-03-10,Ireland,Moderna,586
2021-03-10,Ireland,Oxford/AstraZeneca,4801
2021-03-11,Ireland,Johnson&Johnson,4
2021-03-11,Ireland,Moderna,586
2021-03-11,Ireland,Oxford/AstraZeneca,4801
2021-03-12,Ireland,Johnson&Johnson,3
2021-03-12,Ireland,Moderna,263
2021-03-12,Ireland,Oxford/AstraZeneca,584
2021-03-13,Ireland,Johnson&Johnson,3
2021-03-13,Ireland,Moderna,263
2021-03-13,Ireland,Oxford/AstraZeneca,584
2021-03-14,Ireland,Johnson&Johnson,3
2021-03-14,Ireland,Moderna,263
2021-03-14,Ireland,Oxford/AstraZeneca,584
2021-03-15,Ireland,Johnson&Johnson,3
2021-03-15,Ireland,Moderna,263
2021-03-15,Ireland,Oxford/AstraZeneca,584
2021-03-16,Ireland,Johnson&Johnson,3
2021-03-16,Ireland,Moderna,263
2021-03-16,Ireland,Oxford/AstraZeneca,584
2021-03-17,Ireland,Johnson&Johnson,3
2021-03-17,Ireland,Moderna,263
2021-03-17,Ireland,Oxford/AstraZeneca,584
2021-03-18,Ireland,Johnson&Johnson,3
2021-03-18,Ireland,Moderna,263
2021-03-18,Ireland,Oxford/AstraZeneca,584
2021-03-19,Ireland,Johnson&Johnson,2
2021-03-19,Ireland,Moderna,1165
2021-03-19,Ireland,Oxford/AstraZeneca,5508
2021-03-20,Ireland,Johnson&Johnson,2
2021-03-20,Ireland,Moderna,1165
2021-03-20,Ireland,Oxford/AstraZeneca,5508
2021-03-21,Ireland,Johnson&Johnson,2
2021-03-21,Ireland,Moderna,1165
2021-03-21,Ireland,Oxford/AstraZeneca,5508
2021-03-22,Ireland,Johnson&Johnson,2
2021-03-22,Ireland,Moderna,1165
2021-03-22,Ireland,Oxford/AstraZeneca,5508
2021-03-23,Ireland,Johnson&Johnson,2
2021-03-23,Ireland,Moderna,1165
2021-03-23,Ireland,Oxford/AstraZeneca,5508
2021-03-24,Ireland,Johnson&Johnson,2
2021-03-24,Ireland,Moderna,1165
2021-03-24,Ireland,Oxford/AstraZeneca,5508
2021-03-25,Ireland,Johnson&Johnson,2
2021-03-25,Ireland,Moderna,1165
2021-03-25,Ireland,Oxford/AstraZeneca,5508
2021-03-26,Ireland,Johnson&Johnson,5
2021-03-26,Ireland,Moderna,1849
2021-03-26,Ireland,Oxford/AstraZeneca,5093
2021-03-27,Ireland,Johnson&Johnson,5
2021-03-27,Ireland,Moderna,1849
2021-03-27,Ireland,Oxford/AstraZeneca,5093
2021-03-28,Ireland,Johnson&Johnson,5
2021-03-28,Ireland,Moderna,1849
2021-03-28,Ireland,Oxford/AstraZeneca,5093
2021-03-29,Ireland,Johnson&Johnson,5
2021-03-29,Ireland,Moderna,1849
2021-03-29,Ireland,Oxford/AstraZeneca,5093
2021-03-30,Ireland,Johnson&Johnson,5
2021-03-30,Ireland,Moderna,1849
2021-03-30,Ireland,Oxford/AstraZeneca,5093
2021-03-31,Ireland,Johnson&Johnson,5
2021-03-31,Ireland,Moderna,1849
2021-03-31,Ireland,Oxford/AstraZeneca,5093
2021-04-01,Ireland,Johnson&Johnson,5
2021-04-01,Ireland,Moderna,1849
2021-04-01,Ireland,Oxford/AstraZeneca,5093
2021-04-02,Ireland,Johnson&Johnson,12
2021-04-02,Ireland,Moderna,1231
2021-04-02,Ireland,Oxford/AstraZeneca,4577
2021-04-03,Ireland,Johnson&Johnson,12
2021-04-03,Ireland,Moderna,1231
2021-04-03,Ireland,Oxford/AstraZeneca,4577
2021-04-04,Ireland,Johnson&Johnson,12
2021-04-04,Ireland,Moderna,1231
2021-04-04,Ireland,Oxford/AstraZeneca,4577
2021-04-05,Ireland,Johnson&Johnson,12
2021-04-05,Ireland,Moderna,1231
2021-04-05,Ireland,Oxford/AstraZeneca,4577
2021-04-06,Ireland,Johnson&Johnson,12
2021-04-06,Ireland,Moderna,1231
2021-04-06,Ireland,Oxford/AstraZeneca,4577
2021-04-07,Ireland,Johnson&Johnson,12
2021-04-07,Ireland,Moderna,1231
2021-04-07,Ireland,Oxford/AstraZeneca,4577
2021-04-08,Ireland,Johnson&Johnson,12
2021-04-08,Ireland,Moderna,1231
2021-04-08,Ireland,Oxford/AstraZeneca,4577
2021-04-09,Ireland,Johnson&Johnson,3
2021-04-09,Ireland,Moderna,716
2021-04-09,Ireland,Oxford/AstraZeneca,1302
2021-04-10,Ireland,Johnson&Johnson,3
2021-04-10,Ireland,Moderna,716
2021-04-10,Ireland,Oxford/AstraZeneca,1302
2021-04-11,Ireland,Johnson&Johnson,3
2021-04-11,Ireland,Moderna,716
2021-04-11,Ireland,Oxford/AstraZeneca,1302
2021-04-12,Ireland,Johnson&Johnson,3
2021-04-12,Ireland,Moderna,716
2021-04-12,Ireland,Oxford/AstraZeneca,1302
2021-04-13,Ireland,Johnson&Johnson,3
2021-04-13,Ireland,Moderna,716
2021-04-13,Ireland,Oxford/AstraZeneca,1302
2021-04-14,Ireland,Johnson&Johnson,3
2021-04-14,Ireland,Moderna,716
2021-04-14,Ireland,Oxford/AstraZeneca,1302
2021-04-15,Ireland,Johnson&Johnson,3
2021-04-15,Ireland,Moderna,716
2021-04-15,Ireland,Oxford/AstraZeneca,1302
2021-04-16,Ireland,Johnson&Johnson,2
2021-04-16,Ireland,Moderna,1937
2021-04-16,Ireland,Oxford/AstraZeneca,8356
2021-04-17,Ireland,Johnson&Johnson,2
2021-04-17,Ireland,Moderna,1937
2021-04-17,Ireland,Oxford/AstraZeneca,8356
2021-04-18,Ireland,Johnson&Johnson,2
2021-04-18,Ireland,Moderna,1937
2021-04-18,Ireland,Oxford/AstraZeneca,8356
2021-04-19,Ireland,Johnson&Johnson,2
2021-04-19,Ireland,Moderna,1937
2021-04-19,Ireland,Oxford/AstraZeneca,8356
2021-04-20,Ireland,Johnson&Johnson,2
2021-04-20,Ireland,Moderna,1937
2021-04-20,Ireland,Oxford/AstraZeneca,8356
2021-04-21,Ireland,Johnson&Johnson,2
2021-04-21,Ireland,Moderna,1937
2021-04-21,Ireland,Oxford/AstraZeneca,8356
2021-04-22,Ireland,Johnson&Johnson,2
2021-04-22,Ireland,Moderna,1937
2021-04-22,Ireland,Oxford/AstraZeneca,8356
2021-04-23,Ireland,Johnson&Johnson,10
2021-04-23,Ireland,Moderna,2040
2021-04-23,Ireland,Oxford/AstraZeneca,12050
2021-04-24,Ireland,Johnson&Johnson,10
2021-04-24,Ireland,Moderna,2040
2021-04-24,Ireland,Oxford/AstraZeneca,12050
2021-04-25,Ireland,Johnson&Johnson,10
2021-04-25,Ireland,Moderna,2040
2021-04-25,Ireland,Oxford/AstraZeneca,12050
2021-04-26,Ireland,Johnson&Johnson,10
2021-04-26,Ireland,Moderna,2040
2021-04-26,Ireland,Oxford/AstraZeneca,12050
2021-04-27,Ireland,Johnson&Johnson,10
2021-04-27,Ireland,Moderna,2040
2021-04-27,Ireland,Oxford/AstraZeneca,12050
2021-04-28,Ireland,Johnson&Johnson,10
2021-04-28,Ireland,Moderna,2040
2021-04-28,Ireland,Oxford/AstraZeneca,12050
2021-04-29,Ireland,Johnson&Johnson,10
2021-04-29,Ireland,Moderna,2040
2021-04-29,Ireland,Oxford/AstraZeneca,12050
2021-04-30,Ireland,Johnson&Johnson,50
2021-04-30,Ireland,Moderna,1429
2021-04-30,Ireland,Oxford/AstraZeneca,18179
2021-05-01,Ireland,Johnson&Johnson,50
2021-05-01,Ireland,Moderna,1429
2021-05-01,Ireland,Oxford/AstraZeneca,18179
2021-05-02,Ireland,Johnson&Johnson,50
2021-05-02,Ireland,Moderna,1429
2021-05-02,Ireland,Oxford/AstraZeneca,18179
2021-05-03,Ireland,Johnson&Johnson,50
2021-05-03,Ireland,Moderna,1429
2021-05-03,Ireland,Oxford/AstraZeneca,18179
2021-05-04,Ireland,Johnson&Johnson,50
2021-05-04,Ireland,Moderna,1429
2021-05-04,Ireland,Oxford/AstraZeneca,18179
2021-05-05,Ireland,Johnson&Johnson,50
2021-05-05,Ireland,Moderna,1429
2021-05-05,Ireland,Oxford/AstraZeneca,18179
2021-05-06,Ireland,Johnson&Johnson,50
2021-05-06,Ireland,Moderna,1429
2021-05-06,Ireland,Oxford/AstraZeneca,18179
2021-05-07,Ireland,Johnson&Johnson,132
2021-05-07,Ireland,Moderna,3754
2021-05-07,Ireland,Oxford/AstraZeneca,11468
2021-05-08,Ireland,Johnson&Johnson,132
2021-05-08,Ireland,Moderna,3754
2021-05-08,Ireland,Oxford/AstraZeneca,11468
2021-05-09,Ireland,Johnson&Johnson,132
2021-05-09,Ireland,Moderna,3754
2021-05-09,Ireland,Oxford/AstraZeneca,11468
2021-05-10,Ireland,Johnson&Johnson,132
2021-05-10,Ireland,Moderna,3754
2021-05-10,Ireland,Oxford/AstraZeneca,11468
2021-05-11,Ireland,Johnson&Johnson,132
2021-05-11,Ireland,Moderna,3754
2021-05-11,Ireland,Oxford/AstraZeneca,11468
2021-05-12,Ireland,Johnson&Johnson,132
2021-05-12,Ireland,Moderna,3754
2021-05-12,Ireland,Oxford/AstraZeneca,11468
2021-05-13,Ireland,Johnson&Johnson,132
2021-05-13,Ireland,Moderna,3754
2021-05-13,Ireland,Oxford/AstraZeneca,11468
2021-05-14,Ireland,Johnson&Johnson,5609
2021-05-14,Ireland,Moderna,5651
2021-05-14,Ireland,Oxford/AstraZeneca,2242
2021-05-15,Ireland,Johnson&Johnson,5609
2021-05-15,Ireland,Moderna,5651
2021-05-15,Ireland,Oxford/AstraZeneca,2242
2021-05-16,Ireland,Johnson&Johnson,5609
2021-05-16,Ireland,Moderna,5651
2021-05-16,Ireland,Oxford/AstraZeneca,2242
2021-05-17,Ireland,Johnson&Johnson,5609
2021-05-17,Ireland,Moderna,5651
2021-05-17,Ireland,Oxford/AstraZeneca,2242
2021-05-18,Ireland,Johnson&Johnson,5609
2021-05-18,Ireland,Moderna,5651
2021-05-18,Ireland,Oxford/AstraZeneca,2242
2021-05-19,Ireland,Johnson&Johnson,5609
2021-05-19,Ireland,Moderna,5651
2021-05-19,Ireland,Oxford/AstraZeneca,2242
2021-05-20,Ireland,Johnson&Johnson,5609
2021-05-20,Ireland,Moderna,5651
2021-05-20,Ireland,Oxford/AstraZeneca,2242
2021-05-21,Ireland,Johnson&Johnson,2513
2021-05-21,Ireland,Moderna,5152
2021-05-21,Ireland,Oxford/AstraZeneca,7389
2021-05-22,Ireland,Johnson&Johnson,2513
2021-05-22,Ireland,Moderna,5152
2021-05-22,Ireland,Oxford/AstraZeneca,7389
2021-05-23,Ireland,Johnson&Johnson,2513
2021-05-23,Ireland,Moderna,5152
2021-05-23,Ireland,Oxford/AstraZeneca,7389
2021-05-24,Ireland,Johnson&Johnson,2513
2021-05-24,Ireland,Moderna,5152
2021-05-24,Ireland,Oxford/AstraZeneca,7389
2021-05-25,Ireland,Johnson&Johnson,2513
2021-05-25,Ireland,Moderna,5152
2021-05-25,Ireland,Oxford/AstraZeneca,7389
2021-05-26,Ireland,Johnson&Johnson,2513
2021-05-26,Ireland,Moderna,5152
2021-05-26,Ireland,Oxford/AstraZeneca,7389
2021-05-27,Ireland,Johnson&Johnson,2513
2021-05-27,Ireland,Moderna,5152
2021-05-27,Ireland,Oxford/AstraZeneca,7389
2021-05-28,Ireland,Johnson&Johnson,1904
2021-05-28,Ireland,Moderna,5632
2021-05-28,Ireland,Oxford/AstraZeneca,5513
2021-05-29,Ireland,Johnson&Johnson,1904
2021-05-29,Ireland,Moderna,5632
2021-05-29,Ireland,Oxford/AstraZeneca,5513
2021-05-30,Ireland,Johnson&Johnson,1904
2021-05-30,Ireland,Moderna,5632
2021-05-30,Ireland,Oxford/AstraZeneca,5513
2021-05-31,Ireland,Johnson&Johnson,1904
2021-05-31,Ireland,Moderna,5632
2021-05-31,Ireland,Oxford/AstraZeneca,5513
2021-06-01,Ireland,Johnson&Johnson,1904
2021-06-01,Ireland,Moderna,5632
2021-06-01,Ireland,Oxford/AstraZeneca,5513
2021-06-02,Ireland,Johnson&Johnson,1904
2021-06-02,Ireland,Moderna,5632
2021-06-02,Ireland,Oxford/AstraZeneca,5513
2021-06-03,Ireland,Johnson&Johnson,1904
2021-06-03,Ireland,Moderna,5632
2021-06-03,Ireland,Oxford/AstraZeneca,5513
2021-06-04,Ireland,Johnson&Johnson,218
2021-06-04,Ireland,Moderna,5730
2021-06-04,Ireland,Oxford/AstraZeneca,2722
2021-06-05,Ireland,Johnson&Johnson,218
2021-06-05,Ireland,Moderna,5730
2021-06-05,Ireland,Oxford/AstraZeneca,2722
2021-06-06,Ireland,Johnson&Johnson,218
2021-06-06,Ireland,Moderna,5730
2021-06-06,Ireland,Oxford/AstraZeneca,2722
2021-06-07,Ireland,Johnson&Johnson,218
2021-06-07,Ireland,Moderna,5730
2021-06-07,Ireland,Oxford/AstraZeneca,2722
2021-06-08,Ireland,Johnson&Johnson,218
2021-06-08,Ireland,Moderna,5730
2021-06-08,Ireland,Oxford/AstraZeneca,2722
2021-06-09,Ireland,Johnson&Johnson,218
2021-06-09,Ireland,Moderna,5730
2021-06-09,Ireland,Oxford/AstraZeneca,2722
2021-06-10,Ireland,Johnson&Johnson,218
2021-06-10,Ireland,Moderna,5730
2021-06-10,Ireland,Oxford/AstraZeneca,2722
2021-06-11,Ireland,Johnson&Johnson,312
2021-06-11,Ireland,Moderna,6209
2021-06-11,Ireland,Oxford/AstraZeneca,13579
2021-06-12,Ireland,Johnson&Johnson,312
2021-06-12,Ireland,Moderna,6209
2021-06-12,Ireland,Oxford/AstraZeneca,13579
2021-06-13,Ireland,Johnson&Johnson,312
2021-06-13,Ireland,Moderna,6209
2021-06-13,Ireland,Oxford/AstraZeneca,13579
2021-06-14,Ireland,Johnson&Johnson,312
2021-06-14,Ireland,Moderna,6209
2021-06-14,Ireland,Oxford/AstraZeneca,13579
2021-06-15,Ireland,Johnson&Johnson,312
2021-06-15,Ireland,Moderna,6209
2021-06-15,Ireland,Oxford/AstraZeneca,13579
2021-06-16,Ireland,Johnson&Johnson,312
2021-06-16,Ireland,Moderna,6209
2021-06-16,Ireland,Oxford/AstraZeneca,13579
2021-06-17,Ireland,Johnson&Johnson,312
2021-06-17,Ireland,Moderna,6209
2021-06-17,Ireland,Oxford/AstraZeneca,13579
2021-06-18,Ireland,Johnson&Johnson,661
2021-06-18,Ireland,Moderna,5672
2021-06-18,Ireland,Oxford/AstraZeneca,15830
2021-06-19,Ireland,Johnson&Johnson,661
2021-06-19,Ireland,Moderna,5672
2021-06-19,Ireland,Oxford/AstraZeneca,15830
2021-06-20,Ireland,Johnson&Johnson,661
2021-06-20,Ireland,Moderna,5672
2021-06-20,Ireland,Oxford/AstraZeneca,15830
2021-06-21,Ireland,Johnson&Johnson,661
2021-06-21,Ireland,Moderna,5672
2021-06-21,Ireland,Oxford/AstraZeneca,15830
2021-06-22,Ireland,Johnson&Johnson,661
2021-06-22,Ireland,Moderna,5672
2021-06-22,Ireland,Oxford/AstraZeneca,15830
2021-06-23,Ireland,Johnson&Johnson,661
2021-06-23,Ireland,Moderna,5672
2021-06-23,Ireland,Oxford/AstraZeneca,15830
2021-06-24,Ireland,Johnson&Johnson,661
2021-06-24,Ireland,Moderna,5672
2021-06-24,Ireland,Oxford/AstraZeneca,15830
2021-06-25,Ireland,Johnson&Johnson,590
2021-06-25,Ireland,Moderna,6616
2021-06-25,Ireland,Oxford/AstraZeneca,15097
2021-06-26,Ireland,Johnson&Johnson,590
2021-06-26,Ireland,Moderna,6616
2021-06-26,Ireland,Oxford/AstraZeneca,15097
2021-06-27,Ireland,Johnson&Johnson,590
2021-06-27,Ireland,Moderna,6616
2021-06-27,Ireland,Oxford/AstraZeneca,15097
2021-06-28,Ireland,Johnson&Johnson,590
2021-06-28,Ireland,Moderna,6616
2021-06-28,Ireland,Oxford/AstraZeneca,15097
2021-06-29,Ireland,Johnson&Johnson,590
2021-06-29,Ireland,Moderna,6616
2021-06-29,Ireland,Oxford/AstraZeneca,15097
2021-06-30,Ireland,Johnson&Johnson,590
2021-06-30,Ireland,Moderna,6616
2021-06-30,Ireland,Oxford/AstraZeneca,15097
2021-07-01,Ireland,Johnson&Johnson,590
2021-07-01,Ireland,Moderna,6616
2021-07-01,Ireland,Oxford/AstraZeneca,15097
2021-07-02,Ireland,Johnson&Johnson,4992
2021-07-02,Ireland,Moderna,4828
2021-07-02,Ireland,Oxford/AstraZeneca,15163
2021-07-03,Ireland,Johnson&Johnson,4992
2021-07-03,Ireland,Moderna,4828
2021-07-03,Ireland,Oxford/AstraZeneca,15163
2021-07-04,Ireland,Johnson&Johnson,4992
2021-07-04,Ireland,Moderna,4828
2021-07-04,Ireland,Oxford/AstraZeneca,15163
2021-07-05,Ireland,Johnson&Johnson,4992
2021-07-05,Ireland,Moderna,4828
2021-07-05,Ireland,Oxford/AstraZeneca,15163
2021-07-06,Ireland,Johnson&Johnson,4992
2021-07-06,Ireland,Moderna,4828
2021-07-06,Ireland,Oxford/AstraZeneca,15163
2021-07-07,Ireland,Johnson&Johnson,4992
2021-07-07,Ireland,Moderna,4828
2021-07-07,Ireland,Oxford/AstraZeneca,15163
2021-07-08,Ireland,Johnson&Johnson,4992
2021-07-08,Ireland,Moderna,4828
2021-07-08,Ireland,Oxford/AstraZeneca,15163
2021-07-09,Ireland,Johnson&Johnson,7041
2021-07-09,Ireland,Moderna,5325
2021-07-09,Ireland,Oxford/AstraZeneca,7614
2021-07-10,Ireland,Johnson&Johnson,7041
2021-07-10,Ireland,Moderna,5325
2021-07-10,Ireland,Oxford/AstraZeneca,7614
2021-07-11,Ireland,Johnson&Johnson,7041
2021-07-11,Ireland,Moderna,5325
2021-07-11,Ireland,Oxford/AstraZeneca,7614
2021-07-12,Ireland,Johnson&Johnson,7041
2021-07-12,Ireland,Moderna,5325
2021-07-12,Ireland,Oxford/AstraZeneca,7614
2021-07-13,Ireland,Johnson&Johnson,7041
2021-07-13,Ireland,Moderna,5325
2021-07-13,Ireland,Oxford/AstraZeneca,7614
2021-07-14,Ireland,Johnson&Johnson,7041
2021-07-14,Ireland,Moderna,5325
2021-07-14,Ireland,Oxford/AstraZeneca,7614
2021-07-15,Ireland,Johnson&Johnson,7041
2021-07-15,Ireland,Moderna,5325
2021-07-15,Ireland,Oxford/AstraZeneca,7614
2021-07-16,Ireland,Johnson&Johnson,5246
2021-07-16,Ireland,Moderna,3913
2021-07-16,Ireland,Oxford/AstraZeneca,730
2021-07-17,Ireland,Johnson&Johnson,5246
2021-07-17,Ireland,Moderna,3913
2021-07-17,Ireland,Oxford/AstraZeneca,730
2021-07-18,Ireland,Johnson&Johnson,5246
2021-07-18,Ireland,Moderna,3913
2021-07-18,Ireland,Oxford/AstraZeneca,730
2021-07-19,Ireland,Johnson&Johnson,5246
2021-07-19,Ireland,Moderna,3913
2021-07-19,Ireland,Oxford/AstraZeneca,730
2021-07-20,Ireland,Johnson&Johnson,5246
2021-07-20,Ireland,Moderna,3913
2021-07-20,Ireland,Oxford/AstraZeneca,730
2021-07-21,Ireland,Johnson&Johnson,5246
2021-07-21,Ireland,Moderna,3913
2021-07-21,Ireland,Oxford/AstraZeneca,730
2021-07-22,Ireland,Johnson&Johnson,5246
2021-07-22,Ireland,Moderna,3913
2021-07-22,Ireland,Oxford/AstraZeneca,730
2021-07-23,Ireland,Johnson&Johnson,2389
2021-07-23,Ireland,Moderna,2205
2021-07-23,Ireland,Oxford/AstraZeneca,500
2021-07-24,Ireland,Johnson&Johnson,2389
2021-07-24,Ireland,Moderna,2205
2021-07-24,Ireland,Oxford/AstraZeneca,500
2021-07-25,Ireland,Johnson&Johnson,2389
2021-07-25,Ireland,Moderna,2205
2021-07-25,Ireland,Oxford/AstraZeneca,500
2021-07-26,Ireland,Johnson&Johnson,2389
2021-07-26,Ireland,Moderna,2205
2021-07-26,Ireland,Oxford/AstraZeneca,500
2021-07-27,Ireland,Johnson&Johnson,2389
2021-07-27,Ireland,Moderna,2205
2021-07-27,Ireland,Oxford/AstraZeneca,500
2021-07-28,Ireland,Johnson&Johnson,2389
2021-07-28,Ireland,Moderna,2205
2021-07-28,Ireland,Oxford/AstraZeneca,500
2021-07-29,Ireland,Johnson&Johnson,2389
2021-07-29,Ireland,Moderna,2205
2021-07-29,Ireland,Oxford/AstraZeneca,500
2021-07-30,Ireland,Johnson&Johnson,889
2021-07-30,Ireland,Moderna,2928
2021-07-30,Ireland,Oxford/AstraZeneca,270
2021-07-31,Ireland,Johnson&Johnson,889
2021-07-31,Ireland,Moderna,2928
2021-07-31,Ireland,Oxford/AstraZeneca,270
2021-08-01,Ireland,Johnson&Johnson,889
2021-08-01,Ireland,Moderna,2928
2021-08-01,Ireland,Oxford/AstraZeneca,270
2021-08-02,Ireland,Johnson&Johnson,889
2021-08-02,Ireland,Moderna,2928
2021-08-02,Ireland,Oxford/AstraZeneca,270
2021-08-03,Ireland,Johnson&Johnson,889
2021-08-03,Ireland,Moderna,2928
2021-08-03,Ireland,Oxford/AstraZeneca,270
2021-08-04,Ireland,Johnson&Johnson,889
2021-08-04,Ireland,Moderna,2928
2021-08-04,Ireland,Oxford/AstraZeneca,270
2021-08-05,Ireland,Johnson&Johnson,889
2021-08-05,Ireland,Moderna,2928
2021-08-05,Ireland,Oxford/AstraZeneca,270
2021-08-06,Ireland,Johnson&Johnson,580
2021-08-06,Ireland,Moderna,2292
2021-08-06,Ireland,Oxford/AstraZeneca,136
2021-08-07,Ireland,Johnson&Johnson,580
2021-08-07,Ireland,Moderna,2292
2021-08-07,Ireland,Oxford/AstraZeneca,136
2021-08-08,Ireland,Johnson&Johnson,580
2021-08-08,Ireland,Moderna,2292
2021-08-08,Ireland,Oxford/AstraZeneca,136
2021-08-09,Ireland,Johnson&Johnson,580
2021-08-09,Ireland,Moderna,2292
2021-08-09,Ireland,Oxford/AstraZeneca,136
2021-08-10,Ireland,Johnson&Johnson,580
2021-08-10,Ireland,Moderna,2292
2021-08-10,Ireland,Oxford/AstraZeneca,136
2021-08-11,Ireland,Johnson&Johnson,580
2021-08-11,Ireland,Moderna,2292
2021-08-11,Ireland,Oxford/AstraZeneca,136
2021-08-12,Ireland,Johnson&Johnson,580
2021-08-12,Ireland,Moderna,2292
2021-08-12,Ireland,Oxford/AstraZeneca,136
2021-08-13,Ireland,Johnson&Johnson,459
2021-08-13,Ireland,Moderna,1160
2021-08-13,Ireland,Oxford/AstraZeneca,158
2021-08-14,Ireland,Johnson&Johnson,459
2021-08-14,Ireland,Moderna,1160
2021-08-14,Ireland,Oxford/AstraZeneca,158
2021-08-15,Ireland,Johnson&Johnson,459
2021-08-15,Ireland,Moderna,1160
2021-08-15,Ireland,Oxford/AstraZeneca,158
2021-08-16,Ireland,Johnson&Johnson,459
2021-08-16,Ireland,Moderna,1160
2021-08-16,Ireland,Oxford/AstraZeneca,158
2021-08-17,Ireland,Johnson&Johnson,459
2021-08-17,Ireland,Moderna,1160
2021-08-17,Ireland,Oxford/AstraZeneca,158
2021-08-18,Ireland,Johnson&Johnson,459
2021-08-18,Ireland,Moderna,1160
2021-08-18,Ireland,Oxford/AstraZeneca,158
2021-08-19,Ireland,Johnson&Johnson,459
2021-08-19,Ireland,Moderna,1160
2021-08-19,Ireland,Oxford/AstraZeneca,158
2021-08-20,Ireland,Johnson&Johnson,283
2021-08-20,Ireland,Moderna,826
2021-08-20,Ireland,Oxford/AstraZeneca,152
2021-08-21,Ireland,Johnson&Johnson,283
2021-08-21,Ireland,Moderna,826
2021-08-21,Ireland,Oxford/AstraZeneca,152
2021-08-22,Ireland,Johnson&Johnson,283
2021-08-22,Ireland,Moderna,826
2021-08-22,Ireland,Oxford/AstraZeneca,152
2021-08-23,Ireland,Johnson&Johnson,283
2021-08-23,Ireland,Moderna,826
2021-08-23,Ireland,Oxford/AstraZeneca,152
2021-08-24,Ireland,Johnson&Johnson,283
2021-08-24,Ireland,Moderna,826
2021-08-24,Ireland,Oxford/AstraZeneca,152
2021-08-25,Ireland,Johnson&Johnson,283
2021-08-25,Ireland,Moderna,826
2021-08-25,Ireland,Oxford/AstraZeneca,152
2021-08-26,Ireland,Johnson&Johnson,283
2021-08-26,Ireland,Moderna,826
2021-08-26,Ireland,Oxford/AstraZeneca,152
2021-08-27,Ireland,Johnson&Johnson,138
2021-08-27,Ireland,Moderna,693
2021-08-27,Ireland,Oxford/AstraZeneca,76
2021-08-28,Ireland,Johnson&Johnson,138
2021-08-28,Ireland,Moderna,693
2021-08-28,Ireland,Oxford/AstraZeneca,76
2021-08-29,Ireland,Johnson&Johnson,138
2021-08-29,Ireland,Moderna,693
2021-08-29,Ireland,Oxford/AstraZeneca,76
2021-08-30,Ireland,Johnson&Johnson,138
2021-08-30,Ireland,Moderna,693
2021-08-30,Ireland,Oxford/AstraZeneca,76
2021-08-31,Ireland,Johnson&Johnson,138
2021-08-31,Ireland,Moderna,693
2021-08-31,Ireland,Oxford/AstraZeneca,76
2021-09-01,Ireland,Johnson&Johnson,138
2021-09-01,Ireland,Moderna,693
2021-09-01,Ireland,Oxford/AstraZeneca,76
2021-09-02,Ireland,Johnson&Johnson,138
2021-09-02,Ireland,Moderna,693
2021-09-02,Ireland,Oxford/AstraZeneca,76
2021-09-03,Ireland,Johnson&Johnson,106
2021-09-03,Ireland,Moderna,268
2021-09-03,Ireland,Oxford/AstraZeneca,70
2021-09-04,Ireland,Johnson&Johnson,106
2021-09-04,Ireland,Moderna,268
2021-09-04,Ireland,Oxford/AstraZeneca,70
2021-09-05,Ireland,Johnson&Johnson,106
2021-09-05,Ireland,Moderna,268
2021-09-05,Ireland,Oxford/AstraZeneca,70
2021-09-06,Ireland,Johnson&Johnson,106
2021-09-06,Ireland,Moderna,268
2021-09-06,Ireland,Oxford/AstraZeneca,70
2021-09-07,Ireland,Johnson&Johnson,106
2021-09-07,Ireland,Moderna,268
2021-09-07,Ireland,Oxford/AstraZeneca,70
2021-09-08,Ireland,Johnson&Johnson,106
2021-09-08,Ireland,Moderna,268
2021-09-08,Ireland,Oxford/AstraZeneca,70
2021-09-09,Ireland,Johnson&Johnson,106
2021-09-09,Ireland,Moderna,268
2021-09-09,Ireland,Oxford/AstraZeneca,70
2021-09-10,Ireland,Johnson&Johnson,78
2021-09-10,Ireland,Moderna,85
2021-09-10,Ireland,Oxford/AstraZeneca,48
2021-09-11,Ireland,Johnson&Johnson,78
2021-09-11,Ireland,Moderna,85
2021-09-11,Ireland,Oxford/AstraZeneca,48
2021-09-12,Ireland,Johnson&Johnson,78
2021-09-12,Ireland,Moderna,85
2021-09-12,Ireland,Oxford/AstraZeneca,48
2021-09-13,Ireland,Johnson&Johnson,78
2021-09-13,Ireland,Moderna,85
2021-09-13,Ireland,Oxford/AstraZeneca,48
2021-09-14,Ireland,Johnson&Johnson,78
2021-09-14,Ireland,Moderna,85
2021-09-14,Ireland,Oxford/AstraZeneca,48
2021-09-15,Ireland,Johnson&Johnson,78
2021-09-15,Ireland,Moderna,85
2021-09-15,Ireland,Oxford/AstraZeneca,48
2021-09-16,Ireland,Johnson&Johnson,78
2021-09-16,Ireland,Moderna,85
2021-09-16,Ireland,Oxford/AstraZeneca,48
2021-09-17,Ireland,Johnson&Johnson,63
2021-09-17,Ireland,Moderna,91
2021-09-17,Ireland,Oxford/AstraZeneca,42
2021-09-18,Ireland,Johnson&Johnson,63
2021-09-18,Ireland,Moderna,91
2021-09-18,Ireland,Oxford/AstraZeneca,42
2021-09-19,Ireland,Johnson&Johnson,63
2021-09-19,Ireland,Moderna,91
2021-09-19,Ireland,Oxford/AstraZeneca,42
2021-09-20,Ireland,Johnson&Johnson,63
2021-09-20,Ireland,Moderna,91
2021-09-20,Ireland,Oxford/AstraZeneca,42
2021-09-21,Ireland,Johnson&Johnson,63
2021-09-21,Ireland,Moderna,91
2021-09-21,Ireland,Oxford/AstraZeneca,42
2021-09-22,Ireland,Johnson&Johnson,63
2021-09-22,Ireland,Moderna,91
2021-09-22,Ireland,Oxford/AstraZeneca,42
2021-09-23,Ireland,Johnson&Johnson,63
2021-09-23,Ireland,Moderna,91
2021-09-23,Ireland,Oxford/AstraZeneca,42
2021-09-24,Ireland,Johnson&Johnson,55
2021-09-24,Ireland,Moderna,45
2021-09-24,Ireland,Oxford/AstraZeneca,38
2021-09-25,Ireland,Johnson&Johnson,55
2021-09-25,Ireland,Moderna,45
2021-09-25,Ireland,Oxford/AstraZeneca,38
2021-09-26,Ireland,Johnson&Johnson,55
2021-09-26,Ireland,Moderna,45
2021-09-26,Ireland,Oxford/AstraZeneca,38
2021-09-27,Ireland,Johnson&Johnson,55
2021-09-27,Ireland,Moderna,45
2021-09-27,Ireland,Oxford/AstraZeneca,38
2021-09-28,Ireland,Johnson&Johnson,55
2021-09-28,Ireland,Moderna,45
2021-09-28,Ireland,Oxford/AstraZeneca,38
2021-09-29,Ireland,Johnson&Johnson,55
2021-09-29,Ireland,Moderna,45
2021-09-29,Ireland,Oxford/AstraZeneca,38
2021-09-30,Ireland,Johnson&Johnson,55
2021-09-30,Ireland,Moderna,45
2021-09-30,Ireland,Oxford/AstraZeneca,38
2021-10-01,Ireland,Johnson&Johnson,35
2021-10-01,Ireland,Moderna,23
2021-10-01,Ireland,Oxford/AstraZeneca,30
2021-10-02,Ireland,Johnson&Johnson,35
2021-10-02,Ireland,Moderna,23
2021-10-02,Ireland,Oxford/AstraZeneca,30
2021-10-03,Ireland,Johnson&Johnson,35
2021-10-03,Ireland,Moderna,23
2021-10-03,Ireland,Oxford/AstraZeneca,30
2021-10-04,Ireland,Johnson&Johnson,35
2021-10-04,Ireland,Moderna,23
2021-10-04,Ireland,Oxford/AstraZeneca,30
2021-10-05,Ireland,Johnson&Johnson,35
2021-10-05,Ireland,Moderna,23
2021-10-05,Ireland,Oxford/AstraZeneca,30
2021-10-06,Ireland,Johnson&Johnson,35
2021-10-06,Ireland,Moderna,23
2021-10-06,Ireland,Oxford/AstraZeneca,30
2021-10-07,Ireland,Johnson&Johnson,35
2021-10-07,Ireland,Moderna,23
2021-10-07,Ireland,Oxford/AstraZeneca,30
2021-10-08,Ireland,Johnson&Johnson,12
2021-10-08,Ireland,Moderna,17
2021-10-08,Ireland,Oxford/AstraZeneca,37
2021-10-09,Ireland,Johnson&Johnson,12
2021-10-09,Ireland,Moderna,17
2021-10-09,Ireland,Oxford/AstraZeneca,37
2021-10-10,Ireland,Johnson&Johnson,12
2021-10-10,Ireland,Moderna,17
2021-10-10,Ireland,Oxford/AstraZeneca,37
2021-10-11,Ireland,Johnson&Johnson,12
2021-10-11,Ireland,Moderna,17
2021-10-11,Ireland,Oxford/AstraZeneca,37
2021-10-12,Ireland,Johnson&Johnson,12
2021-10-12,Ireland,Moderna,17
2021-10-12,Ireland,Oxford/AstraZeneca,37
2021-10-13,Ireland,Johnson&Johnson,12
2021-10-13,Ireland,Moderna,17
2021-10-13,Ireland,Oxford/AstraZeneca,37
2021-10-14,Ireland,Johnson&Johnson,12
2021-10-14,Ireland,Moderna,17
2021-10-14,Ireland,Oxford/AstraZeneca,37
2021-10-15,Ireland,Johnson&Johnson,5
2021-10-15,Ireland,Moderna,10
2021-10-15,Ireland,Oxford/AstraZeneca,33
2021-10-16,Ireland,Johnson&Johnson,5
2021-10-16,Ireland,Moderna,10
2021-10-16,Ireland,Oxford/AstraZeneca,33
2021-10-17,Ireland,Johnson&Johnson,5
2021-10-17,Ireland,Moderna,10
2021-10-17,Ireland,Oxford/AstraZeneca,33
2021-10-18,Ireland,Johnson&Johnson,5
2021-10-18,Ireland,Moderna,10
2021-10-18,Ireland,Oxford/AstraZeneca,33
2021-10-19,Ireland,Johnson&Johnson,5
2021-10-19,Ireland,Moderna,10
2021-10-19,Ireland,Oxford/AstraZeneca,33
2021-10-20,Ireland,Johnson&Johnson,5
2021-10-20,Ireland,Moderna,10
2021-10-20,Ireland,Oxford/AstraZeneca,33
2021-10-21,Ireland,Johnson&Johnson,5
2021-10-21,Ireland,Moderna,10
2021-10-21,Ireland,Oxford/AstraZeneca,33
2021-10-22,Ireland,Johnson&Johnson,3
2021-10-22,Ireland,Moderna,8
2021-10-22,Ireland,Oxford/AstraZeneca,28
2021-10-23,Ireland,Johnson&Johnson,3
2021-10-23,Ireland,Moderna,8
2021-10-23,Ireland,Oxford/AstraZeneca,28
2021-10-24,Ireland,Johnson&Johnson,3
2021-10-24,Ireland,Moderna,8
2021-10-24,Ireland,Oxford/AstraZeneca,28
2021-10-25,Ireland,Johnson&Johnson,3
2021-10-25,Ireland,Moderna,8
2021-10-25,Ireland,Oxford/AstraZeneca,28
2021-10-26,Ireland,Johnson&Johnson,3
2021-10-26,Ireland,Moderna,8
2021-10-26,Ireland,Oxford/AstraZeneca,28
2021-10-27,Ireland,Johnson&Johnson,3
2021-10-27,Ireland,Moderna,8
2021-10-27,Ireland,Oxford/AstraZeneca,28
2021-10-28,Ireland,Johnson&Johnson,3
2021-10-28,Ireland,Moderna,8
2021-10-28,Ireland,Oxford/AstraZeneca,28
2021-10-29,Ireland,Johnson&Johnson,4
2021-10-29,Ireland,Moderna,11
2021-10-29,Ireland,Oxford/AstraZeneca,14
2021-10-30,Ireland,Johnson&Johnson,4
2021-10-30,Ireland,Moderna,11
2021-10-30,Ireland,Oxford/AstraZeneca,14
2021-10-31,Ireland,Johnson&Johnson,4
2021-10-31,Ireland,Moderna,11
2021-10-31,Ireland,Oxford/AstraZeneca,14
2021-11-01,Ireland,Johnson&Johnson,4
2021-11-01,Ireland,Moderna,11
2021-11-01,Ireland,Oxford/AstraZeneca,14
2021-11-02,Ireland,Johnson&Johnson,4
2021-11-02,Ireland,Moderna,11
2021-11-02,Ireland,Oxford/AstraZeneca,14
2021-11-03,Ireland,Johnson&Johnson,4
2021-11-03,Ireland,Moderna,11
2021-11-03,Ireland,Oxford/AstraZeneca,14
2021-11-04,Ireland,Johnson&Johnson,4
2021-11-04,Ireland,Moderna,11
2021-11-04,Ireland,Oxford/AstraZeneca,14
2021-11-05,Ireland,Johnson&Johnson,4
2021-11-05,Ireland,Moderna,12
2021-11-05,Ireland,Oxford/AstraZeneca,10
2021-11-06,Ireland,Johnson&Johnson,4
2021-11-06,Ireland,Moderna,12
2021-11-06,Ireland,Oxford/AstraZeneca,10
2021-11-07,Ireland,Johnson&Johnson,4
2021-11-07,Ireland,Moderna,12
2021-11-07,Ireland,Oxford/AstraZeneca,10
2021-11-08,Ireland,Johnson&Johnson,4
2021-11-08,Ireland,Moderna,12
2021-11-08,Ireland,Oxford/AstraZeneca,10
2021-11-09,Ireland,Johnson&Johnson,4
2021-11-09,Ireland,Moderna,12
2021-11-09,Ireland,Oxford/AstraZeneca,10
2021-11-10,Ireland,Johnson&Johnson,4
2021-11-10,Ireland,Moderna,12
2021-11-10,Ireland,Oxford/AstraZeneca,10
2021-11-11,Ireland,Johnson&Johnson,4
2021-11-11,Ireland,Moderna,12
2021-11-11,Ireland,Oxford/AstraZeneca,10
2021-11-12,Ireland,Johnson&Johnson,4
2021-11-12,Ireland,Moderna,17
2021-11-12,Ireland,Oxford/AstraZeneca,9
2021-11-13,Ireland,Johnson&Johnson,4
2021-11-13,Ireland,Moderna,17
2021-11-13,Ireland,Oxford/AstraZeneca,9
2021-11-14,Ireland,Johnson&Johnson,4
2021-11-14,Ireland,Moderna,17
2021-11-14,Ireland,Oxford/AstraZeneca,9
2021-11-15,Ireland,Johnson&Johnson,4
2021-11-15,Ireland,Moderna,17
2021-11-15,Ireland,Oxford/AstraZeneca,9
2021-11-16,Ireland,Johnson&Johnson,4
2021-11-16,Ireland,Moderna,17
2021-11-16,Ireland,Oxford/AstraZeneca,9
2021-11-17,Ireland,Johnson&Johnson,4
2021-11-17,Ireland,Moderna,17
2021-11-17,Ireland,Oxford/AstraZeneca,9
2021-11-18,Ireland,Johnson&Johnson,4
2021-11-18,Ireland,Moderna,17
2021-11-18,Ireland,Oxford/AstraZeneca,9
2021-11-19,Ireland,Johnson&Johnson,7
2021-11-19,Ireland,Moderna,17
2021-11-19,Ireland,Oxford/AstraZeneca,7
2021-11-20,Ireland,Johnson&Johnson,7
2021-11-20,Ireland,Moderna,17
2021-11-20,Ireland,Oxford/AstraZeneca,7
2021-11-21,Ireland,Johnson&Johnson,7
2021-11-21,Ireland,Moderna,17
2021-11-21,Ireland,Oxford/AstraZeneca,7
2021-11-22,Ireland,Johnson&Johnson,7
2021-11-22,Ireland,Moderna,17
2021-11-22,Ireland,Oxford/AstraZeneca,7
2021-11-23,Ireland,Johnson&Johnson,7
2021-11-23,Ireland,Moderna,17
2021-11-23,Ireland,Oxford/AstraZeneca,7
2021-11-24,Ireland,Johnson&Johnson,7
2021-11-24,Ireland,Moderna,17
2021-11-24,Ireland,Oxford/AstraZeneca,7
2021-11-25,Ireland,Johnson&Johnson,7
2021-11-25,Ireland,Moderna,17
2021-11-25,Ireland,Oxford/AstraZeneca,7
2021-11-26,Ireland,Johnson&Johnson,5
2021-11-26,Ireland,Moderna,127
2021-11-26,Ireland,Oxford/AstraZeneca,7
2021-11-27,Ireland,Johnson&Johnson,5
2021-11-27,Ireland,Moderna,127
2021-11-27,Ireland,Oxford/AstraZeneca,7
2021-11-28,Ireland,Johnson&Johnson,5
2021-11-28,Ireland,Moderna,127
2021-11-28,Ireland,Oxford/AstraZeneca,7
2021-11-29,Ireland,Johnson&Johnson,5
2021-11-29,Ireland,Moderna,127
2021-11-29,Ireland,Oxford/AstraZeneca,7
2021-11-30,Ireland,Johnson&Johnson,5
2021-11-30,Ireland,Moderna,127
2021-11-30,Ireland,Oxford/AstraZeneca,7
2021-12-01,Ireland,Johnson&Johnson,5
2021-12-01,Ireland,Moderna,127
2021-12-01,Ireland,Oxford/AstraZeneca,7
2021-12-02,Ireland,Johnson&Johnson,5
2021-12-02,Ireland,Moderna,127
2021-12-02,Ireland,Oxford/AstraZeneca,7
2021-12-03,Ireland,Johnson&Johnson,4
2021-12-03,Ireland,Moderna,10532
2021-12-03,Ireland,Oxford/AstraZeneca,6
2021-12-04,Ireland,Johnson&Johnson,4
2021-12-04,Ireland,Moderna,10532
2021-12-04,Ireland,Oxford/AstraZeneca,6
2021-12-05,Ireland,Johnson&Johnson,4
2021-12-05,Ireland,Moderna,10532
2021-12-05,Ireland,Oxford/AstraZeneca,6
2021-12-06,Ireland,Johnson&Johnson,4
2021-12-06,Ireland,Moderna,10532
2021-12-06,Ireland,Oxford/AstraZeneca,6
2021-12-07,Ireland,Johnson&Johnson,4
2021-12-07,Ireland,Moderna,10532
2021-12-07,Ireland,Oxford/AstraZeneca,6
2021-12-08,Ireland,Johnson&Johnson,4
2021-12-08,Ireland,Moderna,10532
2021-12-08,Ireland,Oxford/AstraZeneca,6
2021-12-09,Ireland,Johnson&Johnson,4
2021-12-09,Ireland,Moderna,10532
2021-12-09,Ireland,Oxford/AstraZeneca,6
2021-12-10,Ireland,Johnson&Johnson,9
2021-12-10,Ireland,Moderna,18876
2021-12-10,Ireland,Oxford/AstraZeneca,6
2021-12-11,Ireland,Johnson&Johnson,9
2021-12-11,Ireland,Moderna,18876
2021-12-11,Ireland,Oxford/AstraZeneca,6
2021-12-12,Ireland,Johnson&Johnson,9
2021-12-12,Ireland,Moderna,18876
2021-12-12,Ireland,Oxford/AstraZeneca,6
2021-12-13,Ireland,Johnson&Johnson,9
2021-12-13,Ireland,Moderna,18876
2021-12-13,Ireland,Oxford/AstraZeneca,6
2021-12-14,Ireland,Johnson&Johnson,9
2021-12-14,Ireland,Moderna,18876
2021-12-14,Ireland,Oxford/AstraZeneca,6
2021-12-15,Ireland,Johnson&Johnson,9
2021-12-15,Ireland,Moderna,18876
2021-12-15,Ireland,Oxford/AstraZeneca,6
2021-12-16,Ireland,Johnson&Johnson,9
2021-12-16,Ireland,Moderna,18876
2021-12-16,Ireland,Oxford/AstraZeneca,6
2021-12-17,Ireland,Johnson&Johnson,8
2021-12-17,Ireland,Moderna,23548
2021-12-17,Ireland,Oxford/AstraZeneca,4
2021-12-18,Ireland,Johnson&Johnson,8
2021-12-18,Ireland,Moderna,23548
2021-12-18,Ireland,Oxford/AstraZeneca,4
2021-12-19,Ireland,Johnson&Johnson,8
2021-12-19,Ireland,Moderna,23548
2021-12-19,Ireland,Oxford/AstraZeneca,4
2021-12-20,Ireland,Johnson&Johnson,8
2021-12-20,Ireland,Moderna,23548
2021-12-20,Ireland,Oxford/AstraZeneca,4
2021-12-21,Ireland,Johnson&Johnson,8
2021-12-21,Ireland,Moderna,23548
2021-12-21,Ireland,Oxford/AstraZeneca,4
2021-12-22,Ireland,Johnson&Johnson,8
2021-12-22,Ireland,Moderna,23548
2021-12-22,Ireland,Oxford/AstraZeneca,4
2021-12-23,Ireland,Johnson&Johnson,8
2021-12-23,Ireland,Moderna,23548
2021-12-23,Ireland,Oxford/AstraZeneca,4
2021-12-24,Ireland,Johnson&Johnson,4
2021-12-24,Ireland,Moderna,15602
2021-12-24,Ireland,Oxford/AstraZeneca,4
2021-12-25,Ireland,Johnson&Johnson,4
2021-12-25,Ireland,Moderna,15602
2021-12-25,Ireland,Oxford/AstraZeneca,4
2021-12-26,Ireland,Johnson&Johnson,4
2021-12-26,Ireland,Moderna,15602
2021-12-26,Ireland,Oxford/AstraZeneca,4
2021-12-27,Ireland,Johnson&Johnson,4
2021-12-27,Ireland,Moderna,15602
2021-12-27,Ireland,Oxford/AstraZeneca,4
2021-12-28,Ireland,Johnson&Johnson,4
2021-12-28,Ireland,Moderna,15602
2021-12-28,Ireland,Oxford/AstraZeneca,4
2021-12-29,Ireland,Johnson&Johnson,4
2021-12-29,Ireland,Moderna,15602
2021-12-29,Ireland,Oxford/AstraZeneca,4
2021-12-30,Ireland,Johnson&Johnson,4
2021-12-30,Ireland,Moderna,15602
2021-12-30,Ireland,Oxford/AstraZeneca,4
2021-12-31,Ireland,Johnson&Johnson,5
2021-12-31,Ireland,Moderna,9476
2021-12-31,Ireland,Oxford/AstraZeneca,2
