date,location,vaccine,total_vaccinations
2021-01-01,Portugal,Pfizer/BioNTech,11505
2021-01-01,Portugal,Sinopharm/Beijing,2
2021-01-01,Portugal,Sinovac,0
2021-01-01,Portugal,Covaxin,0
2021-01-01,Portugal,Johnson&Johnson,3
2021-01-01,Portugal,Oxford/AstraZeneca,8
2021-01-01,Portugal,Novavax,0
2021-01-02,Portugal,Pfizer/BioNTech,11505
2021-01-02,Portugal,Sinopharm/Beijing,2
2021-01-02,Portugal,Sinovac,0
2021-01-02,Portugal,Covaxin,0
2021-01-02,Portugal,Johnson&Johnson,3
2021-01-02,Portugal,Oxford/AstraZeneca,8
2021-01-02,Portugal,Novavax,0
2021-01-03,Portugal,Pfizer/BioNTech,11505
2021-01-03,Portugal,Sinopharm/Beijing,2
2021-01-03,Portugal,Sinovac,0
2021-01-03,Portugal,Covaxin,0
2021-01-03,Portugal,Johnson&Johnson,3
2021-01-03,Portugal,Oxford/AstraZeneca,8
2021-01-03,Portugal,Novavax,0
2021-01-04,Portugal,Pfizer/BioNTech,11505
2021-01-04,Portugal,Sinopharm/Beijing,2
2021-01-04,Portugal,Sinovac,0
2021-01-04,Portugal,Covaxin,0
2021-01-04,Portugal,Johnson&Johnson,3
2021-01-04,Portugal,Oxford/AstraZeneca,8
2021-01-04,Portugal,Novavax,0
2021-01-05,Portugal,Pfizer/BioNTech,11505
2021-01-05,Portugal,Sinopharm/Beijing,2
2021-01-05,Portugal,Sinovac,0
2021-01-05,Portugal,Covaxin,0
2021-01-05,Portugal,Johnson&Johnson,3
2021-01-05,Portugal,Oxford/AstraZeneca,8
2021-01-05,Portugal,Novavax,0
2021-01-06,Portugal,Pfizer/BioNTech,11505
2021-01-06,Portugal,Sinopharm/Beijing,2
2021-01-06,Portugal,Sinovac,0
2021-01-06,Portugal,Covaxin,0
2021-01-06,Portugal,Johnson&Johnson,3
2021-01-06,Portugal,Oxford/AstraZeneca,8
2021-01-06,Portugal,Novavax,0
2021-01-07,Portugal,Pfizer/BioNTech,11505
2021-01-07,Portugal,Sinopharm/Beijing,2
2021-01-07,Portugal,Sinovac,0
2021-01-07,Portugal,Covaxin,0
2021-01-07,Portugal,Johnson&Johnson,3
2021-01-07,Portugal,Oxford/AstraZeneca,8
2021-01-07,Portugal,Novavax,0
2021-01-08,Portugal,Pfizer/BioNTech,7162
2021-01-08,Portugal,Sinopharm/Beijing,3
2021-01-08,Portugal,Sinovac,0
2021-01-08,Portugal,Covaxin,0
2021-01-08,Portugal,Johnson&Johnson,0
2021-01-08,Portugal,Oxford/AstraZeneca,16
2021-01-08,Portugal,Novavax,0
2021-01-09,Portugal,Pfizer/BioNTech,7162
2021-01-09,Portugal,Sinopharm/Beijing,3
2021-01-09,Portugal,Sinovac,0
2021-01-09,Portugal,Covaxin,0
2021-01-09,Portugal,Johnson&Johnson,0
2021-01-09,Portugal,Oxford/AstraZeneca,16
2021-01-09,Portugal,Novavax,0
2021-01-10,Portugal,Pfizer/BioNTech,7162
2021-01-10,Portugal,Sinopharm/Beijing,3
2021-01-10,Portugal,Sinovac,0
2021-01-10,Portugal,Covaxin,0
2021-01-10,Portugal,Johnson&Johnson,0
2021-01-10,Portugal,Oxford/AstraZeneca,16
2021-01-10,Portugal,Novavax,0
2021-01-11,Portugal,Pfizer/BioNTech,7162
2021-01-11,Portugal,Sinopharm/Beijing,3
2021-01-11,Portugal,Sinovac,0
2021-01-11,Portugal,Covaxin,0
2021-01-11,Portugal,Johnson&Johnson,0
2021-01-11,Portugal,Oxford/AstraZeneca,16
2021-01-11,Portugal,Novavax,0
2021-01-12,Portugal,Pfizer/BioNTech,7162
2021-01-12,Portugal,Sinopharm/Beijing,3
2021-01-12,Portugal,Sinovac,0
2021-01-12,Portugal,Covaxin,0
2021-01-12,Portugal,Johnson&Johnson,0
2021-01-12,Portugal,Oxford/AstraZeneca,16
2021-01-12,Portugal,Novavax,0
2021-01-13,Portugal,Pfizer/BioNTech,7162
2021-01-13,Portugal,Sinopharm/Beijing,3
2021-01-13,Portugal,Sinovac,0
2021-01-13,Portugal,Covaxin,0
2021-01-13,Portugal,Johnson&Johnson,0
2021-01-13,Portugal,Oxford/AstraZeneca,16
2021-01-13,Portugal,Novavax,0
2021-01-14,Portugal,Pfizer/BioNTech,7162
2021-01-14,Portugal,Sinopharm/Beijing,3
2021-01-14,Portugal,Sinovac,0
2021-01-14,Portugal,Covaxin,0
2021-01-14,Portugal,Johnson&Johnson,0
2021-01-14,Portugal,Oxford/AstraZeneca,16
2021-01-14,Portugal,Novavax,0
2021-01-15,Portugal,Pfizer/BioNTech,22024
2021-01-15,Portugal,Sinopharm/Beijing,3
2021-01-15,Portugal,Sinovac,19
2021-01-15,Portugal,Covaxin,0
2021-01-15,Portugal,Johnson&Johnson,0
2021-01-15,Portugal,Oxford/AstraZeneca,30
2021-01-15,Portugal,Novavax,0
2021-01-16,Portugal,Pfizer/BioNTech,22024
2021-01-16,Portugal,Sinopharm/Beijing,3
2021-01-16,Portugal,Sinovac,19
2021-01-16,Portugal,Covaxin,0
2021-01-16,Portugal,Johnson&Johnson,0
2021-01-16,Portugal,Oxford/AstraZeneca,30
2021-01-16,Portugal,Novavax,0
2021-01-17,Portugal,Pfizer/BioNTech,22024
2021-01-17,Portugal,Sinopharm/Beijing,3
2021-01-17,Portugal,Sinovac,19
2021-01-17,Portugal,Covaxin,0
2021-01-17,Portugal,Johnson&Johnson,0
2021-01-17,Portugal,Oxford/AstraZeneca,30
2021-01-17,Portugal,Novavax,0
2021-01-18,Portugal,Pfizer/BioNTech,22024
2021-01-18,Portugal,Sinopharm/Beijing,3
2021-01-18,Portugal,Sinovac,19
2021-01-18,Portugal,Covaxin,0
2021-01-18,Portugal,Johnson&Johnson,0
2021-01-18,Portugal,Oxford/AstraZeneca,30
2021-01-18,Portugal,Novavax,0
2021-01-19,Portugal,Pfizer/BioNTech,22024
2021-01-19,Portugal,Sinopharm/Beijing,3
2021-01-19,Portugal,Sinovac,19
2021-01-19,Portugal,Covaxin,0
2021-01-19,Portugal,Johnson&Johnson,0
2021-01-19,Portugal,Oxford/AstraZeneca,30
2021-01-19,Portugal,Novavax,0
2021-01-20,Portugal,Pfizer/BioNTech,22024
2021-01-20,Portugal,Sinopharm/Beijing,3
2021-01-20,Portugal,Sinovac,19
2021-01-20,Portugal,Covaxin,0
2021-01-20,Portugal,Johnson&Johnson,0
2021-01-20,Portugal,Oxford/AstraZeneca,30
2021-01-20,Portugal,Novavax,0
2021-01-21,Portugal,Pfizer/BioNTech,22024
2021-01-21,Portugal,Sinopharm/Beijing,3
2021-01-21,Portugal,Sinovac,19
2021-01-21,Portugal,Covaxin,0
2021-01-21,Portugal,Johnson&Johnson,0
2021-01-21,Portugal,Oxford/AstraZeneca,30
2021-01-21,Portugal,Novavax,0
2021-01-22,Portugal,Pfizer/BioNTech,12549
2021-01-22,Portugal,Sinopharm/Beijing,4
2021-01-22,Portugal,Sinovac,12
2021-01-22,Portugal,Covaxin,0
2021-01-22,Portugal,Johnson&Johnson,0
2021-01-22,Portugal,Oxford/AstraZeneca,60
2021-01-22,Portugal,Novavax,0
2021-01-23,Portugal,Pfizer/BioNTech,12549
2021-01-23,Portugal,Sinopharm/Beijing,4
2021-01-23,Portugal,Sinovac,12
2021-01-23,Portugal,Covaxin,0
2021-01-23,Portugal,Johnson&Johnson,0
2021-01-23,Portugal,Oxford/AstraZeneca,60
2021-01-23,Portugal,Novavax,0
2021-01-24,Portugal,Pfizer/BioNTech,12549
2021-01-24,Portugal,Sinopharm/Beijing,4
2021-01-24,Portugal,Sinovac,12
2021-01-24,Portugal,Covaxin,0
2021-01-24,Portugal,Johnson&Johnson,0
2021-01-24,Portugal,Oxford/AstraZeneca,60
2021-01-24,Portugal,Novavax,0
2021-01-25,Portugal,Pfizer/BioNTech,12549
2021-01-25,Portugal,Sinopharm/Beijing,4
2021-01-25,Portugal,Sinovac,12
2021-01-25,Portugal,Covaxin,0
2021-01-25,Portugal,Johnson&Johnson,0
2021-01-25,Portugal,Oxford/AstraZeneca,60
2021-01-25,Portugal,Novavax,0
2021-01-26,Portugal,Pfizer/BioNTech,12549
2021-01-26,Portugal,Sinopharm/Beijing,4
2021-01-26,Portugal,Sinovac,12
2021-01-26,Portugal,Covaxin,0
2021-01-26,Portugal,Johnson&Johnson,0
2021-01-26,Portugal,Oxford/AstraZeneca,60
2021-01-26,Portugal,Novavax,0
2021-01-27,Portugal,Pfizer/BioNTech,12549
2021-01-27,Portugal,Sinopharm/Beijing,4
2021-01-27,Portugal,Sinovac,12
2021-01-27,Portugal,Covaxin,0
2021-01-27,Portugal,Johnson&Johnson,0
2021-01-27,Portugal,Oxford/AstraZeneca,60
2021-01-27,Portugal,Novavax,0
2021-01-28,Portugal,Pfizer/BioNTech,12549
2021-01-28,Portugal,Sinopharm/Beijing,4
2021-01-28,Portugal,Sinovac,12
2021-01-28,Portugal,Covaxin,0
2021-01-28,Portugal,Johnson&Johnson,0
2021-01-28,Portugal,Oxford/AstraZeneca,60
2021-01-28,Portugal,Novavax,0
2021-01-29,Portugal,Pfizer/BioNTech,7841
2021-01-29,Portugal,Sinopharm/Beijing,4
2021-01-29,Portugal,Sinovac,14
2021-01-29,Portugal,Covaxin,0
2021-01-29,Portugal,Johnson&Johnson,4
2021-01-29,Portugal,Oxford/AstraZeneca,79
2021-01-29,Portugal,Novavax,0
2021-01-30,Portugal,Pfizer/BioNTech,7841
2021-01-30,Portugal,Sinopharm/Beijing,4
2021-01-30,Portugal,Sinovac,14
2021-01-30,Portugal,Covaxin,0
2021-01-30,Portugal,Johnson&Johnson,4
2021-01-30,Portugal,Oxford/AstraZeneca,79
2021-01-30,Portugal,Novavax,0
2021-01-31,Portugal,Pfizer/BioNTech,7841
2021-01-31,Portugal,Sinopharm/Beijing,4
2021-01-31,Portugal,Sinovac,14
2021-01-31,Portugal,Covaxin,0
2021-01-31,Portugal,Johnson&Johnson,4
2021-01-31,Portugal,Oxford/AstraZeneca,79
2021-01-31,Portugal,Novavax,0
2021-02-01,Portugal,Pfizer/BioNTech,7841
2021-02-01,Portugal,Sinopharm/Beijing,4
2021-02-01,Portugal,Sinovac,14
2021-02-01,Portugal,Covaxin,0
2021-02-01,Portugal,Johnson&Johnson,4
2021-02-01,Portugal,Oxford/AstraZeneca,79
2021-02-01,Portugal,Novavax,0
2021-02-02,Portugal,Pfizer/BioNTech,7841
2021-02-02,Portugal,Sinopharm/Beijing,4
2021-02-02,Portugal,Sinovac,14
2021-02-02,Portugal,Covaxin,0
2021-02-02,Portugal,Johnson&Johnson,4
2021-02-02,Portugal,Oxford/AstraZeneca,79
2021-02-02,Portugal,Novavax,0
2021-02-03,Portugal,Pfizer/BioNTech,7841
2021-02-03,Portugal,Sinopharm/Beijing,4
2021-02-03,Portugal,Sinovac,14
2021-02-03,Portugal,Covaxin,0
2021-02-03,Portugal,Johnson&Johnson,4
2021-02-03,Portugal,Oxford/AstraZeneca,79
2021-02-03,Portugal,Novavax,0
2021-02-04,Portugal,Pfizer/BioNTech,7841
2021-02-04,Portugal,Sinopharm/Beijing,4
2021-02-04,Portugal,Sinovac,14
2021-02-04,Portugal,Covaxin,0
2021-02-04,Portugal,Johnson&Johnson,4
2021-02-04,Portugal,Oxford/AstraZeneca,79
2021-02-04,Portugal,Novavax,0
2021-02-05,Portugal,Pfizer/BioNTech,18348
2021-02-05,Portugal,Sinopharm/Beijing,5
2021-02-05,Portugal,Sinovac,20
2021-02-05,Portugal,Covaxin,0
2021-02-05,Portugal,Johnson&Johnson,1
2021-02-05,Portugal,Oxford/AstraZeneca,1431
2021-02-05,Portugal,Novavax,0
2021-02-06,Portugal,Pfizer/BioNTech,18348
2021-02-06,Portugal,Sinopharm/Beijing,5
2021-02-06,Portugal,Sinovac,20
2021-02-06,Portugal,Covaxin,0
2021-02-06,Portugal,Johnson&Johnson,1
2021-02-06,Portugal,Oxford/AstraZeneca,1431
2021-02-06,Portugal,Novavax,0
2021-02-07,Portugal,Pfizer/BioNTech,18348
2021-02-07,Portugal,Sinopharm/Beijing,5
2021-02-07,Portugal,Sinovac,20
2021-02-07,Portugal,Covaxin,0
2021-02-07,Portugal,Johnson&Johnson,1
2021-02-07,Portugal,Oxford/AstraZeneca,1431
2021-02-07,Portugal,Novavax,0
2021-02-08,Portugal,Pfizer/BioNTech,18348
2021-02-08,Portugal,Sinopharm/Beijing,5
2021-02-08,Portugal,Sinovac,20
2021-02-08,Portugal,Covaxin,0
2021-02-08,Portugal,Johnson&Johnson,1
2021-02-08,Portugal,Oxford/AstraZeneca,1431
2021-02-08,Portugal,Novavax,0
2021-02-09,Portugal,Pfizer/BioNTech,18348
2021-02-09,Portugal,Sinopharm/Beijing,5
2021-02-09,Portugal,Sinovac,20
2021-02-09,Portugal,Covaxin,0
2021-02-09,Portugal,Johnson&Johnson,1
2021-02-09,Portugal,Oxford/AstraZeneca,1431
2021-02-09,Portugal,Novavax,0
2021-02-10,Portugal,Pfizer/BioNTech,18348
2021-02-10,Portugal,Sinopharm/Beijing,5
2021-02-10,Portugal,Sinovac,20
2021-02-10,Portugal,Covaxin,0
2021-02-10,Portugal,Johnson&Johnson,1
2021-02-10,Portugal,Oxford/AstraZeneca,1431
2021-02-10,Portugal,Novavax,0
2021-02-11,Portugal,Pfizer/BioNTech,18348
2021-02-11,Portugal,Sinopharm/Beijing,5
2021-02-11,Portugal,Sinovac,20
2021-02-11,Portugal,Covaxin,0
2021-02-11,Portugal,Johnson&Johnson,1
2021-02-11,Portugal,Oxford/AstraZeneca,1431
2021-02-11,Portugal,Novavax,0
2021-02-12,Portugal,Pfizer/BioNTech,14429
2021-02-12,Portugal,Sinopharm/Beijing,2
2021-02-12,Portugal,Sinovac,23
2021-02-12,Portugal,Covaxin,0
2021-02-12,Portugal,Johnson&Johnson,0
2021-02-12,Portugal,Oxford/AstraZeneca,6065
2021-02-12,Portugal,Novavax,0
2021-02-13,Portugal,Pfizer/BioNTech,14429
2021-02-13,Portugal,Sinopharm/Beijing,2
2021-02-13,Portugal,Sinovac,23
2021-02-13,Portugal,Covaxin,0
2021-02-13,Portugal,Johnson&Johnson,0
2021-02-13,Portugal,Oxford/AstraZeneca,6065
2021-02-13,Portugal,Novavax,0
2021-02-14,Portugal,Pfizer/BioNTech,14429
2021-02-14,Portugal,Sinopharm/Beijing,2
2021-02-14,Portugal,Sinovac,23
2021-02-14,Portugal,Covaxin,0
2021-02-14,Portugal,Johnson&Johnson,0
2021-02-14,Portugal,Oxford/AstraZeneca,6065
2021-02-14,Portugal,Novavax,0
2021-02-15,Portugal,Pfizer/BioNTech,14429
2021-02-15,Portugal,Sinopharm/Beijing,2
2021-02-15,Portugal,Sinovac,23
2021-02-15,Portugal,Covaxin,0
2021-02-15,Portugal,Johnson&Johnson,0
2021-02-15,Portugal,Oxford/AstraZeneca,6065
2021-02-15,Portugal,Novavax,0
2021-02-16,Portugal,Pfizer/BioNTech,14429
2021-02-16,Portugal,Sinopharm/Beijing,2
2021-02-16,Portugal,Sinovac,23
2021-02-16,Portugal,Covaxin,0
2021-02-16,Portugal,Johnson&Johnson,0
2021-02-16,Portugal,Oxford/AstraZeneca,6065
2021-02-16,Portugal,Novavax,0
2021-02-17,Portugal,Pfizer/BioNTech,14429
2021-02-17,Portugal,Sinopharm/Beijing,2
2021-02-17,Portugal,Sinovac,23
2021-02-17,Portugal,Covaxin,0
2021-02-17,Portugal,Johnson&Johnson,0
2021-02-17,Portugal,Oxford/AstraZeneca,6065
2021-02-17,Portugal,Novavax,0
2021-02-18,Portugal,Pfizer/BioNTech,14429
2021-02-18,Portugal,Sinopharm/Beijing,2
2021-02-18,Portugal,Sinovac,23
2021-02-18,Portugal,Covaxin,0
2021-02-18,Portugal,Johnson&Johnson,0
2021-02-18,Portugal,Oxford/AstraZeneca,6065
2021-02-18,Portugal,Novavax,0
2021-02-19,Portugal,Pfizer/BioNTech,19024
2021-02-19,Portugal,Sinopharm/Beijing,3
2021-02-19,Portugal,Sinovac,16
2021-02-19,Portugal,Covaxin,0
2021-02-19,Portugal,Johnson&Johnson,1
2021-02-19,Portugal,Oxford/AstraZeneca,8839
2021-02-19,Portugal,Novavax,0
2021-02-20,Portugal,Pfizer/BioNTech,19024
2021-02-20,Portugal,Sinopharm/Beijing,3
2021-02-20,Portugal,Sinovac,16
2021-02-20,Portugal,Covaxin,0
2021-02-20,Portugal,Johnson&Johnson,1
2021-02-20,Portugal,Oxford/AstraZeneca,8839
2021-02-20,Portugal,Novavax,0
2021-02-21,Portugal,Pfizer/BioNTech,19024
2021-02-21,Portugal,Sinopharm/Beijing,3
2021-02-21,Portugal,Sinovac,16
2021-02-21,Portugal,Covaxin,0
2021-02-21,Portugal,Johnson&Johnson,1
2021-02-21,Portugal,Oxford/AstraZeneca,8839
2021-02-21,Portugal,Novavax,0
2021-02-22,Portugal,Pfizer/BioNTech,19024
2021-02-22,Portugal,Sinopharm/Beijing,3
2021-02-22,Portugal,Sinovac,16
2021-02-22,Portugal,Covaxin,0
2021-02-22,Portugal,Johnson&Johnson,1
2021-02-22,Portugal,Oxford/AstraZeneca,8839
2021-02-22,Portugal,Novavax,0
2021-02-23,Portugal,Pfizer/BioNTech,19024
2021-02-23,Portugal,Sinopharm/Beijing,3
2021-02-23,Portugal,Sinovac,16
2021-02-23,Portugal,Covaxin,0
2021-02-23,Portugal,Johnson&Johnson,1
2021-02-23,Portugal,Oxford/AstraZeneca,8839
2021-02-23,Portugal,Novavax,0
2021-02-24,Portugal,Pfizer/BioNTech,19024
2021-02-24,Portugal,Sinopharm/Beijing,3
2021-02-24,Portugal,Sinovac,16
2021-02-24,Portugal,Covaxin,0
2021-02-24,Portugal,Johnson&Johnson,1
2021-02-24,Portugal,Oxford/AstraZeneca,8839
2021-02-24,Portugal,Novavax,0
2021-02-25,Portugal,Pfizer/BioNTech,19024
2021-02-25,Portugal,Sinopharm/Beijing,3
2021-02-25,Portugal,Sinovac,16
2021-02-25,Portugal,Covaxin,0
2021-02-25,Portugal,Johnson&Johnson,1
2021-02-25,Portugal,Oxford/AstraZeneca,8839
2021-02-25,Portugal,Novavax,0
2021-02-26,Portugal,Pfizer/BioNTech,15168
2021-02-26,Portugal,Sinopharm/Beijing,4
2021-02-26,Portugal,Sinovac,22
2021-02-26,Portugal,Covaxin,0
2021-02-26,Portugal,Johnson&Johnson,9
2021-02-26,Portugal,Oxford/AstraZeneca,5801
2021-02-26,Portugal,Novavax,0
2021-02-27,Portugal,Pfizer/BioNTech,15168
2021-02-27,Portugal,Sinopharm/Beijing,4
2021-02-27,Portugal,Sinovac,22
2021-02-27,Portugal,Covaxin,0
2021-02-27,Portugal,Johnson&Johnson,9
2021-02-27,Portugal,Oxford/AstraZeneca,5801
2021-02-27,Portugal,Novavax,0
2021-02-28,Portugal,Pfizer/BioNTech,15168
2021-02-28,Portugal,Sinopharm/Beijing,4
2021-02-28,Portugal,Sinovac,22
2021-02-28,Portugal,Covaxin,0
2021-02-28,Portugal,Johnson&Johnson,9
2021-02-28,Portugal,Oxford/AstraZeneca,5801
2021-02-28,Portugal,Novavax,0
2021-03-01,Portugal,Pfizer/BioNTech,15168
2021-03-01,Portugal,Sinopharm/Beijing,4
2021-03-01,Portugal,Sinovac,22
2021-03-01,Portugal,Covaxin,0
2021-03-01,Portugal,Johnson&Johnson,9
2021-03-01,Portugal,Oxford/AstraZeneca,5801
2021-03-01,Portugal,Novavax,0
2021-03-02,Portugal,Pfizer/BioNTech,15168
2021-03-02,Portugal,Sinopharm/Beijing,4
2021-03-02,Portugal,Sinovac,22
2021-03-02,Portugal,Covaxin,0
2021-03-02,Portugal,Johnson&Johnson,9
2021-03-02,Portugal,Oxford/AstraZeneca,5801
2021-03-02,Portugal,Novavax,0
2021-03-03,Portugal,Pfizer/BioNTech,15168
2021-03-03,Portugal,Sinopharm/Beijing,4
2021-03-03,Portugal,Sinovac,22
2021-03-03,Portugal,Covaxin,0
2021-03-03,Portugal,Johnson&Johnson,9
2021-03-03,Portugal,Oxford/AstraZeneca,5801
2021-03-03,Portugal,Novavax,0
2021-03-04,Portugal,Pfizer/BioNTech,15168
2021-03-04,Portugal,Sinopharm/Beijing,4
2021-03-04,Portugal,Sinovac,22
2021-03-04,Portugal,Covaxin,0
2021-03-04,Portugal,Johnson&Johnson,9
2021-03-04,Portugal,Oxford/AstraZeneca,5801
2021-03-04,Portugal,Novavax,0
2021-03-05,Portugal,Pfizer/BioNTech,13162
2021-03-05,Portugal,Sinopharm/Beijing,5
2021-03-05,Portugal,Sinovac,22
2021-03-05,Portugal,Covaxin,0
2021-03-05,Portugal,Johnson&Johnson,14
2021-03-05,Portugal,Oxford/AstraZeneca,7828
2021-03-05,Portugal,Novavax,0
2021-03-06,Portugal,Pfizer/BioNTech,13162
2021-03-06,Portugal,Sinopharm/Beijing,5
2021-03-06,Portugal,Sinovac,22
2021-03-06,Portugal,Covaxin,0
2021-03-06,Portugal,Johnson&Johnson,14
2021-03-06,Portugal,Oxford/AstraZeneca,7828
2021-03-06,Portugal,Novavax,0
2021-03-07,Portugal,Pfizer/BioNTech,13162
2021-03-07,Portugal,Sinopharm/Beijing,5
2021-03-07,Portugal,Sinovac,22
2021-03-07,Portugal,Covaxin,0
2021-03-07,Portugal,Johnson&Johnson,14
2021-03-07,Portugal,Oxford/AstraZeneca,7828
2021-03-07,Portugal,Novavax,0
2021-03-08,Portugal,Pfizer/BioNTech,13162
2021-03-08,Portugal,Sinopharm/Beijing,5
2021-03-08,Portugal,Sinovac,22
2021-03-08,Portugal,Covaxin,0
2021-03-08,Portugal,Johnson&Johnson,14
2021-03-08,Portugal,Oxford/AstraZeneca,7828
2021-03-08,Portugal,Novavax,0
2021-03-09,Portugal,Pfizer/BioNTech,13162
2021-03-09,Portugal,Sinopharm/Beijing,5
2021-03-09,Portugal,Sinovac,22
2021-03-09,Portugal,Covaxin,0
2021-03-09,Portugal,Johnson&Johnson,14
2021-03-09,Portugal,Oxford/AstraZeneca,7828
2021-03-09,Portugal,Novavax,0
2021-03-10,Portugal,Pfizer/BioNTech,13162
2021-03-10,Portugal,Sinopharm/Beijing,5
2021-03-10,Portugal,Sinovac,22
2021-03-10,Portugal,Covaxin,0
2021-03-10,Portugal,Johnson&Johnson,14
2021-03-10,Portugal,Oxford/AstraZeneca,7828
2021-03-10,Portugal,Novavax,0
2021-03-11,Portugal,Pfizer/BioNTech,13162
2021-03-11,Portugal,Sinopharm/Beijing,5
2021-03-11,Portugal,Sinovac,22
2021-03-11,Portugal,Covaxin,0
2021-03-11,Portugal,Johnson&Johnson,14
2021-03-11,Portugal,Oxford/AstraZeneca,7828
2021-03-11,Portugal,Novavax,0
2021-03-12,Portugal,Pfizer/BioNTech,20488
2021-03-12,Portugal,Sinopharm/Beijing,4
2021-03-12,Portugal,Sinovac,31
2021-03-12,Portugal,Covaxin,0
2021-03-12,Portugal,Johnson&Johnson,12
2021-03-12,Portugal,Oxford/AstraZeneca,3631
2021-03-12,Portugal,Novavax,0
2021-03-13,Portugal,Pfizer/BioNTech,20488
2021-03-13,Portugal,Sinopharm/Beijing,4
2021-03-13,Portugal,Sinovac,31
2021-03-13,Portugal,Covaxin,0
2021-03-13,Portugal,Johnson&Johnson,12
2021-03-13,Portugal,Oxford/AstraZeneca,3631
2021-03-13,Portugal,Novavax,0
2021-03-14,Portugal,Pfizer/BioNTech,20488
2021-03-14,Portugal,Sinopharm/Beijing,4
2021-03-14,Portugal,Sinovac,31
2021-03-14,Portugal,Covaxin,0
2021-03-14,Portugal,Johnson&Johnson,12
2021-03-14,Portugal,Oxford/AstraZeneca,3631
2021-03-14,Portugal,Novavax,0
2021-03-15,Portugal,Pfizer/BioNTech,20488
2021-03-15,Portugal,Sinopharm/Beijing,4
2021-03-15,Portugal,Sinovac,31
2021-03-15,Portugal,Covaxin,0
2021-03-15,Portugal,Johnson&Johnson,12
2021-03-15,Portugal,Oxford/AstraZeneca,3631
2021-03-15,Portugal,Novavax,0
2021-03-16,Portugal,Pfizer/BioNTech,20488
2021-03-16,Portugal,Sinopharm/Beijing,4
2021-03-16,Portugal,Sinovac,31
2021-03-16,Portugal,Covaxin,0
2021-03-16,Portugal,Johnson&Johnson,12
2021-03-16,Portugal,Oxford/AstraZeneca,3631
2021-03-16,Portugal,Novavax,0
2021-03-17,Portugal,Pfizer/BioNTech,20488
2021-03-17,Portugal,Sinopharm/Beijing,4
2021-03-17,Portugal,Sinovac,31
2021-03-17,Portugal,Covaxin,0
2021-03-17,Portugal,Johnson&Johnson,12
2021-03-17,Portugal,Oxford/AstraZeneca,3631
2021-03-17,Portugal,Novavax,0
2021-03-18,Portugal,Pfizer/BioNTech,20488
2021-03-18,Portugal,Sinopharm/Beijing,4
2021-03-18,Portugal,Sinovac,31
2021-03-18,Portugal,Covaxin,0
2021-03-18,Portugal,Johnson&Johnson,12
2021-03-18,Portugal,Oxford/AstraZeneca,3631
2021-03-18,Portugal,Novavax,0
2021-03-19,Portugal,Pfizer/BioNTech,21843
2021-03-19,Portugal,Sinopharm/Beijing,10
2021-03-19,Portugal,Sinovac,52
2021-03-19,Portugal,Covaxin,0
2021-03-19,Portugal,Johnson&Johnson,9
2021-03-19,Portugal,Oxford/AstraZeneca,16849
2021-03-19,Portugal,Novavax,0
2021-03-20,Portugal,Pfizer/BioNTech,21843
2021-03-20,Portugal,Sinopharm/Beijing,10
2021-03-20,Portugal,Sinovac,52
2021-03-20,Portugal,Covaxin,0
2021-03-20,Portugal,Johnson&Johnson,9
2021-03-20,Portugal,Oxford/AstraZeneca,16849
2021-03-20,Portugal,Novavax,0
2021-03-21,Portugal,Pfizer/BioNTech,21843
2021-03-21,Portugal,Sinopharm/Beijing,10
2021-03-21,Portugal,Sinovac,52
2021-03-21,Portugal,Covaxin,0
2021-03-21,Portugal,Johnson&Johnson,9
2021-03-21,Portugal,Oxford/AstraZeneca,16849
2021-03-21,Portugal,Novavax,0
2021-03-22,Portugal,Pfizer/BioNTech,21843
2021-03-22,Portugal,Sinopharm/Beijing,10
2021-03-22,Portugal,Sinovac,52
2021-03-22,Portugal,Covaxin,0
2021-03-22,Portugal,Johnson&Johnson,9
2021-03-22,Portugal,Oxford/AstraZeneca,16849
2021-03-22,Portugal,Novavax,0
2021-03-23,Portugal,Pfizer/BioNTech,21843
2021-03-23,Portugal,Sinopharm/Beijing,10
2021-03-23,Portugal,Sinovac,52
2021-03-23,Portugal,Covaxin,0
2021-03-23,Portugal,Johnson&Johnson,9
2021-03-23,Portugal,Oxford/AstraZeneca,16849
2021-03-23,Portugal,Novavax,0
2021-03-24,Portugal,Pfizer/BioNTech,21843
2021-03-24,Portugal,Sinopharm/Beijing,10
2021-03-24,Portugal,Sinovac,52
2021-03-24,Portugal,Covaxin,0
2021-03-24,Portugal,Johnson&Johnson,9
2021-03-24,Portugal,Oxford/AstraZeneca,16849
2021-03-24,Portugal,Novavax,0
2021-03-25,Portugal,Pfizer/BioNTech,21843
2021-03-25,Portugal,Sinopharm/Beijing,10
2021-03-25,Portugal,Sinovac,52
2021-03-25,Portugal,Covaxin,0
2021-03-25,Portugal,Johnson&Johnson,9
2021-03-25,Portugal,Oxford/AstraZeneca,16849
2021-03-25,Portugal,Novavax,0
2021-03-26,Portugal,Pfizer/BioNTech,20091
2021-03-26,Portugal,Sinopharm/Beijing,6
2021-03-26,Portugal,Sinovac,50
2021-03-26,Portugal,Covaxin,0
2021-03-26,Portugal,Johnson&Johnson,16
2021-03-26,Portugal,Oxford/AstraZeneca,7751
2021-03-26,Portugal,Novavax,0
2021-03-27,Portugal,Pfizer/BioNTech,20091
2021-03-27,Portugal,Sinopharm/Beijing,6
2021-03-27,Portugal,Sinovac,50
2021-03-27,Portugal,Covaxin,0
2021-03-27,Portugal,Johnson&Johnson,16
2021-03-27,Portugal,Oxford/AstraZeneca,7751
2021-03-27,Portugal,Novavax,0
2021-03-28,Portugal,Pfizer/BioNTech,20091
2021-03-28,Portugal,Sinopharm/Beijing,6
2021-03-28,Portugal,Sinovac,50
2021-03-28,Portugal,Covaxin,0
2021-03-28,Portugal,Johnson&Johnson,16
2021-03-28,Portugal,Oxford/AstraZeneca,7751
2021-03-28,Portugal,Novavax,0
2021-03-29,Portugal,Pfizer/BioNTech,20091
2021-03-29,Portugal,Sinopharm/Beijing,6
2021-03-29,Portugal,Sinovac,50
2021-03-29,Portugal,Covaxin,0
2021-03-29,Portugal,Johnson&Johnson,16
2021-03-29,Portugal,Oxford/AstraZeneca,7751
2021-03-29,Portugal,Novavax,0
2021-03-30,Portugal,Pfizer/BioNTech,20091
2021-03-30,Portugal,Sinopharm/Beijing,6
2021-03-30,Portugal,Sinovac,50
2021-03-30,Portugal,Covaxin,0
2021-03-30,Portugal,Johnson&Johnson,16
2021-03-30,Portugal,Oxford/AstraZeneca,7751
2021-03-30,Portugal,Novavax,0
2021-03-31,Portugal,Pfizer/BioNTech,20091
2021-03-31,Portugal,Sinopharm/Beijing,6
2021-03-31,Portugal,Sinovac,50
2021-03-31,Portugal,Covaxin,0
2021-03-31,Portugal,Johnson&Johnson,16
2021-03-31,Portugal,Oxford/AstraZeneca,7751
2021-03-31,Portugal,Novavax,0
2021-04-01,Portugal,Pfizer/BioNTech,20091
2021-04-01,Portugal,Sinopharm/Beijing,6
2021-04-01,Portugal,Sinovac,50
2021-04-01,Portugal,Covaxin,0
2021-04-01,Portugal,Johnson&Johnson,16
2021-04-01,Portugal,Oxford/AstraZeneca,7751
2021-04-01,Portugal,Novavax,0
2021-04-02,Portugal,Pfizer/BioNTech,31679
2021-04-02,Portugal,Sinopharm/Beijing,7
2021-04-02,Portugal,Sinovac,41
2021-04-02,Portugal,Covaxin,0
2021-04-02,Portugal,Johnson&Johnson,32
2021-04-02,Portugal,Oxford/AstraZeneca,7745
2021-04-02,Portugal,Novavax,0
2021-04-03,Portugal,Pfizer/BioNTech,31679
2021-04-03,Portugal,Sinopharm/Beijing,7
2021-04-03,Portugal,Sinovac,41
2021-04-03,Portugal,Covaxin,0
2021-04-03,Portugal,Johnson&Johnson,32
2021-04-03,Portugal,Oxford/AstraZeneca,7745
2021-04-03,Portugal,Novavax,0
2021-04-04,Portugal,Pfizer/BioNTech,31679
2021-04-04,Portugal,Sinopharm/Beijing,7
2021-04-04,Portugal,Sinovac,41
2021-04-04,Portugal,Covaxin,0
2021-04-04,Portugal,Johnson&Johnson,32
2021-04-04,Portugal,Oxford/AstraZeneca,7745
2021-04-04,Portugal,Novavax,0
2021-04-05,Portugal,Pfizer/BioNTech,31679
2021-04-05,Portugal,Sinopharm/Beijing,7
2021-04-05,Portugal,Sinovac,41
2021-04-05,Portugal,Covaxin,0
2021-04-05,Portugal,Johnson&Johnson,32
2021-04-05,Portugal,Oxford/AstraZeneca,7745
2021-04-05,Portugal,Novavax,0
2021-04-06,Portugal,Pfizer/BioNTech,31679
2021-04-06,Portugal,Sinopharm/Beijing,7
2021-04-06,Portugal,Sinovac,41
2021-04-06,Portugal,Covaxin,0
2021-04-06,Portugal,Johnson&Johnson,32
2021-04-06,Portugal,Oxford/AstraZeneca,7745
2021-04-06,Portugal,Novavax,0
2021-04-07,Portugal,Pfizer/BioNTech,31679
2021-04-07,Portugal,Sinopharm/Beijing,7
2021-04-07,Portugal,Sinovac,41
2021-04-07,Portugal,Covaxin,0
2021-04-07,Portugal,Johnson&Johnson,32
2021-04-07,Portugal,Oxford/AstraZeneca,7745
2021-04-07,Portugal,Novavax,0
2021-04-08,Portugal,Pfizer/BioNTech,31679
2021-04-08,Portugal,Sinopharm/Beijing,7
2021-04-08,Portugal,Sinovac,41
2021-04-08,Portugal,Covaxin,0
2021-04-08,Portugal,Johnson&Johnson,32
2021-04-08,Portugal,Oxford/AstraZeneca,7745
2021-04-08,Portugal,Novavax,0
2021-04-09,Portugal,Pfizer/BioNTech,40753
2021-04-09,Portugal,Sinopharm/Beijing,9
2021-04-09,Portugal,Sinovac,34
2021-04-09,Portugal,Covaxin,0
2021-04-09,Portugal,Johnson&Johnson,11
2021-04-09,Portugal,Oxford/AstraZeneca,24064
2021-04-09,Portugal,Novavax,0
2021-04-10,Portugal,Pfizer/BioNTech,40753
2021-04-10,Portugal,Sinopharm/Beijing,9
2021-04-10,Portugal,Sinovac,34
2021-04-10,Portugal,Covaxin,0
2021-04-10,Portugal,Johnson&Johnson,11
2021-04-10,Portugal,Oxford/AstraZeneca,24064
2021-04-10,Portugal,Novavax,0
2021-04-11,Portugal,Pfizer/BioNTech,40753
2021-04-11,Portugal,Sinopharm/Beijing,9
2021-04-11,Portugal,Sinovac,34
2021-04-11,Portugal,Covaxin,0
2021-04-11,Portugal,Johnson&Johnson,11
2021-04-11,Portugal,Oxford/AstraZeneca,24064
2021-04-11,Portugal,Novavax,0
2021-04-12,Portugal,Pfizer/BioNTech,40753
2021-04-12,Portugal,Sinopharm/Beijing,9
2021-04-12,Portugal,Sinovac,34
2021-04-12,Portugal,Covaxin,0
2021-04-12,Portugal,Johnson&Johnson,11
2021-04-12,Portugal,Oxford/AstraZeneca,24064
2021-04-12,Portugal,Novavax,0
2021-04-13,Portugal,Pfizer/BioNTech,40753
2021-04-13,Portugal,Sinopharm/Beijing,9
2021-04-13,Portugal,Sinovac,34
2021-04-13,Portugal,Covaxin,0
2021-04-13,Portugal,Johnson&Johnson,11
2021-04-13,Portugal,Oxford/AstraZeneca,24064
2021-04-13,Portugal,Novavax,0
2021-04-14,Portugal,Pfizer/BioNTech,40753
2021-04-14,Portugal,Sinopharm/Beijing,9
2021-04-14,Portugal,Sinovac,34
2021-04-14,Portugal,Covaxin,0
2021-04-14,Portugal,Johnson&Johnson,11
2021-04-14,Portugal,Oxford/AstraZeneca,24064
2021-04-14,Portugal,Novavax,0
2021-04-15,Portugal,Pfizer/BioNTech,40753
2021-04-15,Portugal,Sinopharm/Beijing,9
2021-04-15,Portugal,Sinovac,34
2021-04-15,Portugal,Covaxin,0
2021-04-15,Portugal,Johnson&Johnson,11
2021-04-15,Portugal,Oxford/AstraZeneca,24064
2021-04-15,Portugal,Novavax,0
2021-04-16,Portugal,Pfizer/BioNTech,36655
2021-04-16,Portugal,Sinopharm/Beijing,8
2021-04-16,Portugal,Sinovac,46
2021-04-16,Portugal,Covaxin,0
2021-04-16,Portugal,Johnson&Johnson,3
2021-04-16,Portugal,Oxford/AstraZeneca,11572
2021-04-16,Portugal,Novavax,1
2021-04-17,Portugal,Pfizer/BioNTech,36655
2021-04-17,Portugal,Sinopharm/Beijing,8
2021-04-17,Portugal,Sinovac,46
2021-04-17,Portugal,Covaxin,0
2021-04-17,Portugal,Johnson&Johnson,3
2021-04-17,Portugal,Oxford/AstraZeneca,11572
2021-04-17,Portugal,Novavax,1
2021-04-18,Portugal,Pfizer/BioNTech,36655
2021-04-18,Portugal,Sinopharm/Beijing,8
2021-04-18,Portugal,Sinovac,46
2021-04-18,Portugal,Covaxin,0
2021-04-18,Portugal,Johnson&Johnson,3
2021-04-18,Portugal,Oxford/AstraZeneca,11572
2021-04-18,Portugal,Novavax,1
2021-04-19,Portugal,Pfizer/BioNTech,36655
2021-04-19,Portugal,Sinopharm/Beijing,8
2021-04-19,Portugal,Sinovac,46
2021-04-19,Portugal,Covaxin,0
2021-04-19,Portugal,Johnson&Johnson,3
2021-04-19,Portugal,Oxford/AstraZeneca,11572
2021-04-19,Portugal,Novavax,1
2021-04-20,Portugal,Pfizer/BioNTech,36655
2021-04-20,Portugal,Sinopharm/Beijing,8
2021-04-20,Portugal,Sinovac,46
2021-04-20,Portugal,Covaxin,0
2021-04-20,Portugal,Johnson&Johnson,3
2021-04-20,Portugal,Oxford/AstraZeneca,11572
2021-04-20,Portugal,Novavax,1
2021-04-21,Portugal,Pfizer/BioNTech,36655
2021-04-21,Portugal,Sinopharm/Beijing,8
2021-04-21,Portugal,Sinovac,46
2021-04-21,Portugal,Covaxin,0
2021-04-21,Portugal,Johnson&Johnson,3
2021-04-21,Portugal,Oxford/AstraZeneca,11572
2021-04-21,Portugal,Novavax,1
2021-04-22,Portugal,Pfizer/BioNTech,36655
2021-04-22,Portugal,Sinopharm/Beijing,8
2021-04-22,Portugal,Sinovac,46
2021-04-22,Portugal,Covaxin,0
2021-04-22,Portugal,Johnson&Johnson,3
2021-04-22,Portugal,Oxford/AstraZeneca,11572
2021-04-22,Portugal,Novavax,1
2021-04-23,Portugal,Pfizer/BioNTech,43004
2021-04-23,Portugal,Sinopharm/Beijing,9
2021-04-23,Portugal,Sinovac,37
2021-04-23,Portugal,Covaxin,0
2021-04-23,Portugal,Johnson&Johnson,211
2021-04-23,Portugal,Oxford/AstraZeneca,15667
2021-04-23,Portugal,Novavax,0
2021-04-24,Portugal,Pfizer/BioNTech,43004
2021-04-24,Portugal,Sinopharm/Beijing,9
2021-04-24,Portugal,Sinovac,37
2021-04-24,Portugal,Covaxin,0
2021-04-24,Portugal,Johnson&Johnson,211
2021-04-24,Portugal,Oxford/AstraZeneca,15667
2021-04-24,Portugal,Novavax,0
2021-04-25,Portugal,Pfizer/BioNTech,43004
2021-04-25,Portugal,Sinopharm/Beijing,9
2021-04-25,Portugal,Sinovac,37
2021-04-25,Portugal,Covaxin,0
2021-04-25,Portugal,Johnson&Johnson,211
2021-04-25,Portugal,Oxford/AstraZeneca,15667
2021-04-25,Portugal,Novavax,0
2021-04-26,Portugal,Pfizer/BioNTech,43004
2021-04-26,Portugal,Sinopharm/Beijing,9
2021-04-26,Portugal,Sinovac,37
2021-04-26,Portugal,Covaxin,0
2021-04-26,Portugal,Johnson&Johnson,211
2021-04-26,Portugal,Oxford/AstraZeneca,15667
2021-04-26,Portugal,Novavax,0
2021-04-27,Portugal,Pfizer/BioNTech,43004
2021-04-27,Portugal,Sinopharm/Beijing,9
2021-04-27,Portugal,Sinovac,37
2021-04-27,Portugal,Covaxin,0
2021-04-27,Portugal,Johnson&Johnson,211
2021-04-27,Portugal,Oxford/AstraZeneca,15667
2021-04-27,Portugal,Novavax,0
2021-04-28,Portugal,Pfizer/BioNTech,43004
2021-04-28,Portugal,Sinopharm/Beijing,9
2021-04-28,Portugal,Sinovac,37
2021-04-28,Portugal,Covaxin,0
2021-04-28,Portugal,Johnson&Johnson,211
2021-04-28,Portugal,Oxford/AstraZeneca,15667
2021-04-28,Portugal,Novavax,0
2021-04-29,Portugal,Pfizer/BioNTech,43004
2021-04-29,Portugal,Sinopharm/Beijing,9
2021-04-29,Portugal,Sinovac,37
2021-04-29,Portugal,Covaxin,0
2021-04-29,Portugal,Johnson&Johnson,211
2021-04-29,Portugal,Oxford/AstraZeneca,15667
2021-04-29,Portugal,Novavax,0
2021-04-30,Portugal,Pfizer/BioNTech,54153
2021-04-30,Portugal,Sinopharm/Beijing,7
2021-04-30,Portugal,Sinovac,18
2021-04-30,Portugal,Covaxin,0
2021-04-30,Portugal,Johnson&Johnson,1807
2021-04-30,Portugal,Oxford/AstraZeneca,21365
2021-04-30,Portugal,Novavax,0
2021-05-01,Portugal,Pfizer/BioNTech,54153
2021-05-01,Portugal,Sinopharm/Beijing,7
2021-05-01,Portugal,Sinovac,18
2021-05-01,Portugal,Covaxin,0
2021-05-01,Portugal,Johnson&Johnson,1807
2021-05-01,Portugal,Oxford/AstraZeneca,21365
2021-05-01,Portugal,Novavax,0
2021-05-02,Portugal,Pfizer/BioNTech,54153
2021-05-02,Portugal,Sinopharm/Beijing,7
2021-05-02,Portugal,Sinovac,18
2021-05-02,Portugal,Covaxin,0
2021-05-02,Portugal,Johnson&Johnson,1807
2021-05-02,Portugal,Oxford/AstraZeneca,21365
2021-05-02,Portugal,Novavax,0
2021-05-03,Portugal,Pfizer/BioNTech,54153
2021-05-03,Portugal,Sinopharm/Beijing,7
2021-05-03,Portugal,Sinovac,18
2021-05-03,Portugal,Covaxin,0
2021-05-03,Portugal,Johnson&Johnson,1807
2021-05-03,Portugal,Oxford/AstraZeneca,21365
2021-05-03,Portugal,Novavax,0
2021-05-04,Portugal,Pfizer/BioNTech,54153
2021-05-04,Portugal,Sinopharm/Beijing,7
2021-05-04,Portugal,Sinovac,18
2021-05-04,Portugal,Covaxin,0
2021-05-04,Portugal,Johnson&Johnson,1807
2021-05-04,Portugal,Oxford/AstraZeneca,21365
2021-05-04,Portugal,Novavax,0
2021-05-05,Portugal,Pfizer/BioNTech,54153
2021-05-05,Portugal,Sinopharm/Beijing,7
2021-05-05,Portugal,Sinovac,18
2021-05-05,Portugal,Covaxin,0
2021-05-05,Portugal,Johnson&Johnson,1807
2021-05-05,Portugal,Oxford/AstraZeneca,21365
2021-05-05,Portugal,Novavax,0
2021-05-06,Portugal,Pfizer/BioNTech,54153
2021-05-06,Portugal,Sinopharm/Beijing,7
2021-05-06,Portugal,Sinovac,18
2021-05-06,Portugal,Covaxin,0
2021-05-06,Portugal,Johnson&Johnson,1807
2021-05-06,Portugal,Oxford/AstraZeneca,21365
2021-05-06,Portugal,Novavax,0
2021-05-07,Portugal,Pfizer/BioNTech,54606
2021-05-07,Portugal,Sinopharm/Beijing,8
2021-05-07,Portugal,Sinovac,17
2021-05-07,Portugal,Covaxin,0
2021-05-07,Portugal,Johnson&Johnson,2578
2021-05-07,Portugal,Oxford/AstraZeneca,18197
2021-05-07,Portugal,Novavax,0
2021-05-08,Portugal,Pfizer/BioNTech,54606
2021-05-08,Portugal,Sinopharm/Beijing,8
2021-05-08,Portugal,Sinovac,17
2021-05-08,Portugal,Covaxin,0
2021-05-08,Portugal,Johnson&Johnson,2578
2021-05-08,Portugal,Oxford/AstraZeneca,18197
2021-05-08,Portugal,Novavax,0
2021-05-09,Portugal,Pfizer/BioNTech,54606
2021-05-09,Portugal,Sinopharm/Beijing,8
2021-05-09,Portugal,Sinovac,17
2021-05-09,Portugal,Covaxin,0
2021-05-09,Portugal,Johnson&Johnson,2578
2021-05-09,Portugal,Oxford/AstraZeneca,18197
2021-05-09,Portugal,Novavax,0
2021-05-10,Portugal,Pfizer/BioNTech,54606
2021-05-10,Portugal,Sinopharm/Beijing,8
2021-05-10,Portugal,Sinovac,17
2021-05-10,Portugal,Covaxin,0
2021-05-10,Portugal,Johnson&Johnson,2578
2021-05-10,Portugal,Oxford/AstraZeneca,18197
2021-05-10,Portugal,Novavax,0
2021-05-11,Portugal,Pfizer/BioNTech,54606
2021-05-11,Portugal,Sinopharm/Beijing,8
2021-05-11,Portugal,Sinovac,17
2021-05-11,Portugal,Covaxin,0
2021-05-11,Portugal,Johnson&Johnson,2578
2021-05-11,Portugal,Oxford/AstraZeneca,18197
2021-05-11,Portugal,Novavax,0
2021-05-12,Portugal,Pfizer/BioNTech,54606
2021-05-12,Portugal,Sinopharm/Beijing,8
2021-05-12,Portugal,Sinovac,17
2021-05-12,Portugal,Covaxin,0
2021-05-12,Portugal,Johnson&Johnson,2578
2021-05-12,Portugal,Oxford/AstraZeneca,18197
2021-05-12,Portugal,Novavax,0
2021-05-13,Portugal,Pfizer/BioNTech,54606
2021-05-13,Portugal,Sinopharm/Beijing,8
2021-05-13,Portugal,Sinovac,17
2021-05-13,Portugal,Covaxin,0
2021-05-13,Portugal,Johnson&Johnson,2578
2021-05-13,Portugal,Oxford/AstraZeneca,18197
2021-05-13,Portugal,Novavax,0
2021-05-14,Portugal,Pfizer/BioNTech,46420
2021-05-14,Portugal,Sinopharm/Beijing,8
2021-05-14,Portugal,Sinovac,21
2021-05-14,Portugal,Covaxin,0
2021-05-14,Portugal,Johnson&Johnson,3464
2021-05-14,Portugal,Oxford/AstraZeneca,17517
2021-05-14,Portugal,Novavax,0
2021-05-15,Portugal,Pfizer/BioNTech,46420
2021-05-15,Portugal,Sinopharm/Beijing,8
2021-05-15,Portugal,Sinovac,21
2021-05-15,Portugal,Covaxin,0
2021-05-15,Portugal,Johnson&Johnson,3464
2021-05-15,Portugal,Oxford/AstraZeneca,17517
2021-05-15,Portugal,Novavax,0
2021-05-16,Portugal,Pfizer/BioNTech,46420
2021-05-16,Portugal,Sinopharm/Beijing,8
2021-05-16,Portugal,Sinovac,21
2021-05-16,Portugal,Covaxin,0
2021-05-16,Portugal,Johnson&Johnson,3464
2021-05-16,Portugal,Oxford/AstraZeneca,17517
2021-05-16,Portugal,Novavax,0
2021-05-17,Portugal,Pfizer/BioNTech,46420
2021-05-17,Portugal,Sinopharm/Beijing,8
2021-05-17,Portugal,Sinovac,21
2021-05-17,Portugal,Covaxin,0
2021-05-17,Portugal,Johnson&Johnson,3464
2021-05-17,Portugal,Oxford/AstraZeneca,17517
2021-05-17,Portugal,Novavax,0
2021-05-18,Portugal,Pfizer/BioNTech,46420
2021-05-18,Portugal,Sinopharm/Beijing,8
2021-05-18,Portugal,Sinovac,21
2021-05-18,Portugal,Covaxin,0
2021-05-18,Portugal,Johnson&Johnson,3464
2021-05-18,Portugal,Oxford/AstraZeneca,17517
2021-05-18,Portugal,Novavax,0
2021-05-19,Portugal,Pfizer/BioNTech,46420
2021-05-19,Portugal,Sinopharm/Beijing,8
2021-05-19,Portugal,Sinovac,21
2021-05-19,Portugal,Covaxin,0
2021-05-19,Portugal,Johnson&Johnson,3464
2021-05-19,Portugal,Oxford/AstraZeneca,17517
2021-05-19,Portugal,Novavax,0
2021-05-20,Portugal,Pfizer/BioNTech,46420
2021-05-20,Portugal,Sinopharm/Beijing,8
2021-05-20,Portugal,Sinovac,21
2021-05-20,Portugal,Covaxin,0
2021-05-20,Portugal,Johnson&Johnson,3464
2021-05-20,Portugal,Oxford/AstraZeneca,17517
2021-05-20,Portugal,Novavax,0
2021-05-21,Portugal,Pfizer/BioNTech,55300
2021-05-21,Portugal,Sinopharm/Beijing,10
2021-05-21,Portugal,Sinovac,12
2021-05-21,Portugal,Covaxin,1
2021-05-21,Portugal,Johnson&Johnson,7123
2021-05-21,Portugal,Oxford/AstraZeneca,7851
2021-05-21,Portugal,Novavax,0
2021-05-22,Portugal,Pfizer/BioNTech,55300
2021-05-22,Portugal,Sinopharm/Beijing,10
2021-05-22,Portugal,Sinovac,12
2021-05-22,Portugal,Covaxin,1
2021-05-22,Portugal,Johnson&Johnson,7123
2021-05-22,Portugal,Oxford/AstraZeneca,7851
2021-05-22,Portugal,Novavax,0
2021-05-23,Portugal,Pfizer/BioNTech,55300
2021-05-23,Portugal,Sinopharm/Beijing,10
2021-05-23,Portugal,Sinovac,12
2021-05-23,Portugal,Covaxin,1
2021-05-23,Portugal,Johnson&Johnson,7123
2021-05-23,Portugal,Oxford/AstraZeneca,7851
2021-05-23,Portugal,Novavax,0
2021-05-24,Portugal,Pfizer/BioNTech,55300
2021-05-24,Portugal,Sinopharm/Beijing,10
2021-05-24,Portugal,Sinovac,12
2021-05-24,Portugal,Covaxin,1
2021-05-24,Portugal,Johnson&Johnson,7123
2021-05-24,Portugal,Oxford/AstraZeneca,7851
2021-05-24,Portugal,Novavax,0
2021-05-25,Portugal,Pfizer/BioNTech,55300
2021-05-25,Portugal,Sinopharm/Beijing,10
2021-05-25,Portugal,Sinovac,12
2021-05-25,Portugal,Covaxin,1
2021-05-25,Portugal,Johnson&Johnson,7123
2021-05-25,Portugal,Oxford/AstraZeneca,7851
2021-05-25,Portugal,Novavax,0
2021-05-26,Portugal,Pfizer/BioNTech,55300
2021-05-26,Portugal,Sinopharm/Beijing,10
2021-05-26,Portugal,Sinovac,12
2021-05-26,Portugal,Covaxin,1
2021-05-26,Portugal,Johnson&Johnson,7123
2021-05-26,Portugal,Oxford/AstraZeneca,7851
2021-05-26,Portugal,Novavax,0
2021-05-27,Portugal,Pfizer/BioNTech,55300
2021-05-27,Portugal,Sinopharm/Beijing,10
2021-05-27,Portugal,Sinovac,12
2021-05-27,Portugal,Covaxin,1
2021-05-27,Portugal,Johnson&Johnson,7123
2021-05-27,Portugal,Oxford/AstraZeneca,7851
2021-05-27,Portugal,Novavax,0
2021-05-28,Portugal,Pfizer/BioNTech,57117
2021-05-28,Portugal,Sinopharm/Beijing,26
2021-05-28,Portugal,Sinovac,11
2021-05-28,Portugal,Covaxin,0
2021-05-28,Portugal,Johnson&Johnson,8162
2021-05-28,Portugal,Oxford/AstraZeneca,7031
2021-05-28,Portugal,Novavax,0
2021-05-29,Portugal,Pfizer/BioNTech,57117
2021-05-29,Portugal,Sinopharm/Beijing,26
2021-05-29,Portugal,Sinovac,11
2021-05-29,Portugal,Covaxin,0
2021-05-29,Portugal,Johnson&Johnson,8162
2021-05-29,Portugal,Oxford/AstraZeneca,7031
2021-05-29,Portugal,Novavax,0
2021-05-30,Portugal,Pfizer/BioNTech,57117
2021-05-30,Portugal,Sinopharm/Beijing,26
2021-05-30,Portugal,Sinovac,11
2021-05-30,Portugal,Covaxin,0
2021-05-30,Portugal,Johnson&Johnson,8162
2021-05-30,Portugal,Oxford/AstraZeneca,7031
2021-05-30,Portugal,Novavax,0
2021-05-31,Portugal,Pfizer/BioNTech,57117
2021-05-31,Portugal,Sinopharm/Beijing,26
2021-05-31,Portugal,Sinovac,11
2021-05-31,Portugal,Covaxin,0
2021-05-31,Portugal,Johnson&Johnson,8162
2021-05-31,Portugal,Oxford/AstraZeneca,7031
2021-05-31,Portugal,Novavax,0
2021-06-01,Portugal,Pfizer/BioNTech,57117
2021-06-01,Portugal,Sinopharm/Beijing,26
2021-06-01,Portugal,Sinovac,11
2021-06-01,Portugal,Covaxin,0
2021-06-01,Portugal,Johnson&Johnson,8162
2021-06-01,Portugal,Oxford/AstraZeneca,7031
2021-06-01,Portugal,Novavax,0
2021-06-02,Portugal,Pfizer/BioNTech,57117
2021-06-02,Portugal,Sinopharm/Beijing,26
2021-06-02,Portugal,Sinovac,11
2021-06-02,Portugal,Covaxin,0
2021-06-02,Portugal,Johnson&Johnson,8162
2021-06-02,Portugal,Oxford/AstraZeneca,7031
2021-06-02,Portugal,Novavax,0
2021-06-03,Portugal,Pfizer/BioNTech,57117
2021-06-03,Portugal,Sinopharm/Beijing,26
2021-06-03,Portugal,Sinovac,11
2021-06-03,Portugal,Covaxin,0
2021-06-03,Portugal,Johnson&Johnson,8162
2021-06-03,Portugal,Oxford/AstraZeneca,7031
2021-06-03,Portugal,Novavax,0
2021-06-04,Portugal,Pfizer/BioNTech,65872
2021-06-04,Portugal,Sinopharm/Beijing,15
2021-06-04,Portugal,Sinovac,11
2021-06-04,Portugal,Covaxin,1
2021-06-04,Portugal,Johnson&Johnson,4093
2021-06-04,Portugal,Oxford/AstraZeneca,4092
2021-06-04,Portugal,Novavax,0
2021-06-05,Portugal,Pfizer/BioNTech,65872
2021-06-05,Portugal,Sinopharm/Beijing,15
2021-06-05,Portugal,Sinovac,11
2021-06-05,Portugal,Covaxin,1
2021-06-05,Portugal,Johnson&Johnson,4093
2021-06-05,Portugal,Oxford/AstraZeneca,4092
2021-06-05,Portugal,Novavax,0
2021-06-06,Portugal,Pfizer/BioNTech,65872
2021-06-06,Portugal,Sinopharm/Beijing,15
2021-06-06,Portugal,Sinovac,11
2021-06-06,Portugal,Covaxin,1
2021-06-06,Portugal,Johnson&Johnson,4093
2021-06-06,Portugal,Oxford/AstraZeneca,4092
2021-06-06,Portugal,Novavax,0
2021-06-07,Portugal,Pfizer/BioNTech,65872
2021-06-07,Portugal,Sinopharm/Beijing,15
2021-06-07,Portugal,Sinovac,11
2021-06-07,Portugal,Covaxin,1
2021-06-07,Portugal,Johnson&Johnson,4093
2021-06-07,Portugal,Oxford/AstraZeneca,4092
2021-06-07,Portugal,Novavax,0
2021-06-08,Portugal,Pfizer/BioNTech,65872
2021-06-08,Portugal,Sinopharm/Beijing,15
2021-06-08,Portugal,Sinovac,11
2021-06-08,Portugal,Covaxin,1
2021-06-08,Portugal,Johnson&Johnson,4093
2021-06-08,Portugal,Oxford/AstraZeneca,4092
2021-06-08,Portugal,Novavax,0
2021-06-09,Portugal,Pfizer/BioNTech,65872
2021-06-09,Portugal,Sinopharm/Beijing,15
2021-06-09,Portugal,Sinovac,11
2021-06-09,Portugal,Covaxin,1
2021-06-09,Portugal,Johnson&Johnson,4093
2021-06-09,Portugal,Oxford/AstraZeneca,4092
2021-06-09,Portugal,Novavax,0
2021-06-10,Portugal,Pfizer/BioNTech,65872
2021-06-10,Portugal,Sinopharm/Beijing,15
2021-06-10,Portugal,Sinovac,11
2021-06-10,Portugal,Covaxin,1
2021-06-10,Portugal,Johnson&Johnson,4093
2021-06-10,Portugal,Oxford/AstraZeneca,4092
2021-06-10,Portugal,Novavax,0
2021-06-11,Portugal,Pfizer/BioNTech,77554
2021-06-11,Portugal,Sinopharm/Beijing,20
2021-06-11,Portugal,Sinovac,16
2021-06-11,Portugal,Covaxin,0
2021-06-11,Portugal,Johnson&Johnson,5165
2021-06-11,Portugal,Oxford/AstraZeneca,12320
2021-06-11,Portugal,Novavax,0
2021-06-12,Portugal,Pfizer/BioNTech,77554
2021-06-12,Portugal,Sinopharm/Beijing,20
2021-06-12,Portugal,Sinovac,16
2021-06-12,Portugal,Covaxin,0
2021-06-12,Portugal,Johnson&Johnson,5165
2021-06-12,Portugal,Oxford/AstraZeneca,12320
2021-06-12,Portugal,Novavax,0
2021-06-13,Portugal,Pfizer/BioNTech,77554
2021-06-13,Portugal,Sinopharm/Beijing,20
2021-06-13,Portugal,Sinovac,16
2021-06-13,Portugal,Covaxin,0
2021-06-13,Portugal,Johnson&Johnson,5165
2021-06-13,Portugal,Oxford/AstraZeneca,12320
2021-06-13,Portugal,Novavax,0
2021-06-14,Portugal,Pfizer/BioNTech,77554
2021-06-14,Portugal,Sinopharm/Beijing,20
2021-06-14,Portugal,Sinovac,16
2021-06-14,Portugal,Covaxin,0
2021-06-14,Portugal,Johnson&Johnson,5165
2021-06-14,Portugal,Oxford/AstraZeneca,12320
2021-06-14,Portugal,Novavax,0
2021-06-15,Portugal,Pfizer/BioNTech,77554
2021-06-15,Portugal,Sinopharm/Beijing,20
2021-06-15,Portugal,Sinovac,16
2021-06-15,Portugal,Covaxin,0
2021-06-15,Portugal,Johnson&Johnson,5165
2021-06-15,Portugal,Oxford/AstraZeneca,12320
2021-06-15,Portugal,Novavax,0
2021-06-16,Portugal,Pfizer/BioNTech,77554
2021-06-16,Portugal,Sinopharm/Beijing,20
2021-06-16,Portugal,Sinovac,16
2021-06-16,Portugal,Covaxin,0
2021-06-16,Portugal,Johnson&Johnson,5165
2021-06-16,Portugal,Oxford/AstraZeneca,12320
2021-06-16,Portugal,Novavax,0
2021-06-17,Portugal,Pfizer/BioNTech,77554
2021-06-17,Portugal,Sinopharm/Beijing,20
2021-06-17,Portugal,Sinovac,16
2021-06-17,Portugal,Covaxin,0
2021-06-17,Portugal,Johnson&Johnson,5165
2021-06-17,Portugal,Oxford/AstraZeneca,12320
2021-06-17,Portugal,Novavax,0
2021-06-18,Portugal,Pfizer/BioNTech,73255
2021-06-18,Portugal,Sinopharm/Beijing,24
2021-06-18,Portugal,Sinovac,24
2021-06-18,Portugal,Covaxin,1
2021-06-18,Portugal,Johnson&Johnson,6478
2021-06-18,Portugal,Oxford/AstraZeneca,13689
2021-06-18,Portugal,Novavax,0
2021-06-19,Portugal,Pfizer/BioNTech,73255
2021-06-19,Portugal,Sinopharm/Beijing,24
2021-06-19,Portugal,Sinovac,24
2021-06-19,Portugal,Covaxin,1
2021-06-19,Portugal,Johnson&Johnson,6478
2021-06-19,Portugal,Oxford/AstraZeneca,13689
2021-06-19,Portugal,Novavax,0
2021-06-20,Portugal,Pfizer/BioNTech,73255
2021-06-20,Portugal,Sinopharm/Beijing,24
2021-06-20,Portugal,Sinovac,24
2021-06-20,Portugal,Covaxin,1
2021-06-20,Portugal,Johnson&Johnson,6478
2021-06-20,Portugal,Oxford/AstraZeneca,13689
2021-06-20,Portugal,Novavax,0
2021-06-21,Portugal,Pfizer/BioNTech,73255
2021-06-21,Portugal,Sinopharm/Beijing,24
2021-06-21,Portugal,Sinovac,24
2021-06-21,Portugal,Covaxin,1
2021-06-21,Portugal,Johnson&Johnson,6478
2021-06-21,Portugal,Oxford/AstraZeneca,13689
2021-06-21,Portugal,Novavax,0
2021-06-22,Portugal,Pfizer/BioNTech,73255
2021-06-22,Portugal,Sinopharm/Beijing,24
2021-06-22,Portugal,Sinovac,24
2021-06-22,Portugal,Covaxin,1
2021-06-22,Portugal,Johnson&Johnson,6478
2021-06-22,Portugal,Oxford/AstraZeneca,13689
2021-06-22,Portugal,Novavax,0
2021-06-23,Portugal,Pfizer/BioNTech,73255
2021-06-23,Portugal,Sinopharm/Beijing,24
2021-06-23,Portugal,Sinovac,24
2021-06-23,Portugal,Covaxin,1
2021-06-23,Portugal,Johnson&Johnson,6478
2021-06-23,Portugal,Oxford/AstraZeneca,13689
2021-06-23,Portugal,Novavax,0
2021-06-24,Portugal,Pfizer/BioNTech,73255
2021-06-24,Portugal,Sinopharm/Beijing,24
2021-06-24,Portugal,Sinovac,24
2021-06-24,Portugal,Covaxin,1
2021-06-24,Portugal,Johnson&Johnson,6478
2021-06-24,Portugal,Oxford/AstraZeneca,13689
2021-06-24,Portugal,Novavax,0
2021-06-25,Portugal,Pfizer/BioNTech,77827
2021-06-25,Portugal,Sinopharm/Beijing,18
2021-06-25,Portugal,Sinovac,22
2021-06-25,Portugal,Covaxin,0
2021-06-25,Portugal,Johnson&Johnson,3865
2021-06-25,Portugal,Oxford/AstraZeneca,26872
2021-06-25,Portugal,Novavax,0
2021-06-26,Portugal,Pfizer/BioNTech,77827
2021-06-26,Portugal,Sinopharm/Beijing,18
2021-06-26,Portugal,Sinovac,22
2021-06-26,Portugal,Covaxin,0
2021-06-26,Portugal,Johnson&Johnson,3865
2021-06-26,Portugal,Oxford/AstraZeneca,26872
2021-06-26,Portugal,Novavax,0
2021-06-27,Portugal,Pfizer/BioNTech,77827
2021-06-27,Portugal,Sinopharm/Beijing,18
2021-06-27,Portugal,Sinovac,22
2021-06-27,Portugal,Covaxin,0
2021-06-27,Portugal,Johnson&Johnson,3865
2021-06-27,Portugal,Oxford/AstraZeneca,26872
2021-06-27,Portugal,Novavax,0
2021-06-28,Portugal,Pfizer/BioNTech,77827
2021-06-28,Portugal,Sinopharm/Beijing,18
2021-06-28,Portugal,Sinovac,22
2021-06-28,Portugal,Covaxin,0
2021-06-28,Portugal,Johnson&Johnson,3865
2021-06-28,Portugal,Oxford/AstraZeneca,26872
2021-06-28,Portugal,Novavax,0
2021-06-29,Portugal,Pfizer/BioNTech,77827
2021-06-29,Portugal,Sinopharm/Beijing,18
2021-06-29,Portugal,Sinovac,22
2021-06-29,Portugal,Covaxin,0
2021-06-29,Portugal,Johnson&Johnson,3865
2021-06-29,Portugal,Oxford/AstraZeneca,26872
2021-06-29,Portugal,Novavax,0
2021-06-30,Portugal,Pfizer/BioNTech,77827
2021-06-30,Portugal,Sinopharm/Beijing,18
2021-06-30,Portugal,Sinovac,22
2021-06-30,Portugal,Covaxin,0
2021-06-30,Portugal,Johnson&Johnson,3865
2021-06-30,Portugal,Oxford/AstraZeneca,26872
2021-06-30,Portugal,Novavax,0
2021-07-01,Portugal,Pfizer/BioNTech,77827
2021-07-01,Portugal,Sinopharm/Beijing,18
2021-07-01,Portugal,Sinovac,22
2021-07-01,Portugal,Covaxin,0
2021-07-01,Portugal,Johnson&Johnson,3865
2021-07-01,Portugal,Oxford/AstraZeneca,26872
2021-07-01,Portugal,Novavax,0
2021-07-02,Portugal,Pfizer/BioNTech,96804
2021-07-02,Portugal,Sinopharm/Beijing,28
2021-07-02,Portugal,Sinovac,18
2021-07-02,Portugal,Covaxin,0
2021-07-02,Portugal,Johnson&Johnson,5672
2021-07-02,Portugal,Oxford/AstraZeneca,36461
2021-07-02,Portugal,Novavax,0
2021-07-03,Portugal,Pfizer/BioNTech,96804
2021-07-03,Portugal,Sinopharm/Beijing,28
2021-07-03,Portugal,Sinovac,18
2021-07-03,Portugal,Covaxin,0
2021-07-03,Portugal,Johnson&Johnson,5672
2021-07-03,Portugal,Oxford/AstraZeneca,36461
2021-07-03,Portugal,Novavax,0
2021-07-04,Portugal,Pfizer/BioNTech,96804
2021-07-04,Portugal,Sinopharm/Beijing,28
2021-07-04,Portugal,Sinovac,18
2021-07-04,Portugal,Covaxin,0
2021-07-04,Portugal,Johnson&Johnson,5672
2021-07-04,Portugal,Oxford/AstraZeneca,36461
2021-07-04,Portugal,Novavax,0
2021-07-05,Portugal,Pfizer/BioNTech,96804
2021-07-05,Portugal,Sinopharm/Beijing,28
2021-07-05,Portugal,Sinovac,18
2021-07-05,Portugal,Covaxin,0
2021-07-05,Portugal,Johnson&Johnson,5672
2021-07-05,Portugal,Oxford/AstraZeneca,36461
2021-07-05,Portugal,Novavax,0
2021-07-06,Portugal,Pfizer/BioNTech,96804
2021-07-06,Portugal,Sinopharm/Beijing,28
2021-07-06,Portugal,Sinovac,18
2021-07-06,Portugal,Covaxin,0
2021-07-06,Portugal,Johnson&Johnson,5672
2021-07-06,Portugal,Oxford/AstraZeneca,36461
2021-07-06,Portugal,Novavax,0
2021-07-07,Portugal,Pfizer/BioNTech,96804
2021-07-07,Portugal,Sinopharm/Beijing,28
2021-07-07,Portugal,Sinovac,18
2021-07-07,Portugal,Covaxin,0
2021-07-07,Portugal,Johnson&Johnson,5672
2021-07-07,Portugal,Oxford/AstraZeneca,36461
2021-07-07,Portugal,Novavax,0
2021-07-08,Portugal,Pfizer/BioNTech,96804
2021-07-08,Portugal,Sinopharm/Beijing,28
2021-07-08,Portugal,Sinovac,18
2021-07-08,Portugal,Covaxin,0
2021-07-08,Portugal,Johnson&Johnson,5672
2021-07-08,Portugal,Oxford/AstraZeneca,36461
2021-07-08,Portugal,Novavax,0
2021-07-09,Portugal,Pfizer/BioNTech,59470
2021-07-09,Portugal,Sinopharm/Beijing,24
2021-07-09,Portugal,Sinovac,32
2021-07-09,Portugal,Covaxin,0
2021-07-09,Portugal,Johnson&Johnson,16646
2021-07-09,Portugal,Oxford/AstraZeneca,12705
2021-07-09,Portugal,Novavax,0
2021-07-10,Portugal,Pfizer/BioNTech,59470
2021-07-10,Portugal,Sinopharm/Beijing,24
2021-07-10,Portugal,Sinovac,32
2021-07-10,Portugal,Covaxin,0
2021-07-10,Portugal,Johnson&Johnson,16646
2021-07-10,Portugal,Oxford/AstraZeneca,12705
2021-07-10,Portugal,Novavax,0
2021-07-11,Portugal,Pfizer/BioNTech,59470
2021-07-11,Portugal,Sinopharm/Beijing,24
2021-07-11,Portugal,Sinovac,32
2021-07-11,Portugal,Covaxin,0
2021-07-11,Portugal,Johnson&Johnson,16646
2021-07-11,Portugal,Oxford/AstraZeneca,12705
2021-07-11,Portugal,Novavax,0
2021-07-12,Portugal,Pfizer/BioNTech,59470
2021-07-12,Portugal,Sinopharm/Beijing,24
2021-07-12,Portugal,Sinovac,32
2021-07-12,Portugal,Covaxin,0
2021-07-12,Portugal,Johnson&Johnson,16646
2021-07-12,Portugal,Oxford/AstraZeneca,12705
2021-07-12,Portugal,Novavax,0
2021-07-13,Portugal,Pfizer/BioNTech,59470
2021-07-13,Portugal,Sinopharm/Beijing,24
2021-07-13,Portugal,Sinovac,32
2021-07-13,Portugal,Covaxin,0
2021-07-13,Portugal,Johnson&Johnson,16646
2021-07-13,Portugal,Oxford/AstraZeneca,12705
2021-07-13,Portugal,Novavax,0
2021-07-14,Portugal,Pfizer/BioNTech,59470
2021-07-14,Portugal,Sinopharm/Beijing,24
2021-07-14,Portugal,Sinovac,32
2021-07-14,Portugal,Covaxin,0
2021-07-14,Portugal,Johnson&Johnson,16646
2021-07-14,Portugal,Oxford/AstraZeneca,12705
2021-07-14,Portugal,Novavax,0
2021-07-15,Portugal,Pfizer/BioNTech,59470
2021-07-15,Portugal,Sinopharm/Beijing,24
2021-07-15,Portugal,Sinovac,32
2021-07-15,Portugal,Covaxin,0
2021-07-15,Portugal,Johnson&Johnson,16646
2021-07-15,Portugal,Oxford/AstraZeneca,12705
2021-07-15,Portugal,Novavax,0
2021-07-16,Portugal,Pfizer/BioNTech,54921
2021-07-16,Portugal,Sinopharm/Beijing,21
2021-07-16,Portugal,Sinovac,54
2021-07-16,Portugal,Covaxin,0
2021-07-16,Portugal,Johnson&Johnson,19125
2021-07-16,Portugal,Oxford/AstraZeneca,9141
2021-07-16,Portugal,Novavax,0
2021-07-17,Portugal,Pfizer/BioNTech,54921
2021-07-17,Portugal,Sinopharm/Beijing,21
2021-07-17,Portugal,Sinovac,54
2021-07-17,Portugal,Covaxin,0
2021-07-17,Portugal,Johnson&Johnson,19125
2021-07-17,Portugal,Oxford/AstraZeneca,9141
2021-07-17,Portugal,Novavax,0
2021-07-18,Portugal,Pfizer/BioNTech,54921
2021-07-18,Portugal,Sinopharm/Beijing,21
2021-07-18,Portugal,Sinovac,54
2021-07-18,Portugal,Covaxin,0
2021-07-18,Portugal,Johnson&Johnson,19125
2021-07-18,Portugal,Oxford/AstraZeneca,9141
2021-07-18,Portugal,Novavax,0
2021-07-19,Portugal,Pfizer/BioNTech,54921
2021-07-19,Portugal,Sinopharm/Beijing,21
2021-07-19,Portugal,Sinovac,54
2021-07-19,Portugal,Covaxin,0
2021-07-19,Portugal,Johnson&Johnson,19125
2021-07-19,Portugal,Oxford/AstraZeneca,9141
2021-07-19,Portugal,Novavax,0
2021-07-20,Portugal,Pfizer/BioNTech,54921
2021-07-20,Portugal,Sinopharm/Beijing,21
2021-07-20,Portugal,Sinovac,54
2021-07-20,Portugal,Covaxin,0
2021-07-20,Portugal,Johnson&Johnson,19125
2021-07-20,Portugal,Oxford/AstraZeneca,9141
2021-07-20,Portugal,Novavax,0
2021-07-21,Portugal,Pfizer/BioNTech,54921
2021-07-21,Portugal,Sinopharm/Beijing,21
2021-07-21,Portugal,Sinovac,54
2021-07-21,Portugal,Covaxin,0
2021-07-21,Portugal,Johnson&Johnson,19125
2021-07-21,Portugal,Oxford/AstraZeneca,9141
2021-07-21,Portugal,Novavax,0
2021-07-22,Portugal,Pfizer/BioNTech,54921
2021-07-22,Portugal,Sinopharm/Beijing,21
2021-07-22,Portugal,Sinovac,54
2021-07-22,Portugal,Covaxin,0
2021-07-22,Portugal,Johnson&Johnson,19125
2021-07-22,Portugal,Oxford/AstraZeneca,9141
2021-07-22,Portugal,Novavax,0
2021-07-23,Portugal,Pfizer/BioNTech,53367
2021-07-23,Portugal,Sinopharm/Beijing,28
2021-07-23,Portugal,Sinovac,48
2021-07-23,Portugal,Covaxin,0
2021-07-23,Portugal,Johnson&Johnson,14694
2021-07-23,Portugal,Oxford/AstraZeneca,8403
2021-07-23,Portugal,Novavax,1
2021-07-24,Portugal,Pfizer/BioNTech,53367
2021-07-24,Portugal,Sinopharm/Beijing,28
2021-07-24,Portugal,Sinovac,48
2021-07-24,Portugal,Covaxin,0
2021-07-24,Portugal,Johnson&Johnson,14694
2021-07-24,Portugal,Oxford/AstraZeneca,8403
2021-07-24,Portugal,Novavax,1
2021-07-25,Portugal,Pfizer/BioNTech,53367
2021-07-25,Portugal,Sinopharm/Beijing,28
2021-07-25,Portugal,Sinovac,48
2021-07-25,Portugal,Covaxin,0
2021-07-25,Portugal,Johnson&Johnson,14694
2021-07-25,Portugal,Oxford/AstraZeneca,8403
2021-07-25,Portugal,Novavax,1
2021-07-26,Portugal,Pfizer/BioNTech,53367
2021-07-26,Portugal,Sinopharm/Beijing,28
2021-07-26,Portugal,Sinovac,48
2021-07-26,Portugal,Covaxin,0
2021-07-26,Portugal,Johnson&Johnson,14694
2021-07-26,Portugal,Oxford/AstraZeneca,8403
2021-07-26,Portugal,Novavax,1
2021-07-27,Portugal,Pfizer/BioNTech,53367
2021-07-27,Portugal,Sinopharm/Beijing,28
2021-07-27,Portugal,Sinovac,48
2021-07-27,Portugal,Covaxin,0
2021-07-27,Portugal,Johnson&Johnson,14694
2021-07-27,Portugal,Oxford/AstraZeneca,8403
2021-07-27,Portugal,Novavax,1
2021-07-28,Portugal,Pfizer/BioNTech,53367
2021-07-28,Portugal,Sinopharm/Beijing,28
2021-07-28,Portugal,Sinovac,48
2021-07-28,Portugal,Covaxin,0
2021-07-28,Portugal,Johnson&Johnson,14694
2021-07-28,Portugal,Oxford/AstraZeneca,8403
2021-07-28,Portugal,Novavax,1
2021-07-29,Portugal,Pfizer/BioNTech,53367
2021-07-29,Portugal,Sinopharm/Beijing,28
2021-07-29,Portugal,Sinovac,48
2021-07-29,Portugal,Covaxin,0
2021-07-29,Portugal,Johnson&Johnson,14694
2021-07-29,Portugal,Oxford/AstraZeneca,8403
2021-07-29,Portugal,Novavax,1
2021-07-30,Portugal,Pfizer/BioNTech,60522
2021-07-30,Portugal,Sinopharm/Beijing,29
2021-07-30,Portugal,Sinovac,50
2021-07-30,Portugal,Covaxin,0
2021-07-30,Portugal,Johnson&Johnson,16782
2021-07-30,Portugal,Oxford/AstraZeneca,3459
2021-07-30,Portugal,Novavax,0
2021-07-31,Portugal,Pfizer/BioNTech,60522
2021-07-31,Portugal,Sinopharm/Beijing,29
2021-07-31,Portugal,Sinovac,50
2021-07-31,Portugal,Covaxin,0
2021-07-31,Portugal,Johnson&Johnson,16782
2021-07-31,Portugal,Oxford/AstraZeneca,3459
2021-07-31,Portugal,Novavax,0
2021-08-01,Portugal,Pfizer/BioNTech,60522
2021-08-01,Portugal,Sinopharm/Beijing,29
2021-08-01,Portugal,Sinovac,50
2021-08-01,Portugal,Covaxin,0
2021-08-01,Portugal,Johnson&Johnson,16782
2021-08-01,Portugal,Oxford/AstraZeneca,3459
2021-08-01,Portugal,Novavax,0
2021-08-02,Portugal,Pfizer/BioNTech,60522
2021-08-02,Portugal,Sinopharm/Beijing,29
2021-08-02,Portugal,Sinovac,50
2021-08-02,Portugal,Covaxin,0
2021-08-02,Portugal,Johnson&Johnson,16782
2021-08-02,Portugal,Oxford/AstraZeneca,3459
2021-08-02,Portugal,Novavax,0
2021-08-03,Portugal,Pfizer/BioNTech,60522
2021-08-03,Portugal,Sinopharm/Beijing,29
2021-08-03,Portugal,Sinovac,50
2021-08-03,Portugal,Covaxin,0
2021-08-03,Portugal,Johnson&Johnson,16782
2021-08-03,Portugal,Oxford/AstraZeneca,3459
2021-08-03,Portugal,Novavax,0
2021-08-04,Portugal,Pfizer/BioNTech,60522
2021-08-04,Portugal,Sinopharm/Beijing,29
2021-08-04,Portugal,Sinovac,50
2021-08-04,Portugal,Covaxin,0
2021-08-04,Portugal,Johnson&Johnson,16782
2021-08-04,Portugal,Oxford/AstraZeneca,3459
2021-08-04,Portugal,Novavax,0
2021-08-05,Portugal,Pfizer/BioNTech,60522
2021-08-05,Portugal,Sinopharm/Beijing,29
2021-08-05,Portugal,Sinovac,50
2021-08-05,Portugal,Covaxin,0
2021-08-05,Portugal,Johnson&Johnson,16782
2021-08-05,Portugal,Oxford/AstraZeneca,3459
2021-08-05,Portugal,Novavax,0
2021-08-06,Portugal,Pfizer/BioNTech,38099
2021-08-06,Portugal,Sinopharm/Beijing,25
2021-08-06,Portugal,Sinovac,45
2021-08-06,Portugal,Covaxin,1
2021-08-06,Portugal,Johnson&Johnson,20484
2021-08-06,Portugal,Oxford/AstraZeneca,1951
2021-08-06,Portugal,Novavax,0
2021-08-07,Portugal,Pfizer/BioNTech,38099
2021-08-07,Portugal,Sinopharm/Beijing,25
2021-08-07,Portugal,Sinovac,45
2021-08-07,Portugal,Covaxin,1
2021-08-07,Portugal,Johnson&Johnson,20484
2021-08-07,Portugal,Oxford/AstraZeneca,1951
2021-08-07,Portugal,Novavax,0
2021-08-08,Portugal,Pfizer/BioNTech,38099
2021-08-08,Portugal,Sinopharm/Beijing,25
2021-08-08,Portugal,Sinovac,45
2021-08-08,Portugal,Covaxin,1
2021-08-08,Portugal,Johnson&Johnson,20484
2021-08-08,Portugal,Oxford/AstraZeneca,1951
2021-08-08,Portugal,Novavax,0
2021-08-09,Portugal,Pfizer/BioNTech,38099
2021-08-09,Portugal,Sinopharm/Beijing,25
2021-08-09,Portugal,Sinovac,45
2021-08-09,Portugal,Covaxin,1
2021-08-09,Portugal,Johnson&Johnson,20484
2021-08-09,Portugal,Oxford/AstraZeneca,1951
2021-08-09,Portugal,Novavax,0
2021-08-10,Portugal,Pfizer/BioNTech,38099
2021-08-10,Portugal,Sinopharm/Beijing,25
2021-08-10,Portugal,Sinovac,45
2021-08-10,Portugal,Covaxin,1
2021-08-10,Portugal,Johnson&Johnson,20484
2021-08-10,Portugal,Oxford/AstraZeneca,1951
2021-08-10,Portugal,Novavax,0
2021-08-11,Portugal,Pfizer/BioNTech,38099
2021-08-11,Portugal,Sinopharm/Beijing,25
2021-08-11,Portugal,Sinovac,45
2021-08-11,Portugal,Covaxin,1
2021-08-11,Portugal,Johnson&Johnson,20484
2021-08-11,Portugal,Oxford/AstraZeneca,1951
2021-08-11,Portugal,Novavax,0
2021-08-12,Portugal,Pfizer/BioNTech,38099
2021-08-12,Portugal,Sinopharm/Beijing,25
2021-08-12,Portugal,Sinovac,45
2021-08-12,Portugal,Covaxin,1
2021-08-12,Portugal,Johnson&Johnson,20484
2021-08-12,Portugal,Oxford/AstraZeneca,1951
2021-08-12,Portugal,Novavax,0
2021-08-13,Portugal,Pfizer/BioNTech,32815
2021-08-13,Portugal,Sinopharm/Beijing,22
2021-08-13,Portugal,Sinovac,60
2021-08-13,Portugal,Covaxin,0
2021-08-13,Portugal,Johnson&Johnson,15656
2021-08-13,Portugal,Oxford/AstraZeneca,1124
2021-08-13,Portugal,Novavax,0
2021-08-14,Portugal,Pfizer/BioNTech,32815
2021-08-14,Portugal,Sinopharm/Beijing,22
2021-08-14,Portugal,Sinovac,60
2021-08-14,Portugal,Covaxin,0
2021-08-14,Portugal,Johnson&Johnson,15656
2021-08-14,Portugal,Oxford/AstraZeneca,1124
2021-08-14,Portugal,Novavax,0
2021-08-15,Portugal,Pfizer/BioNTech,32815
2021-08-15,Portugal,Sinopharm/Beijing,22
2021-08-15,Portugal,Sinovac,60
2021-08-15,Portugal,Covaxin,0
2021-08-15,Portugal,Johnson&Johnson,15656
2021-08-15,Portugal,Oxford/AstraZeneca,1124
2021-08-15,Portugal,Novavax,0
2021-08-16,Portugal,Pfizer/BioNTech,32815
2021-08-16,Portugal,Sinopharm/Beijing,22
2021-08-16,Portugal,Sinovac,60
2021-08-16,Portugal,Covaxin,0
2021-08-16,Portugal,Johnson&Johnson,15656
2021-08-16,Portugal,Oxford/AstraZeneca,1124
2021-08-16,Portugal,Novavax,0
2021-08-17,Portugal,Pfizer/BioNTech,32815
2021-08-17,Portugal,Sinopharm/Beijing,22
2021-08-17,Portugal,Sinovac,60
2021-08-17,Portugal,Covaxin,0
2021-08-17,Portugal,Johnson&Johnson,15656
2021-08-17,Portugal,Oxford/AstraZeneca,1124
2021-08-17,Portugal,Novavax,0
2021-08-18,Portugal,Pfizer/BioNTech,32815
2021-08-18,Portugal,Sinopharm/Beijing,22
2021-08-18,Portugal,Sinovac,60
2021-08-18,Portugal,Covaxin,0
2021-08-18,Portugal,Johnson&Johnson,15656
2021-08-18,Portugal,Oxford/AstraZeneca,1124
2021-08-18,Portugal,Novavax,0
2021-08-19,Portugal,Pfizer/BioNTech,32815
2021-08-19,Portugal,Sinopharm/Beijing,22
2021-08-19,Portugal,Sinovac,60
2021-08-19,Portugal,Covaxin,0
2021-08-19,Portugal,Johnson&Johnson,15656
2021-08-19,Portugal,Oxford/AstraZeneca,1124
2021-08-19,Portugal,Novavax,0
2021-08-20,Portugal,Pfizer/BioNTech,24014
2021-08-20,Portugal,Sinopharm/Beijing,22
2021-08-20,Portugal,Sinovac,46
2021-08-20,Portugal,Covaxin,0
2021-08-20,Portugal,Johnson&Johnson,5936
2021-08-20,Portugal,Oxford/AstraZeneca,911
2021-08-20,Portugal,Novavax,0
2021-08-21,Portugal,Pfizer/BioNTech,24014
2021-08-21,Portugal,Sinopharm/Beijing,22
2021-08-21,Portugal,Sinovac,46
2021-08-21,Portugal,Covaxin,0
2021-08-21,Portugal,Johnson&Johnson,5936
2021-08-21,Portugal,Oxford/AstraZeneca,911
2021-08-21,Portugal,Novavax,0
2021-08-22,Portugal,Pfizer/BioNTech,24014
2021-08-22,Portugal,Sinopharm/Beijing,22
2021-08-22,Portugal,Sinovac,46
2021-08-22,Portugal,Covaxin,0
2021-08-22,Portugal,Johnson&Johnson,5936
2021-08-22,Portugal,Oxford/AstraZeneca,911
2021-08-22,Portugal,Novavax,0
2021-08-23,Portugal,Pfizer/BioNTech,24014
2021-08-23,Portugal,Sinopharm/Beijing,22
2021-08-23,Portugal,Sinovac,46
2021-08-23,Portugal,Covaxin,0
2021-08-23,Portugal,Johnson&Johnson,5936
2021-08-23,Portugal,Oxford/AstraZeneca,911
2021-08-23,Portugal,Novavax,0
2021-08-24,Portugal,Pfizer/BioNTech,24014
2021-08-24,Portugal,Sinopharm/Beijing,22
2021-08-24,Portugal,Sinovac,46
2021-08-24,Portugal,Covaxin,0
2021-08-24,Portugal,Johnson&Johnson,5936
2021-08-24,Portugal,Oxford/AstraZeneca,911
2021-08-24,Portugal,Novavax,0
2021-08-25,Portugal,Pfizer/BioNTech,24014
2021-08-25,Portugal,Sinopharm/Beijing,22
2021-08-25,Portugal,Sinovac,46
2021-08-25,Portugal,Covaxin,0
2021-08-25,Portugal,Johnson&Johnson,5936
2021-08-25,Portugal,Oxford/AstraZeneca,911
2021-08-25,Portugal,Novavax,0
2021-08-26,Portugal,Pfizer/BioNTech,24014
2021-08-26,Portugal,Sinopharm/Beijing,22
2021-08-26,Portugal,Sinovac,46
2021-08-26,Portugal,Covaxin,0
2021-08-26,Portugal,Johnson&Johnson,5936
2021-08-26,Portugal,Oxford/AstraZeneca,911
2021-08-26,Portugal,Novavax,0
2021-08-27,Portugal,Pfizer/BioNTech,24037
2021-08-27,Portugal,Sinopharm/Beijing,21
2021-08-27,Portugal,Sinovac,44
2021-08-27,Portugal,Covaxin,0
2021-08-27,Portugal,Johnson&Johnson,2272
2021-08-27,Portugal,Oxford/AstraZeneca,680
2021-08-27,Portugal,Novavax,0
2021-08-28,Portugal,Pfizer/BioNTech,24037
2021-08-28,Portugal,Sinopharm/Beijing,21
2021-08-28,Portugal,Sinovac,44
2021-08-28,Portugal,Covaxin,0
2021-08-28,Portugal,Johnson&Johnson,2272
2021-08-28,Portugal,Oxford/AstraZeneca,680
2021-08-28,Portugal,Novavax,0
2021-08-29,Portugal,Pfizer/BioNTech,24037
2021-08-29,Portugal,Sinopharm/Beijing,21
2021-08-29,Portugal,Sinovac,44
2021-08-29,Portugal,Covaxin,0
2021-08-29,Portugal,Johnson&Johnson,2272
2021-08-29,Portugal,Oxford/AstraZeneca,680
2021-08-29,Portugal,Novavax,0
2021-08-30,Portugal,Pfizer/BioNTech,24037
2021-08-30,Portugal,Sinopharm/Beijing,21
2021-08-30,Portugal,Sinovac,44
2021-08-30,Portugal,Covaxin,0
2021-08-30,Portugal,Johnson&Johnson,2272
2021-08-30,Portugal,Oxford/AstraZeneca,680
2021-08-30,Portugal,Novavax,0
2021-08-31,Portugal,Pfizer/BioNTech,24037
2021-08-31,Portugal,Sinopharm/Beijing,21
2021-08-31,Portugal,Sinovac,44
2021-08-31,Portugal,Covaxin,0
2021-08-31,Portugal,Johnson&Johnson,2272
2021-08-31,Portugal,Oxford/AstraZeneca,680
2021-08-31,Portugal,Novavax,0
2021-09-01,Portugal,Pfizer/BioNTech,24037
2021-09-01,Portugal,Sinopharm/Beijing,21
2021-09-01,Portugal,Sinovac,44
2021-09-01,Portugal,Covaxin,0
2021-09-01,Portugal,Johnson&Johnson,2272
2021-09-01,Portugal,Oxford/AstraZeneca,680
2021-09-01,Portugal,Novavax,0
2021-09-02,Portugal,Pfizer/BioNTech,24037
2021-09-02,Portugal,Sinopharm/Beijing,21
2021-09-02,Portugal,Sinovac,44
2021-09-02,Portugal,Covaxin,0
2021-09-02,Portugal,Johnson&Johnson,2272
2021-09-02,Portugal,Oxford/AstraZeneca,680
2021-09-02,Portugal,Novavax,0
2021-09-03,Portugal,Pfizer/BioNTech,20666
2021-09-03,Portugal,Sinopharm/Beijing,19
2021-09-03,Portugal,Sinovac,33
2021-09-03,Portugal,Covaxin,0
2021-09-03,Portugal,Johnson&Johnson,553
2021-09-03,Portugal,Oxford/AstraZeneca,364
2021-09-03,Portugal,Novavax,0
2021-09-04,Portugal,Pfizer/BioNTech,20666
2021-09-04,Portugal,Sinopharm/Beijing,19
2021-09-04,Portugal,Sinovac,33
2021-09-04,Portugal,Covaxin,0
2021-09-04,Portugal,Johnson&Johnson,553
2021-09-04,Portugal,Oxford/AstraZeneca,364
2021-09-04,Portugal,Novavax,0
2021-09-05,Portugal,Pfizer/BioNTech,20666
2021-09-05,Portugal,Sinopharm/Beijing,19
2021-09-05,Portugal,Sinovac,33
2021-09-05,Portugal,Covaxin,0
2021-09-05,Portugal,Johnson&Johnson,553
2021-09-05,Portugal,Oxford/AstraZeneca,364
2021-09-05,Portugal,Novavax,0
2021-09-06,Portugal,Pfizer/BioNTech,20666
2021-09-06,Portugal,Sinopharm/Beijing,19
2021-09-06,Portugal,Sinovac,33
2021-09-06,Portugal,Covaxin,0
2021-09-06,Portugal,Johnson&Johnson,553
2021-09-06,Portugal,Oxford/AstraZeneca,364
2021-09-06,Portugal,Novavax,0
2021-09-07,Portugal,Pfizer/BioNTech,20666
2021-09-07,Portugal,Sinopharm/Beijing,19
2021-09-07,Portugal,Sinovac,33
2021-09-07,Portugal,Covaxin,0
2021-09-07,Portugal,Johnson&Johnson,553
2021-09-07,Portugal,Oxford/AstraZeneca,364
2021-09-07,Portugal,Novavax,0
2021-09-08,Portugal,Pfizer/BioNTech,20666
2021-09-08,Portugal,Sinopharm/Beijing,19
2021-09-08,Portugal,Sinovac,33
2021-09-08,Portugal,Covaxin,0
2021-09-08,Portugal,Johnson&Johnson,553
2021-09-08,Portugal,Oxford/AstraZeneca,364
2021-09-08,Portugal,Novavax,0
2021-09-09,Portugal,Pfizer/BioNTech,20666
2021-09-09,Portugal,Sinopharm/Beijing,19
2021-09-09,Portugal,Sinovac,33
2021-09-09,Portugal,Covaxin,0
2021-09-09,Portugal,Johnson&Johnson,553
2021-09-09,Portugal,Oxford/AstraZeneca,364
2021-09-09,Portugal,Novavax,0
2021-09-10,Portugal,Pfizer/BioNTech,16468
2021-09-10,Portugal,Sinopharm/Beijing,16
2021-09-10,Portugal,Sinovac,31
2021-09-10,Portugal,Covaxin,0
2021-09-10,Portugal,Johnson&Johnson,431
2021-09-10,Portugal,Oxford/AstraZeneca,613
2021-09-10,Portugal,Novavax,0
2021-09-11,Portugal,Pfizer/BioNTech,16468
2021-09-11,Portugal,Sinopharm/Beijing,16
2021-09-11,Portugal,Sinovac,31
2021-09-11,Portugal,Covaxin,0
2021-09-11,Portugal,Johnson&Johnson,431
2021-09-11,Portugal,Oxford/AstraZeneca,613
2021-09-11,Portugal,Novavax,0
2021-09-12,Portugal,Pfizer/BioNTech,16468
2021-09-12,Portugal,Sinopharm/Beijing,16
2021-09-12,Portugal,Sinovac,31
2021-09-12,Portugal,Covaxin,0
2021-09-12,Portugal,Johnson&Johnson,431
2021-09-12,Portugal,Oxford/AstraZeneca,613
2021-09-12,Portugal,Novavax,0
2021-09-13,Portugal,Pfizer/BioNTech,16468
2021-09-13,Portugal,Sinopharm/Beijing,16
2021-09-13,Portugal,Sinovac,31
2021-09-13,Portugal,Covaxin,0
2021-09-13,Portugal,Johnson&Johnson,431
2021-09-13,Portugal,Oxford/AstraZeneca,613
2021-09-13,Portugal,Novavax,0
2021-09-14,Portugal,Pfizer/BioNTech,16468
2021-09-14,Portugal,Sinopharm/Beijing,16
2021-09-14,Portugal,Sinovac,31
2021-09-14,Portugal,Covaxin,0
2021-09-14,Portugal,Johnson&Johnson,431
2021-09-14,Portugal,Oxford/AstraZeneca,613
2021-09-14,Portugal,Novavax,0
2021-09-15,Portugal,Pfizer/BioNTech,16468
2021-09-15,Portugal,Sinopharm/Beijing,16
2021-09-15,Portugal,Sinovac,31
2021-09-15,Portugal,Covaxin,0
2021-09-15,Portugal,Johnson&Johnson,431
2021-09-15,Portugal,Oxford/AstraZeneca,613
2021-09-15,Portugal,Novavax,0
2021-09-16,Portugal,Pfizer/BioNTech,16468
2021-09-16,Portugal,Sinopharm/Beijing,16
2021-09-16,Portugal,Sinovac,31
2021-09-16,Portugal,Covaxin,0
2021-09-16,Portugal,Johnson&Johnson,431
2021-09-16,Portugal,Oxford/AstraZeneca,613
2021-09-16,Portugal,Novavax,0
2021-09-17,Portugal,Pfizer/BioNTech,5747
2021-09-17,Portugal,Sinopharm/Beijing,15
2021-09-17,Portugal,Sinovac,25
2021-09-17,Portugal,Covaxin,0
2021-09-17,Portugal,Johnson&Johnson,274
2021-09-17,Portugal,Oxford/AstraZeneca,652
2021-09-17,Portugal,Novavax,0
2021-09-18,Portugal,Pfizer/BioNTech,5747
2021-09-18,Portugal,Sinopharm/Beijing,15
2021-09-18,Portugal,Sinovac,25
2021-09-18,Portugal,Covaxin,0
2021-09-18,Portugal,Johnson&Johnson,274
2021-09-18,Portugal,Oxford/AstraZeneca,652
2021-09-18,Portugal,Novavax,0
2021-09-19,Portugal,Pfizer/BioNTech,5747
2021-09-19,Portugal,Sinopharm/Beijing,15
2021-09-19,Portugal,Sinovac,25
2021-09-19,Portugal,Covaxin,0
2021-09-19,Portugal,Johnson&Johnson,274
2021-09-19,Portugal,Oxford/AstraZeneca,652
2021-09-19,Portugal,Novavax,0
2021-09-20,Portugal,Pfizer/BioNTech,5747
2021-09-20,Portugal,Sinopharm/Beijing,15
2021-09-20,Portugal,Sinovac,25
2021-09-20,Portugal,Covaxin,0
2021-09-20,Portugal,Johnson&Johnson,274
2021-09-20,Portugal,Oxford/AstraZeneca,652
2021-09-20,Portugal,Novavax,0
2021-09-21,Portugal,Pfizer/BioNTech,5747
2021-09-21,Portugal,Sinopharm/Beijing,15
2021-09-21,Portugal,Sinovac,25
2021-09-21,Portugal,Covaxin,0
2021-09-21,Portugal,Johnson&Johnson,274
2021-09-21,Portugal,Oxford/AstraZeneca,652
2021-09-21,Portugal,Novavax,0
2021-09-22,Portugal,Pfizer/BioNTech,5747
2021-09-22,Portugal,Sinopharm/Beijing,15
2021-09-22,Portugal,Sinovac,25
2021-09-22,Portugal,Covaxin,0
2021-09-22,Portugal,Johnson&Johnson,274
2021-09-22,Portugal,Oxford/AstraZeneca,652
2021-09-22,Portugal,Novavax,0
2021-09-23,Portugal,Pfizer/BioNTech,5747
2021-09-23,Portugal,Sinopharm/Beijing,15
2021-09-23,Portugal,Sinovac,25
2021-09-23,Portugal,Covaxin,0
2021-09-23,Portugal,Johnson&Johnson,274
2021-09-23,Portugal,Oxford/AstraZeneca,652
2021-09-23,Portugal,Novavax,0
2021-09-24,Portugal,Pfizer/BioNTech,3702
2021-09-24,Portugal,Sinopharm/Beijing,12
2021-09-24,Portugal,Sinovac,16
2021-09-24,Portugal,Covaxin,0
2021-09-24,Portugal,Johnson&Johnson,231
2021-09-24,Portugal,Oxford/AstraZeneca,462
2021-09-24,Portugal,Novavax,0
2021-09-25,Portugal,Pfizer/BioNTech,3702
2021-09-25,Portugal,Sinopharm/Beijing,12
2021-09-25,Portugal,Sinovac,16
2021-09-25,Portugal,Covaxin,0
2021-09-25,Portugal,Johnson&Johnson,231
2021-09-25,Portugal,Oxford/AstraZeneca,462
2021-09-25,Portugal,Novavax,0
2021-09-26,Portugal,Pfizer/BioNTech,3702
2021-09-26,Portugal,Sinopharm/Beijing,12
2021-09-26,Portugal,Sinovac,16
2021-09-26,Portugal,Covaxin,0
2021-09-26,Portugal,Johnson&Johnson,231
2021-09-26,Portugal,Oxford/AstraZeneca,462
2021-09-26,Portugal,Novavax,0
2021-09-27,Portugal,Pfizer/BioNTech,3702
2021-09-27,Portugal,Sinopharm/Beijing,12
2021-09-27,Portugal,Sinovac,16
2021-09-27,Portugal,Covaxin,0
2021-09-27,Portugal,Johnson&Johnson,231
2021-09-27,Portugal,Oxford/AstraZeneca,462
2021-09-27,Portugal,Novavax,0
2021-09-28,Portugal,Pfizer/BioNTech,3702
2021-09-28,Portugal,Sinopharm/Beijing,12
2021-09-28,Portugal,Sinovac,16
2021-09-28,Portugal,Covaxin,0
2021-09-28,Portugal,Johnson&Johnson,231
2021-09-28,Portugal,Oxford/AstraZeneca,462
2021-09-28,Portugal,Novavax,0
2021-09-29,Portugal,Pfizer/BioNTech,3702
2021-09-29,Portugal,Sinopharm/Beijing,12
2021-09-29,Portugal,Sinovac,16
2021-09-29,Portugal,Covaxin,0
2021-09-29,Portugal,Johnson&Johnson,231
2021-09-29,Portugal,Oxford/AstraZeneca,462
2021-09-29,Portugal,Novavax,0
2021-09-30,Portugal,Pfizer/BioNTech,3702
2021-09-30,Portugal,Sinopharm/Beijing,12
2021-09-30,Portugal,Sinovac,16
2021-09-30,Portugal,Covaxin,0
2021-09-30,Portugal,Johnson&Johnson,231
2021-09-30,Portugal,Oxford/AstraZeneca,462
2021-09-30,Portugal,Novavax,0
2021-10-01,Portugal,Pfizer/BioNTech,2429
2021-10-01,Portugal,Sinopharm/Beijing,12
2021-10-01,Portugal,Sinovac,12
2021-10-01,Portugal,Covaxin,0
2021-10-01,Portugal,Johnson&Johnson,313
2021-10-01,Portugal,Oxford/AstraZeneca,358
2021-10-01,Portugal,Novavax,0
2021-10-02,Portugal,Pfizer/BioNTech,2429
2021-10-02,Portugal,Sinopharm/Beijing,12
2021-10-02,Portugal,Sinovac,12
2021-10-02,Portugal,Covaxin,0
2021-10-02,Portugal,Johnson&Johnson,313
2021-10-02,Portugal,Oxford/AstraZeneca,358
2021-10-02,Portugal,Novavax,0
2021-10-03,Portugal,Pfizer/BioNTech,2429
2021-10-03,Portugal,Sinopharm/Beijing,12
2021-10-03,Portugal,Sinovac,12
2021-10-03,Portugal,Covaxin,0
2021-10-03,Portugal,Johnson&Johnson,313
2021-10-03,Portugal,Oxford/AstraZeneca,358
2021-10-03,Portugal,Novavax,0
2021-10-04,Portugal,Pfizer/BioNTech,2429
2021-10-04,Portugal,Sinopharm/Beijing,12
2021-10-04,Portugal,Sinovac,12
2021-10-04,Portugal,Covaxin,0
2021-10-04,Portugal,Johnson&Johnson,313
2021-10-04,Portugal,Oxford/AstraZeneca,358
2021-10-04,Portugal,Novavax,0
2021-10-05,Portugal,Pfizer/BioNTech,2429
2021-10-05,Portugal,Sinopharm/Beijing,12
2021-10-05,Portugal,Sinovac,12
2021-10-05,Portugal,Covaxin,0
2021-10-05,Portugal,Johnson&Johnson,313
2021-10-05,Portugal,Oxford/AstraZeneca,358
2021-10-05,Portugal,Novavax,0
2021-10-06,Portugal,Pfizer/BioNTech,2429
2021-10-06,Portugal,Sinopharm/Beijing,12
2021-10-06,Portugal,Sinovac,12
2021-10-06,Portugal,Covaxin,0
2021-10-06,Portugal,Johnson&Johnson,313
2021-10-06,Portugal,Oxford/AstraZeneca,358
2021-10-06,Portugal,Novavax,0
2021-10-07,Portugal,Pfizer/BioNTech,2429
2021-10-07,Portugal,Sinopharm/Beijing,12
2021-10-07,Portugal,Sinovac,12
2021-10-07,Portugal,Covaxin,0
2021-10-07,Portugal,Johnson&Johnson,313
2021-10-07,Portugal,Oxford/AstraZeneca,358
2021-10-07,Portugal,Novavax,0
2021-10-08,Portugal,Pfizer/BioNTech,7299
2021-10-08,Portugal,Sinopharm/Beijing,10
2021-10-08,Portugal,Sinovac,10
2021-10-08,Portugal,Covaxin,0
2021-10-08,Portugal,Johnson&Johnson,37
2021-10-08,Portugal,Oxford/AstraZeneca,269
2021-10-08,Portugal,Novavax,0
2021-10-09,Portugal,Pfizer/BioNTech,7299
2021-10-09,Portugal,Sinopharm/Beijing,10
2021-10-09,Portugal,Sinovac,10
2021-10-09,Portugal,Covaxin,0
2021-10-09,Portugal,Johnson&Johnson,37
2021-10-09,Portugal,Oxford/AstraZeneca,269
2021-10-09,Portugal,Novavax,0
2021-10-10,Portugal,Pfizer/BioNTech,7299
2021-10-10,Portugal,Sinopharm/Beijing,10
2021-10-10,Portugal,Sinovac,10
2021-10-10,Portugal,Covaxin,0
2021-10-10,Portugal,Johnson&Johnson,37
2021-10-10,Portugal,Oxford/AstraZeneca,269
2021-10-10,Portugal,Novavax,0
2021-10-11,Portugal,Pfizer/BioNTech,7299
2021-10-11,Portugal,Sinopharm/Beijing,10
2021-10-11,Portugal,Sinovac,10
2021-10-11,Portugal,Covaxin,0
2021-10-11,Portugal,Johnson&Johnson,37
2021-10-11,Portugal,Oxford/AstraZeneca,269
2021-10-11,Portugal,Novavax,0
2021-10-12,Portugal,Pfizer/BioNTech,7299
2021-10-12,Portugal,Sinopharm/Beijing,10
2021-10-12,Portugal,Sinovac,10
2021-10-12,Portugal,Covaxin,0
2021-10-12,Portugal,Johnson&Johnson,37
2021-10-12,Portugal,Oxford/AstraZeneca,269
2021-10-12,Portugal,Novavax,0
2021-10-13,Portugal,Pfizer/BioNTech,7299
2021-10-13,Portugal,Sinopharm/Beijing,10
2021-10-13,Portugal,Sinovac,10
2021-10-13,Portugal,Covaxin,0
2021-10-13,Portugal,Johnson&Johnson,37
2021-10-13,Portugal,Oxford/AstraZeneca,269
2021-10-13,Portugal,Novavax,0
2021-10-14,Portugal,Pfizer/BioNTech,7299
2021-10-14,Portugal,Sinopharm/Beijing,10
2021-10-14,Portugal,Sinovac,10
2021-10-14,Portugal,Covaxin,0
2021-10-14,Portugal,Johnson&Johnson,37
2021-10-14,Portugal,Oxford/AstraZeneca,269
2021-10-14,Portugal,Novavax,0
2021-10-15,Portugal,Pfizer/BioNTech,19800
2021-10-15,Portugal,Sinopharm/Beijing,8
2021-10-15,Portugal,Sinovac,11
2021-10-15,Portugal,Covaxin,0
2021-10-15,Portugal,Johnson&Johnson,30
2021-10-15,Portugal,Oxford/AstraZeneca,272
2021-10-15,Portugal,Novavax,0
2021-10-16,Portugal,Pfizer/BioNTech,19800
2021-10-16,Portugal,Sinopharm/Beijing,8
2021-10-16,Portugal,Sinovac,11
2021-10-16,Portugal,Covaxin,0
2021-10-16,Portugal,Johnson&Johnson,30
2021-10-16,Portugal,Oxford/AstraZeneca,272
2021-10-16,Portugal,Novavax,0
2021-10-17,Portugal,Pfizer/BioNTech,19800
2021-10-17,Portugal,Sinopharm/Beijing,8
2021-10-17,Portugal,Sinovac,11
2021-10-17,Portugal,Covaxin,0
2021-10-17,Portugal,Johnson&Johnson,30
2021-10-17,Portugal,Oxford/AstraZeneca,272
2021-10-17,Portugal,Novavax,0
2021-10-18,Portugal,Pfizer/BioNTech,19800
2021-10-18,Portugal,Sinopharm/Beijing,8
2021-10-18,Portugal,Sinovac,11
2021-10-18,Portugal,Covaxin,0
2021-10-18,Portugal,Johnson&Johnson,30
2021-10-18,Portugal,Oxford/AstraZeneca,272
2021-10-18,Portugal,Novavax,0
2021-10-19,Portugal,Pfizer/BioNTech,19800
2021-10-19,Portugal,Sinopharm/Beijing,8
2021-10-19,Portugal,Sinovac,11
2021-10-19,Portugal,Covaxin,0
2021-10-19,Portugal,Johnson&Johnson,30
2021-10-19,Portugal,Oxford/AstraZeneca,272
2021-10-19,Portugal,Novavax,0
2021-10-20,Portugal,Pfizer/BioNTech,19800
2021-10-20,Portugal,Sinopharm/Beijing,8
2021-10-20,Portugal,Sinovac,11
2021-10-20,Portugal,Covaxin,0
2021-10-20,Portugal,Johnson&Johnson,30
2021-10-20,Portugal,Oxford/AstraZeneca,272
2021-10-20,Portugal,Novavax,0
2021-10-21,Portugal,Pfizer/BioNTech,19800
2021-10-21,Portugal,Sinopharm/Beijing,8
2021-10-21,Portugal,Sinovac,11
2021-10-21,Portugal,Covaxin,0
2021-10-21,Portugal,Johnson&Johnson,30
2021-10-21,Portugal,Oxford/AstraZeneca,272
2021-10-21,Portugal,Novavax,0
2021-10-22,Portugal,Pfizer/BioNTech,18970
2021-10-22,Portugal,Sinopharm/Beijing,9
2021-10-22,Portugal,Sinovac,7
2021-10-22,Portugal,Covaxin,0
2021-10-22,Portugal,Johnson&Johnson,21
2021-10-22,Portugal,Oxford/AstraZeneca,214
2021-10-22,Portugal,Novavax,0
2021-10-23,Portugal,Pfizer/BioNTech,18970
2021-10-23,Portugal,Sinopharm/Beijing,9
2021-10-23,Portugal,Sinovac,7
2021-10-23,Portugal,Covaxin,0
2021-10-23,Portugal,Johnson&Johnson,21
2021-10-23,Portugal,Oxford/AstraZeneca,214
2021-10-23,Portugal,Novavax,0
2021-10-24,Portugal,Pfizer/BioNTech,18970
2021-10-24,Portugal,Sinopharm/Beijing,9
2021-10-24,Portugal,Sinovac,7
2021-10-24,Portugal,Covaxin,0
2021-10-24,Portugal,Johnson&Johnson,21
2021-10-24,Portugal,Oxford/AstraZeneca,214
2021-10-24,Portugal,Novavax,0
2021-10-25,Portugal,Pfizer/BioNTech,18970
2021-10-25,Portugal,Sinopharm/Beijing,9
2021-10-25,Portugal,Sinovac,7
2021-10-25,Portugal,Covaxin,0
2021-10-25,Portugal,Johnson&Johnson,21
2021-10-25,Portugal,Oxford/AstraZeneca,214
2021-10-25,Portugal,Novavax,0
2021-10-26,Portugal,Pfizer/BioNTech,18970
2021-10-26,Portugal,Sinopharm/Beijing,9
2021-10-26,Portugal,Sinovac,7
2021-10-26,Portugal,Covaxin,0
2021-10-26,Portugal,Johnson&Johnson,21
2021-10-26,Portugal,Oxford/AstraZeneca,214
2021-10-26,Portugal,Novavax,0
2021-10-27,Portugal,Pfizer/BioNTech,18970
2021-10-27,Portugal,Sinopharm/Beijing,9
2021-10-27,Portugal,Sinovac,7
2021-10-27,Portugal,Covaxin,0
2021-10-27,Portugal,Johnson&Johnson,21
2021-10-27,Portugal,Oxford/AstraZeneca,214
2021-10-27,Portugal,Novavax,0
2021-10-28,Portugal,Pfizer/BioNTech,18970
2021-10-28,Portugal,Sinopharm/Beijing,9
2021-10-28,Portugal,Sinovac,7
2021-10-28,Portugal,Covaxin,0
2021-10-28,Portugal,Johnson&Johnson,21
2021-10-28,Portugal,Oxford/AstraZeneca,214
2021-10-28,Portugal,Novavax,0
2021-10-29,Portugal,Pfizer/BioNTech,17815
2021-10-29,Portugal,Sinopharm/Beijing,8
2021-10-29,Portugal,Sinovac,7
2021-10-29,Portugal,Covaxin,0
2021-10-29,Portugal,Johnson&Johnson,17
2021-10-29,Portugal,Oxford/AstraZeneca,69
2021-10-29,Portugal,Novavax,0
2021-10-30,Portugal,Pfizer/BioNTech,17815
2021-10-30,Portugal,Sinopharm/Beijing,8
2021-10-30,Portugal,Sinovac,7
2021-10-30,Portugal,Covaxin,0
2021-10-30,Portugal,Johnson&Johnson,17
2021-10-30,Portugal,Oxford/AstraZeneca,69
2021-10-30,Portugal,Novavax,0
2021-10-31,Portugal,Pfizer/BioNTech,17815
2021-10-31,Portugal,Sinopharm/Beijing,8
2021-10-31,Portugal,Sinovac,7
2021-10-31,Portugal,Covaxin,0
2021-10-31,Portugal,Johnson&Johnson,17
2021-10-31,Portugal,Oxford/AstraZeneca,69
2021-10-31,Portugal,Novavax,0
2021-11-01,Portugal,Pfizer/BioNTech,17815
2021-11-01,Portugal,Sinopharm/Beijing,8
2021-11-01,Portugal,Sinovac,7
2021-11-01,Portugal,Covaxin,0
2021-11-01,Portugal,Johnson&Johnson,17
2021-11-01,Portugal,Oxford/AstraZeneca,69
2021-11-01,Portugal,Novavax,0
2021-11-02,Portugal,Pfizer/BioNTech,17815
2021-11-02,Portugal,Sinopharm/Beijing,8
2021-11-02,Portugal,Sinovac,7
2021-11-02,Portugal,Covaxin,0
2021-11-02,Portugal,Johnson&Johnson,17
2021-11-02,Portugal,Oxford/AstraZeneca,69
2021-11-02,Portugal,Novavax,0
2021-11-03,Portugal,Pfizer/BioNTech,17815
2021-11-03,Portugal,Sinopharm/Beijing,8
2021-11-03,Portugal,Sinovac,7
2021-11-03,Portugal,Covaxin,0
2021-11-03,Portugal,Johnson&Johnson,17
2021-11-03,Portugal,Oxford/AstraZeneca,69
2021-11-03,Portugal,Novavax,0
2021-11-04,Portugal,Pfizer/BioNTech,17815
2021-11-04,Portugal,Sinopharm/Beijing,8
2021-11-04,Portugal,Sinovac,7
2021-11-04,Portugal,Covaxin,0
2021-11-04,Portugal,Johnson&Johnson,17
2021-11-04,Portugal,Oxford/AstraZeneca,69
2021-11-04,Portugal,Novavax,0
2021-11-05,Portugal,Pfizer/BioNTech,26747
2021-11-05,Portugal,Sinopharm/Beijing,8
2021-11-05,Portugal,Sinovac,6
2021-11-05,Portugal,Covaxin,0
2021-11-05,Portugal,Johnson&Johnson,15
2021-11-05,Portugal,Oxford/AstraZeneca,56
2021-11-05,Portugal,Novavax,0
2021-11-06,Portugal,Pfizer/BioNTech,26747
2021-11-06,Portugal,Sinopharm/Beijing,8
2021-11-06,Portugal,Sinovac,6
2021-11-06,Portugal,Covaxin,0
2021-11-06,Portugal,Johnson&Johnson,15
2021-11-06,Portugal,Oxford/AstraZeneca,56
2021-11-06,Portugal,Novavax,0
2021-11-07,Portugal,Pfizer/BioNTech,26747
2021-11-07,Portugal,Sinopharm/Beijing,8
2021-11-07,Portugal,Sinovac,6
2021-11-07,Portugal,Covaxin,0
2021-11-07,Portugal,Johnson&Johnson,15
2021-11-07,Portugal,Oxford/AstraZeneca,56
2021-11-07,Portugal,Novavax,0
2021-11-08,Portugal,Pfizer/BioNTech,26747
2021-11-08,Portugal,Sinopharm/Beijing,8
2021-11-08,Portugal,Sinovac,6
2021-11-08,Portugal,Covaxin,0
2021-11-08,Portugal,Johnson&Johnson,15
2021-11-08,Portugal,Oxford/AstraZeneca,56
2021-11-08,Portugal,Novavax,0
2021-11-09,Portugal,Pfizer/BioNTech,26747
2021-11-09,Portugal,Sinopharm/Beijing,8
2021-11-09,Portugal,Sinovac,6
2021-11-09,Portugal,Covaxin,0
2021-11-09,Portugal,Johnson&Johnson,15
2021-11-09,Portugal,Oxford/AstraZeneca,56
2021-11-09,Portugal,Novavax,0
2021-11-10,Portugal,Pfizer/BioNTech,26747
2021-11-10,Portugal,Sinopharm/Beijing,8
2021-11-10,Portugal,Sinovac,6
2021-11-10,Portugal,Covaxin,0
2021-11-10,Portugal,Johnson&Johnson,15
2021-11-10,Portugal,Oxford/AstraZeneca,56
2021-11-10,Portugal,Novavax,0
2021-11-11,Portugal,Pfizer/BioNTech,26747
2021-11-11,Portugal,Sinopharm/Beijing,8
2021-11-11,Portugal,Sinovac,6
2021-11-11,Portugal,Covaxin,0
2021-11-11,Portugal,Johnson&Johnson,15
2021-11-11,Portugal,Oxford/AstraZeneca,56
2021-11-11,Portugal,Novavax,0
2021-11-12,Portugal,Pfizer/BioNTech,37620
2021-11-12,Portugal,Sinopharm/Beijing,7
2021-11-12,Portugal,Sinovac,7
2021-11-12,Portugal,Covaxin,0
2021-11-12,Portugal,Johnson&Johnson,10
2021-11-12,Portugal,Oxford/AstraZeneca,64
2021-11-12,Portugal,Novavax,0
2021-11-13,Portugal,Pfizer/BioNTech,37620
2021-11-13,Portugal,Sinopharm/Beijing,7
2021-11-13,Portugal,Sinovac,7
2021-11-13,Portugal,Covaxin,0
2021-11-13,Portugal,Johnson&Johnson,10
2021-11-13,Portugal,Oxford/AstraZeneca,64
2021-11-13,Portugal,Novavax,0
2021-11-14,Portugal,Pfizer/BioNTech,37620
2021-11-14,Portugal,Sinopharm/Beijing,7
2021-11-14,Portugal,Sinovac,7
2021-11-14,Portugal,Covaxin,0
2021-11-14,Portugal,Johnson&Johnson,10
2021-11-14,Portugal,Oxford/AstraZeneca,64
2021-11-14,Portugal,Novavax,0
2021-11-15,Portugal,Pfizer/BioNTech,37620
2021-11-15,Portugal,Sinopharm/Beijing,7
2021-11-15,Portugal,Sinovac,7
2021-11-15,Portugal,Covaxin,0
2021-11-15,Portugal,Johnson&Johnson,10
2021-11-15,Portugal,Oxford/AstraZeneca,64
2021-11-15,Portugal,Novavax,0
2021-11-16,Portugal,Pfizer/BioNTech,37620
2021-11-16,Portugal,Sinopharm/Beijing,7
2021-11-16,Portugal,Sinovac,7
2021-11-16,Portugal,Covaxin,0
2021-11-16,Portugal,Johnson&Johnson,10
2021-11-16,Portugal,Oxford/AstraZeneca,64
2021-11-16,Portugal,Novavax,0
2021-11-17,Portugal,Pfizer/BioNTech,37620
2021-11-17,Portugal,Sinopharm/Beijing,7
2021-11-17,Portugal,Sinovac,7
2021-11-17,Portugal,Covaxin,0
2021-11-17,Portugal,Johnson&Johnson,10
2021-11-17,Portugal,Oxford/AstraZeneca,64
2021-11-17,Portugal,Novavax,0
2021-11-18,Portugal,Pfizer/BioNTech,37620
2021-11-18,Portugal,Sinopharm/Beijing,7
2021-11-18,Portugal,Sinovac,7
2021-11-18,Portugal,Covaxin,0
2021-11-18,Portugal,Johnson&Johnson,10
2021-11-18,Portugal,Oxford/AstraZeneca,64
2021-11-18,Portugal,Novavax,0
2021-11-19,Portugal,Pfizer/BioNTech,61839
2021-11-19,Portugal,Sinopharm/Beijing,6
2021-11-19,Portugal,Sinovac,7
2021-11-19,Portugal,Covaxin,0
2021-11-19,Portugal,Johnson&Johnson,14
2021-11-19,Portugal,Oxford/AstraZeneca,56
2021-11-19,Portugal,Novavax,0
2021-11-20,Portugal,Pfizer/BioNTech,61839
2021-11-20,Portugal,Sinopharm/Beijing,6
2021-11-20,Portugal,Sinovac,7
2021-11-20,Portugal,Covaxin,0
2021-11-20,Portugal,Johnson&Johnson,14
2021-11-20,Portugal,Oxford/AstraZeneca,56
2021-11-20,Portugal,Novavax,0
2021-11-21,Portugal,Pfizer/BioNTech,61839
2021-11-21,Portugal,Sinopharm/Beijing,6
2021-11-21,Portugal,Sinovac,7
2021-11-21,Portugal,Covaxin,0
2021-11-21,Portugal,Johnson&Johnson,14
2021-11-21,Portugal,Oxford/AstraZeneca,56
2021-11-21,Portugal,Novavax,0
2021-11-22,Portugal,Pfizer/BioNTech,61839
2021-11-22,Portugal,Sinopharm/Beijing,6
2021-11-22,Portugal,Sinovac,7
2021-11-22,Portugal,Covaxin,0
2021-11-22,Portugal,Johnson&Johnson,14
2021-11-22,Portugal,Oxford/AstraZeneca,56
2021-11-22,Portugal,Novavax,0
2021-11-23,Portugal,Pfizer/BioNTech,61839
2021-11-23,Portugal,Sinopharm/Beijing,6
2021-11-23,Portugal,Sinovac,7
2021-11-23,Portugal,Covaxin,0
2021-11-23,Portugal,Johnson&Johnson,14
2021-11-23,Portugal,Oxford/AstraZeneca,56
2021-11-23,Portugal,Novavax,0
2021-11-24,Portugal,Pfizer/BioNTech,61839
2021-11-24,Portugal,Sinopharm/Beijing,6
2021-11-24,Portugal,Sinovac,7
2021-11-24,Portugal,Covaxin,0
2021-11-24,Portugal,Johnson&Johnson,14
2021-11-24,Portugal,Oxford/AstraZeneca,56
2021-11-24,Portugal,Novavax,0
2021-11-25,Portugal,Pfizer/BioNTech,61839
2021-11-25,Portugal,Sinopharm/Beijing,6
2021-11-25,Portugal,Sinovac,7
2021-11-25,Portugal,Covaxin,0
2021-11-25,Portugal,Johnson&Johnson,14
2021-11-25,Portugal,Oxford/AstraZeneca,56
2021-11-25,Portugal,Novavax,0
2021-11-26,Portugal,Pfizer/BioNTech,63409
2021-11-26,Portugal,Sinopharm/Beijing,5
2021-11-26,Portugal,Sinovac,5
2021-11-26,Portugal,Covaxin,0
2021-11-26,Portugal,Johnson&Johnson,16
2021-11-26,Portugal,Oxford/AstraZeneca,47
2021-11-26,Portugal,Novavax,0
2021-11-27,Portugal,Pfizer/BioNTech,63409
2021-11-27,Portugal,Sinopharm/Beijing,5
2021-11-27,Portugal,Sinovac,5
2021-11-27,Portugal,Covaxin,0
2021-11-27,Portugal,Johnson&Johnson,16
2021-11-27,Portugal,Oxford/AstraZeneca,47
2021-11-27,Portugal,Novavax,0
2021-11-28,Portugal,Pfizer/BioNTech,63409
2021-11-28,Portugal,Sinopharm/Beijing,5
2021-11-28,Portugal,Sinovac,5
2021-11-28,Portugal,Covaxin,0
2021-11-28,Portugal,Johnson&Johnson,16
2021-11-28,Portugal,Oxford/AstraZeneca,47
2021-11-28,Portugal,Novavax,0
2021-11-29,Portugal,Pfizer/BioNTech,63409
2021-11-29,Portugal,Sinopharm/Beijing,5
2021-11-29,Portugal,Sinovac,5
2021-11-29,Portugal,Covaxin,0
2021-11-29,Portugal,Johnson&Johnson,16
2021-11-29,Portugal,Oxford/AstraZeneca,47
2021-11-29,Portugal,Novavax,0
2021-11-30,Portugal,Pfizer/BioNTech,63409
2021-11-30,Portugal,Sinopharm/Beijing,5
2021-11-30,Portugal,Sinovac,5
2021-11-30,Portugal,Covaxin,0
2021-11-30,Portugal,Johnson&Johnson,16
2021-11-30,Portugal,Oxford/AstraZeneca,47
2021-11-30,Portugal,Novavax,0
2021-12-01,Portugal,Pfizer/BioNTech,63409
2021-12-01,Portugal,Sinopharm/Beijing,5
2021-12-01,Portugal,Sinovac,5
2021-12-01,Portugal,Covaxin,0
2021-12-01,Portugal,Johnson&Johnson,16
2021-12-01,Portugal,Oxford/AstraZeneca,47
2021-12-01,Portugal,Novavax,0
2021-12-02,Portugal,Pfizer/BioNTech,63409
2021-12-02,Portugal,Sinopharm/Beijing,5
2021-12-02,Portugal,Sinovac,5
2021-12-02,Portugal,Covaxin,0
2021-12-02,Portugal,Johnson&Johnson,16
2021-12-02,Portugal,Oxford/AstraZeneca,47
2021-12-02,Portugal,Novavax,0
2021-12-03,Portugal,Pfizer/BioNTech,59483
2021-12-03,Portugal,Sinopharm/Beijing,5
2021-12-03,Portugal,Sinovac,5
2021-12-03,Portugal,Covaxin,0
2021-12-03,Portugal,Johnson&Johnson,22
2021-12-03,Portugal,Oxford/AstraZeneca,29
2021-12-03,Portugal,Novavax,0
2021-12-04,Portugal,Pfizer/BioNTech,59483
2021-12-04,Portugal,Sinopharm/Beijing,5
2021-12-04,Portugal,Sinovac,5
2021-12-04,Portugal,Covaxin,0
2021-12-04,Portugal,Johnson&Johnson,22
2021-12-04,Portugal,Oxford/AstraZeneca,29
2021-12-04,Portugal,Novavax,0
2021-12-05,Portugal,Pfizer/BioNTech,59483
2021-12-05,Portugal,Sinopharm/Beijing,5
2021-12-05,Portugal,Sinovac,5
2021-12-05,Portugal,Covaxin,0
2021-12-05,Portugal,Johnson&Johnson,22
2021-12-05,Portugal,Oxford/AstraZeneca,29
2021-12-05,Portugal,Novavax,0
2021-12-06,Portugal,Pfizer/BioNTech,59483
2021-12-06,Portugal,Sinopharm/Beijing,5
2021-12-06,Portugal,Sinovac,5
2021-12-06,Portugal,Covaxin,0
2021-12-06,Portugal,Johnson&Johnson,22
2021-12-06,Portugal,Oxford/AstraZeneca,29
2021-12-06,Portugal,Novavax,0
2021-12-07,Portugal,Pfizer/BioNTech,59483
2021-12-07,Portugal,Sinopharm/Beijing,5
2021-12-07,Portugal,Sinovac,5
2021-12-07,Portugal,Covaxin,0
2021-12-07,Portugal,Johnson&Johnson,22
2021-12-07,Portugal,Oxford/AstraZeneca,29
2021-12-07,Portugal,Novavax,0
2021-12-08,Portugal,Pfizer/BioNTech,59483
2021-12-08,Portugal,Sinopharm/Beijing,5
2021-12-08,Portugal,Sinovac,5
2021-12-08,Portugal,Covaxin,0
2021-12-08,Portugal,Johnson&Johnson,22
2021-12-08,Portugal,Oxford/AstraZeneca,29
2021-12-08,Portugal,Novavax,0
2021-12-09,Portugal,Pfizer/BioNTech,59483
2021-12-09,Portugal,Sinopharm/Beijing,5
2021-12-09,Portugal,Sinovac,5
2021-12-09,Portugal,Covaxin,0
2021-12-09,Portugal,Johnson&Johnson,22
2021-12-09,Portugal,Oxford/AstraZeneca,29
2021-12-09,Portugal,Novavax,0
2021-12-10,Portugal,Pfizer/BioNTech,36106
2021-12-10,Portugal,Sinopharm/Beijing,5
2021-12-10,Portugal,Sinovac,5
2021-12-10,Portugal,Covaxin,0
2021-12-10,Portugal,Johnson&Johnson,24
2021-12-10,Portugal,Oxford/AstraZeneca,31
2021-12-10,Portugal,Novavax,0
2021-12-11,Portugal,Pfizer/BioNTech,36106
2021-12-11,Portugal,Sinopharm/Beijing,5
2021-12-11,Portugal,Sinovac,5
2021-12-11,Portugal,Covaxin,0
2021-12-11,Portugal,Johnson&Johnson,24
2021-12-11,Portugal,Oxford/AstraZeneca,31
2021-12-11,Portugal,Novavax,0
2021-12-12,Portugal,Pfizer/BioNTech,36106
2021-12-12,Portugal,Sinopharm/Beijing,5
2021-12-12,Portugal,Sinovac,5
2021-12-12,Portugal,Covaxin,0
2021-12-12,Portugal,Johnson&Johnson,24
2021-12-12,Portugal,Oxford/AstraZeneca,31
2021-12-12,Portugal,Novavax,0
2021-12-13,Portugal,Pfizer/BioNTech,36106
2021-12-13,Portugal,Sinopharm/Beijing,5
2021-12-13,Portugal,Sinovac,5
2021-12-13,Portugal,Covaxin,0
2021-12-13,Portugal,Johnson&Johnson,24
2021-12-13,Portugal,Oxford/AstraZeneca,31
2021-12-13,Portugal,Novavax,0
2021-12-14,Portugal,Pfizer/BioNTech,36106
2021-12-14,Portugal,Sinopharm/Beijing,5
2021-12-14,Portugal,Sinovac,5
2021-12-14,Portugal,Covaxin,0
2021-12-14,Portugal,Johnson&Johnson,24
2021-12-14,Portugal,Oxford/AstraZeneca,31
2021-12-14,Portugal,Novavax,0
2021-12-15,Portugal,Pfizer/BioNTech,36106
2021-12-15,Portugal,Sinopharm/Beijing,5
2021-12-15,Portugal,Sinovac,5
2021-12-15,Portugal,Covaxin,0
2021-12-15,Portugal,Johnson&Johnson,24
2021-12-15,Portugal,Oxford/AstraZeneca,31
2021-12-15,Portugal,Novavax,0
2021-12-16,Portugal,Pfizer/BioNTech,36106
2021-12-16,Portugal,Sinopharm/Beijing,5
2021-12-16,Portugal,Sinovac,5
2021-12-16,Portugal,Covaxin,0
2021-12-16,Portugal,Johnson&Johnson,24
2021-12-16,Portugal,Oxford/AstraZeneca,31
2021-12-16,Portugal,Novavax,0
2021-12-17,Portugal,Pfizer/BioNTech,26508
2021-12-17,Portugal,Sinopharm/Beijing,4
2021-12-17,Portugal,Sinovac,4
2021-12-17,Portugal,Covaxin,0
2021-12-17,Portugal,Johnson&Johnson,16
2021-12-17,Portugal,Oxford/AstraZeneca,32
2021-12-17,Portugal,Novavax,0
2021-12-18,Portugal,Pfizer/BioNTech,26508
2021-12-18,Portugal,Sinopharm/Beijing,4
2021-12-18,Portugal,Sinovac,4
2021-12-18,Portugal,Covaxin,0
2021-12-18,Portugal,Johnson&Johnson,16
2021-12-18,Portugal,Oxford/AstraZeneca,32
2021-12-18,Portugal,Novavax,0
2021-12-19,Portugal,Pfizer/BioNTech,26508
2021-12-19,Portugal,Sinopharm/Beijing,4
2021-12-19,Portugal,Sinovac,4
2021-12-19,Portugal,Covaxin,0
2021-12-19,Portugal,Johnson&Johnson,16
2021-12-19,Portugal,Oxford/AstraZeneca,32
2021-12-19,Portugal,Novavax,0
2021-12-20,Portugal,Pfizer/BioNTech,26508
2021-12-20,Portugal,Sinopharm/Beijing,4
2021-12-20,Portugal,Sinovac,4
2021-12-20,Portugal,Covaxin,0
2021-12-20,Portugal,Johnson&Johnson,16
2021-12-20,Portugal,Oxford/AstraZeneca,32
2021-12-20,Portugal,Novavax,0
2021-12-21,Portugal,Pfizer/BioNTech,26508
2021-12-21,Portugal,Sinopharm/Beijing,4
2021-12-21,Portugal,Sinovac,4
2021-12-21,Portugal,Covaxin,0
2021-12-21,Portugal,Johnson&Johnson,16
2021-12-21,Portugal,Oxford/AstraZeneca,32
2021-12-21,Portugal,Novavax,0
2021-12-22,Portugal,Pfizer/BioNTech,26508
2021-12-22,Portugal,Sinopharm/Beijing,4
2021-12-22,Portugal,Sinovac,4
2021-12-22,Portugal,Covaxin,0
2021-12-22,Portugal,Johnson&Johnson,16
2021-12-22,Portugal,Oxford/AstraZeneca,32
2021-12-22,Portugal,Novavax,0
2021-12-23,Portugal,Pfizer/BioNTech,26508
2021-12-23,Portugal,Sinopharm/Beijing,4
2021-12-23,Portugal,Sinovac,4
2021-12-23,Portugal,Covaxin,0
2021-12-23,Portugal,Johnson&Johnson,16
2021-12-23,Portugal,Oxford/AstraZeneca,32
2021-12-23,Portugal,Novavax,0
2021-12-24,Portugal,Pfizer/BioNTech,40535
2021-12-24,Portugal,Sinopharm/Beijing,2
2021-12-24,Portugal,Sinovac,1
2021-12-24,Portugal,Covaxin,0
2021-12-24,Portugal,Johnson&Johnson,10
2021-12-24,Portugal,Oxford/AstraZeneca,32
2021-12-24,Portugal,Novavax,0
2021-12-25,Portugal,Pfizer/BioNTech,40535
2021-12-25,Portugal,Sinopharm/Beijing,2
2021-12-25,Portugal,Sinovac,1
2021-12-25,Portugal,Covaxin,0
2021-12-25,Portugal,Johnson&Johnson,10
2021-12-25,Portugal,Oxford/AstraZeneca,32
2021-12-25,Portugal,Novavax,0
2021-12-26,Portugal,Pfizer/BioNTech,40535
2021-12-26,Portugal,Sinopharm/Beijing,2
2021-12-26,Portugal,Sinovac,1
2021-12-26,Portugal,Covaxin,0
2021-12-26,Portugal,Johnson&Johnson,10
2021-12-26,Portugal,Oxford/AstraZeneca,32
2021-12-26,Portugal,Novavax,0
2021-12-27,Portugal,Pfizer/BioNTech,40535
2021-12-27,Portugal,Sinopharm/Beijing,2
2021-12-27,Portugal,Sinovac,1
2021-12-27,Portugal,Covaxin,0
2021-12-27,Portugal,Johnson&Johnson,10
2021-12-27,Portugal,Oxford/AstraZeneca,32
2021-12-27,Portugal,Novavax,0
2021-12-28,Portugal,Pfizer/BioNTech,40535
2021-12-28,Portugal,Sinopharm/Beijing,2
2021-12-28,Portugal,Sinovac,1
2021-12-28,Portugal,Covaxin,0
2021-12-28,Portugal,Johnson&Johnson,10
2021-12-28,Portugal,Oxford/AstraZeneca,32
2021-12-28,Portugal,Novavax,0
2021-12-29,Portugal,Pfizer/BioNTech,40535
2021-12-29,Portugal,Sinopharm/Beijing,2
2021-12-29,Portugal,Sinovac,1
2021-12-29,Portugal,Covaxin,0
2021-12-29,Portugal,Johnson&Johnson,10
2021-12-29,Portugal,Oxford/AstraZeneca,32
2021-12-29,Portugal,Novavax,0
2021-12-30,Portugal,Pfizer/BioNTech,40535
2021-12-30,Portugal,Sinopharm/Beijing,2
2021-12-30,Portugal,Sinovac,1
2021-12-30,Portugal,Covaxin,0
2021-12-30,Portugal,Johnson&Johnson,10
2021-12-30,Portugal,Oxford/AstraZeneca,32
2021-12-30,Portugal,Novavax,0
2021-12-31,Portugal,Pfizer/BioNTech,44309
2021-12-31,Portugal,Sinopharm/Beijing,3
2021-12-31,Portugal,Sinovac,2
2021-12-31,Portugal,Covaxin,0
2021-12-31,Portugal,Johnson&Johnson,18
2021-12-31,Portugal,Oxford/AstraZeneca,28
2021-12-31,Portugal,Novavax,0
