date,location,vaccine,total_vaccinations
2021-01-01,Austria,Moderna,0
2021-01-01,Austria,Novavax,0
2021-01-01,Austria,Oxford/AstraZeneca,0
2021-01-01,Austria,Pfizer/BioNTech,3971
2021-01-01,Austria,Sanofi/GSK,0
2021-01-01,Austria,Valneva,0
2021-01-02,Austria,Moderna,0
2021-01-02,Austria,Novavax,0
2021-01-02,Austria,Oxford/AstraZeneca,0
2021-01-02,Austria,Pfizer/BioNTech,3971
2021-01-02,Austria,Sanofi/GSK,0
2021-01-02,Austria,Valneva,0
2021-01-03,Austria,Moderna,0
2021-01-03,Austria,Novavax,0
2021-01-03,Austria,Oxford/AstraZeneca,0
2021-01-03,Austria,Pfizer/BioNTech,3971
2021-01-03,Austria,Sanofi/GSK,0
2021-01-03,Austria,Valneva,0
2021-01-04,Austria,Moderna,0
2021-01-04,Austria,Novavax,0
2021-01-04,Austria,Oxford/AstraZeneca,0
2021-01-04,Austria,Pfizer/BioNTech,3971
2021-01-04,Austria,Sanofi/GSK,0
2021-01-04,Austria,Valneva,0
2021-01-05,Austria,Moderna,0
2021-01-05,Austria,Novavax,0
2021-01-05,Austria,Oxford/AstraZeneca,0
2021-01-05,Austria,Pfizer/BioNTech,3971
2021-01-05,Austria,Sanofi/GSK,0
2021-01-05,Austria,Valneva,0
2021-01-06,Austria,Moderna,0
2021-01-06,Austria,Novavax,0
2021-01-06,Austria,Oxford/AstraZeneca,0
2021-01-06,Austria,Pfizer/BioNTech,3971
2021-01-06,Austria,Sanofi/GSK,0
2021-01-06,Austria,Valneva,0
2021-01-07,Austria,Moderna,0
2021-01-07,Austria,Novavax,0
2021-01-07,Austria,Oxford/AstraZeneca,0
2021-01-07,Austria,Pfizer/BioNTech,3971
2021-01-07,Austria,Sanofi/GSK,0
2021-01-07,Austria,Valneva,0
2021-01-08,Austria,Moderna,15
2021-01-08,Austria,Novavax,0
2021-01-08,Austria,Oxford/AstraZeneca,310
2021-01-08,Austria,Pfizer/BioNTech,12248
2021-01-08,Austria,Sanofi/GSK,0
2021-01-08,Austria,Valneva,0
2021-01-09,Austria,Moderna,15
2021-01-09,Austria,Novavax,0
2021-01-09,Austria,Oxford/AstraZeneca,310
2021-01-09,Austria,Pfizer/BioNTech,12248
2021-01-09,Austria,Sanofi/GSK,0
2021-01-09,Austria,Valneva,0
2021-01-10,Austria,Moderna,15
2021-01-10,Austria,Novavax,0
2021-01-10,Austria,Oxford/AstraZeneca,310
2021-01-10,Austria,Pfizer/BioNTech,12248
2021-01-10,Austria,Sanofi/GSK,0
2021-01-10,Austria,Valneva,0
2021-01-11,Austria,Moderna,15
2021-01-11,Austria,Novavax,0
2021-01-11,Austria,Oxford/AstraZeneca,310
2021-01-11,Austria,Pfizer/BioNTech,12248
2021-01-11,Austria,Sanofi/GSK,0
2021-01-11,Austria,Valneva,0
2021-01-12,Austria,Moderna,15
2021-01-12,Austria,Novavax,0
2021-01-12,Austria,Oxford/AstraZeneca,310
2021-01-12,Austria,Pfizer/BioNTech,12248
2021-01-12,Austria,Sanofi/GSK,0
2021-01-12,Austria,Valneva,0
2021-01-13,Austria,Moderna,15
2021-01-13,Austria,Novavax,0
2021-01-13,Austria,Oxford/AstraZeneca,310
2021-01-13,Austria,Pfizer/BioNTech,12248
2021-01-13,Austria,Sanofi/GSK,0
2021-01-13,Austria,Valneva,0
2021-01-14,Austria,Moderna,15
2021-01-14,Austria,Novavax,0
2021-01-14,Austria,Oxford/AstraZeneca,310
2021-01-14,Austria,Pfizer/BioNTech,12248
2021-01-14,Austria,Sanofi/GSK,0
2021-01-14,Austria,Valneva,0
2021-01-15,Austria,Moderna,36
2021-01-15,Austria,Novavax,0
2021-01-15,Austria,Oxford/AstraZeneca,310
2021-01-15,Austria,Pfizer/BioNTech,14018
2021-01-15,Austria,Sanofi/GSK,0
2021-01-15,Austria,Valneva,0
2021-01-16,Austria,Moderna,36
2021-01-16,Austria,Novavax,0
2021-01-16,Austria,Oxford/AstraZeneca,310
2021-01-16,Austria,Pfizer/BioNTech,14018
2021-01-16,Austria,Sanofi/GSK,0
2021-01-16,Austria,Valneva,0
2021-01-17,Austria,Moderna,36
2021-01-17,Austria,Novavax,0
2021-01-17,Austria,Oxford/AstraZeneca,310
2021-01-17,Austria,Pfizer/BioNTech,14018
2021-01-17,Austria,Sanofi/GSK,0
2021-01-17,Austria,Valneva,0
2021-01-18,Austria,Moderna,36
2021-01-18,Austria,Novavax,0
2021-01-18,Austria,Oxford/AstraZeneca,310
2021-01-18,Austria,Pfizer/BioNTech,14018
2021-01-18,Austria,Sanofi/GSK,0
2021-01-18,Austria,Valneva,0
2021-01-19,Austria,Moderna,36
2021-01-19,Austria,Novavax,0
2021-01-19,Austria,Oxford/AstraZeneca,310
2021-01-19,Austria,Pfizer/BioNTech,14018
2021-01-19,Austria,Sanofi/GSK,0
2021-01-19,Austria,Valneva,0
2021-01-20,Austria,Moderna,36
2021-01-20,Austria,Novavax,0
2021-01-20,Austria,Oxford/AstraZeneca,310
2021-01-20,Austria,Pfizer/BioNTech,14018
2021-01-20,Austria,Sanofi/GSK,0
2021-01-20,Austria,Valneva,0
2021-01-21,Austria,Moderna,36
2021-01-21,Austria,Novavax,0
2021-01-21,Austria,Oxford/AstraZeneca,310
2021-01-21,Austria,Pfizer/BioNTech,14018
2021-01-21,Austria,Sanofi/GSK,0
2021-01-21,Austria,Valneva,0
2021-01-22,Austria,Moderna,573
2021-01-22,Austria,Novavax,0
2021-01-22,Austria,Oxford/AstraZeneca,310
2021-01-22,Austria,Pfizer/BioNTech,6479
2021-01-22,Austria,Sanofi/GSK,0
2021-01-22,Austria,Valneva,0
2021-01-23,Austria,Moderna,573
2021-01-23,Austria,Novavax,0
2021-01-23,Austria,Oxford/AstraZeneca,310
2021-01-23,Austria,Pfizer/BioNTech,6479
2021-01-23,Austria,Sanofi/GSK,0
2021-01-23,Austria,Valneva,0
2021-01-24,Austria,Moderna,573
2021-01-24,Austria,Novavax,0
2021-01-24,Austria,Oxford/AstraZeneca,310
2021-01-24,Austria,Pfizer/BioNTech,6479
2021-01-24,Austria,Sanofi/GSK,0
2021-01-24,Austria,Valneva,0
2021-01-25,Austria,Moderna,573
2021-01-25,Austria,Novavax,0
2021-01-25,Austria,Oxford/AstraZeneca,310
2021-01-25,Austria,Pfizer/BioNTech,6479
2021-01-25,Austria,Sanofi/GSK,0
2021-01-25,Austria,Valneva,0
2021-01-26,Austria,Moderna,573
2021-01-26,Austria,Novavax,0
2021-01-26,Austria,Oxford/AstraZeneca,310
2021-01-26,Austria,Pfizer/BioNTech,6479
2021-01-26,Austria,Sanofi/GSK,0
2021-01-26,Austria,Valneva,0
2021-01-27,Austria,Moderna,573
2021-01-27,Austria,Novavax,0
2021-01-27,Austria,Oxford/AstraZeneca,310
2021-01-27,Austria,Pfizer/BioNTech,6479
2021-01-27,Austria,Sanofi/GSK,0
2021-01-27,Austria,Valneva,0
2021-01-28,Austria,Moderna,573
2021-01-28,Austria,Novavax,0
2021-01-28,Austria,Oxford/AstraZeneca,310
2021-01-28,Austria,Pfizer/BioNTech,6479
2021-01-28,Austria,Sanofi/GSK,0
2021-01-28,Austria,Valneva,0
2021-01-29,Austria,Moderna,248
2021-01-29,Austria,Novavax,0
2021-01-29,Austria,Oxford/AstraZeneca,310
2021-01-29,Austria,Pfizer/BioNTech,13840
2021-01-29,Austria,Sanofi/GSK,0
2021-01-29,Austria,Valneva,0
2021-01-30,Austria,Moderna,248
2021-01-30,Austria,Novavax,0
2021-01-30,Austria,Oxford/AstraZeneca,310
2021-01-30,Austria,Pfizer/BioNTech,13840
2021-01-30,Austria,Sanofi/GSK,0
2021-01-30,Austria,Valneva,0
2021-01-31,Austria,Moderna,248
2021-01-31,Austria,Novavax,0
2021-01-31,Austria,Oxford/AstraZeneca,310
2021-01-31,Austria,Pfizer/BioNTech,13840
2021-01-31,Austria,Sanofi/GSK,0
2021-01-31,Austria,Valneva,0
2021-02-01,Austria,Moderna,248
2021-02-01,Austria,Novavax,0
2021-02-01,Austria,Oxford/AstraZeneca,310
2021-02-01,Austria,Pfizer/BioNTech,13840
2021-02-01,Austria,Sanofi/GSK,0
2021-02-01,Austria,Valneva,0
2021-02-02,Austria,Moderna,248
2021-02-02,Austria,Novavax,0
2021-02-02,Austria,Oxford/AstraZeneca,310
2021-02-02,Austria,Pfizer/BioNTech,13840
2021-02-02,Austria,Sanofi/GSK,0
2021-02-02,Austria,Valneva,0
2021-02-03,Austria,Moderna,248
2021-02-03,Austria,Novavax,0
2021-02-03,Austria,Oxford/AstraZeneca,310
2021-02-03,Austria,Pfizer/BioNTech,13840
2021-02-03,Austria,Sanofi/GSK,0
2021-02-03,Austria,Valneva,0
2021-02-04,Austria,Moderna,248
2021-02-04,Austria,Novavax,0
2021-02-04,Austria,Oxford/AstraZeneca,310
2021-02-04,Austria,Pfizer/BioNTech,13840
2021-02-04,Austria,Sanofi/GSK,0
2021-02-04,Austria,Valneva,0
2021-02-05,Austria,Moderna,595
2021-02-05,Austria,Novavax,0
2021-02-05,Austria,Oxford/AstraZeneca,310
2021-02-05,Austria,Pfizer/BioNTech,14674
2021-02-05,Austria,Sanofi/GSK,0
2021-02-05,Austria,Valneva,0
2021-02-06,Austria,Moderna,595
2021-02-06,Austria,Novavax,0
2021-02-06,Austria,Oxford/AstraZeneca,310
2021-02-06,Austria,Pfizer/BioNTech,14674
2021-02-06,Austria,Sanofi/GSK,0
2021-02-06,Austria,Valneva,0
2021-02-07,Austria,Moderna,595
2021-02-07,Austria,Novavax,0
2021-02-07,Austria,Oxford/AstraZeneca,310
2021-02-07,Austria,Pfizer/BioNTech,14674
2021-02-07,Austria,Sanofi/GSK,0
2021-02-07,Austria,Valneva,0
2021-02-08,Austria,Moderna,595
2021-02-08,Austria,Novavax,0
2021-02-08,Austria,Oxford/AstraZeneca,310
2021-02-08,Austria,Pfizer/BioNTech,14674
2021-02-08,Austria,Sanofi/GSK,0
2021-02-08,Austria,Valneva,0
2021-02-09,Austria,Moderna,595
2021-02-09,Austria,Novavax,0
2021-02-09,Austria,Oxford/AstraZeneca,310
2021-02-09,Austria,Pfizer/BioNTech,14674
2021-02-09,Austria,Sanofi/GSK,0
2021-02-09,Austria,Valneva,0
2021-02-10,Austria,Moderna,595
2021-02-10,Austria,Novavax,0
2021-02-10,Austria,Oxford/AstraZeneca,310
2021-02-10,Austria,Pfizer/BioNTech,14674
2021-02-10,Austria,Sanofi/GSK,0
2021-02-10,Austria,Valneva,0
2021-02-11,Austria,Moderna,595
2021-02-11,Austria,Novavax,0
2021-02-11,Austria,Oxford/AstraZeneca,310
2021-02-11,Austria,Pfizer/BioNTech,14674
2021-02-11,Austria,Sanofi/GSK,0
2021-02-11,Austria,Valneva,0
2021-02-12,Austria,Moderna,601
2021-02-12,Austria,Novavax,0
2021-02-12,Austria,Oxford/AstraZeneca,4707
2021-02-12,Austria,Pfizer/BioNTech,9496
2021-02-12,Austria,Sanofi/GSK,0
2021-02-12,Austria,Valneva,0
2021-02-13,Austria,Moderna,601
2021-02-13,Austria,Novavax,0
2021-02-13,Austria,Oxford/AstraZeneca,4707
2021-02-13,Austria,Pfizer/BioNTech,9496
2021-02-13,Austria,Sanofi/GSK,0
2021-02-13,Austria,Valneva,0
2021-02-14,Austria,Moderna,601
2021-02-14,Austria,Novavax,0
2021-02-14,Austria,Oxford/AstraZeneca,4707
2021-02-14,Austria,Pfizer/BioNTech,9496
2021-02-14,Austria,Sanofi/GSK,0
2021-02-14,Austria,Valneva,0
2021-02-15,Austria,Moderna,601
2021-02-15,Austria,Novavax,0
2021-02-15,Austria,Oxford/AstraZeneca,4707
2021-02-15,Austria,Pfizer/BioNTech,9496
2021-02-15,Austria,Sanofi/GSK,0
2021-02-15,Austria,Valneva,0
2021-02-16,Austria,Moderna,601
2021-02-16,Austria,Novavax,0
2021-02-16,Austria,Oxford/AstraZeneca,4707
2021-02-16,Austria,Pfizer/BioNTech,9496
2021-02-16,Austria,Sanofi/GSK,0
2021-02-16,Austria,Valneva,0
2021-02-17,Austria,Moderna,601
2021-02-17,Austria,Novavax,0
2021-02-17,Austria,Oxford/AstraZeneca,4707
2021-02-17,Austria,Pfizer/BioNTech,9496
2021-02-17,Austria,Sanofi/GSK,0
2021-02-17,Austria,Valneva,0
2021-02-18,Austria,Moderna,601
2021-02-18,Austria,Novavax,0
2021-02-18,Austria,Oxford/AstraZeneca,4707
2021-02-18,Austria,Pfizer/BioNTech,9496
2021-02-18,Austria,Sanofi/GSK,0
2021-02-18,Austria,Valneva,0
2021-02-19,Austria,Moderna,1216
2021-02-19,Austria,Novavax,0
2021-02-19,Austria,Oxford/AstraZeneca,8317
2021-02-19,Austria,Pfizer/BioNTech,8852
2021-02-19,Austria,Sanofi/GSK,0
2021-02-19,Austria,Valneva,0
2021-02-20,Austria,Moderna,1216
2021-02-20,Austria,Novavax,0
2021-02-20,Austria,Oxford/AstraZeneca,8317
2021-02-20,Austria,Pfizer/BioNTech,8852
2021-02-20,Austria,Sanofi/GSK,0
2021-02-20,Austria,Valneva,0
2021-02-21,Austria,Moderna,1216
2021-02-21,Austria,Novavax,0
2021-02-21,Austria,Oxford/AstraZeneca,8317
2021-02-21,Austria,Pfizer/BioNTech,8852
2021-02-21,Austria,Sanofi/GSK,0
2021-02-21,Austria,Valneva,0
2021-02-22,Austria,Moderna,1216
2021-02-22,Austria,Novavax,0
2021-02-22,Austria,Oxford/AstraZeneca,8317
2021-02-22,Austria,Pfizer/BioNTech,8852
2021-02-22,Austria,Sanofi/GSK,0
2021-02-22,Austria,Valneva,0
2021-02-23,Austria,Moderna,1216
2021-02-23,Austria,Novavax,0
2021-02-23,Austria,Oxford/AstraZeneca,8317
2021-02-23,Austria,Pfizer/BioNTech,8852
2021-02-23,Austria,Sanofi/GSK,0
2021-02-23,Austria,Valneva,0
2021-02-24,Austria,Moderna,1216
2021-02-24,Austria,Novavax,0
2021-02-24,Austria,Oxford/AstraZeneca,8317
2021-02-24,Austria,Pfizer/BioNTech,8852
2021-02-24,Austria,Sanofi/GSK,0
2021-02-24,Austria,Valneva,0
2021-02-25,Austria,Moderna,1216
2021-02-25,Austria,Novavax,0
2021-02-25,Austria,Oxford/AstraZeneca,8317
2021-02-25,Austria,Pfizer/BioNTech,8852
2021-02-25,Austria,Sanofi/GSK,0
2021-02-25,Austria,Valneva,0
2021-02-26,Austria,Moderna,1347
2021-02-26,Austria,Novavax,0
2021-02-26,Austria,Oxford/AstraZeneca,7906
2021-02-26,Austria,Pfizer/BioNTech,15073
2021-02-26,Austria,Sanofi/GSK,0
2021-02-26,Austria,Valneva,0
2021-02-27,Austria,Moderna,1347
2021-02-27,Austria,Novavax,0
2021-02-27,Austria,Oxford/AstraZeneca,7906
2021-02-27,Austria,Pfizer/BioNTech,15073
2021-02-27,Austria,Sanofi/GSK,0
2021-02-27,Austria,Valneva,0
2021-02-28,Austria,Moderna,1347
2021-02-28,Austria,Novavax,0
2021-02-28,Austria,Oxford/AstraZeneca,7906
2021-02-28,Austria,Pfizer/BioNTech,15073
2021-02-28,Austria,Sanofi/GSK,0
2021-02-28,Austria,Valneva,0
2021-03-01,Austria,Moderna,1347
2021-03-01,Austria,Novavax,0
2021-03-01,Austria,Oxford/AstraZeneca,7906
2021-03-01,Austria,Pfizer/BioNTech,15073
2021-03-01,Austria,Sanofi/GSK,0
2021-03-01,Austria,Valneva,0
2021-03-02,Austria,Moderna,1347
2021-03-02,Austria,Novavax,0
2021-03-02,Austria,Oxford/AstraZeneca,7906
2021-03-02,Austria,Pfizer/BioNTech,15073
2021-03-02,Austria,Sanofi/GSK,0
2021-03-02,Austria,Valneva,0
2021-03-03,Austria,Moderna,1347
2021-03-03,Austria,Novavax,0
2021-03-03,Austria,Oxford/AstraZeneca,7906
2021-03-03,Austria,Pfizer/BioNTech,15073
2021-03-03,Austria,Sanofi/GSK,0
2021-03-03,Austria,Valneva,0
2021-03-04,Austria,Moderna,1347
2021-03-04,Austria,Novavax,0
2021-03-04,Austria,Oxford/AstraZeneca,7906
2021-03-04,Austria,Pfizer/BioNTech,15073
2021-03-04,Austria,Sanofi/GSK,0
2021-03-04,Austria,Valneva,0
2021-03-05,Austria,Moderna,2216
2021-03-05,Austria,Novavax,0
2021-03-05,Austria,Oxford/AstraZeneca,11339
2021-03-05,Austria,Pfizer/BioNTech,23580
2021-03-05,Austria,Sanofi/GSK,0
2021-03-05,Austria,Valneva,0
2021-03-06,Austria,Moderna,2216
2021-03-06,Austria,Novavax,0
2021-03-06,Austria,Oxford/AstraZeneca,11339
2021-03-06,Austria,Pfizer/BioNTech,23580
2021-03-06,Austria,Sanofi/GSK,0
2021-03-06,Austria,Valneva,0
2021-03-07,Austria,Moderna,2216
2021-03-07,Austria,Novavax,0
2021-03-07,Austria,Oxford/AstraZeneca,11339
2021-03-07,Austria,Pfizer/BioNTech,23580
2021-03-07,Austria,Sanofi/GSK,0
2021-03-07,Austria,Valneva,0
2021-03-08,Austria,Moderna,2216
2021-03-08,Austria,Novavax,0
2021-03-08,Austria,Oxford/AstraZeneca,11339
2021-03-08,Austria,Pfizer/BioNTech,23580
2021-03-08,Austria,Sanofi/GSK,0
2021-03-08,Austria,Valneva,0
2021-03-09,Austria,Moderna,2216
2021-03-09,Austria,Novavax,0
2021-03-09,Austria,Oxford/AstraZeneca,11339
2021-03-09,Austria,Pfizer/BioNTech,23580
2021-03-09,Austria,Sanofi/GSK,0
2021-03-09,Austria,Valneva,0
2021-03-10,Austria,Moderna,2216
2021-03-10,Austria,Novavax,0
2021-03-10,Austria,Oxford/AstraZeneca,11339
2021-03-10,Austria,Pfizer/BioNTech,23580
2021-03-10,Austria,Sanofi/GSK,0
2021-03-10,Austria,Valneva,0
2021-03-11,Austria,Moderna,2216
2021-03-11,Austria,Novavax,0
2021-03-11,Austria,Oxford/AstraZeneca,11339
2021-03-11,Austria,Pfizer/BioNTech,23580
2021-03-11,Austria,Sanofi/GSK,0
2021-03-11,Austria,Valneva,0
2021-03-12,Austria,Moderna,4573
2021-03-12,Austria,Novavax,0
2021-03-12,Austria,Oxford/AstraZeneca,10540
2021-03-12,Austria,Pfizer/BioNTech,19157
2021-03-12,Austria,Sanofi/GSK,0
2021-03-12,Austria,Valneva,0
2021-03-13,Austria,Moderna,4573
2021-03-13,Austria,Novavax,0
2021-03-13,Austria,Oxford/AstraZeneca,10540
2021-03-13,Austria,Pfizer/BioNTech,19157
2021-03-13,Austria,Sanofi/GSK,0
2021-03-13,Austria,Valneva,0
2021-03-14,Austria,Moderna,4573
2021-03-14,Austria,Novavax,0
2021-03-14,Austria,Oxford/AstraZeneca,10540
2021-03-14,Austria,Pfizer/BioNTech,19157
2021-03-14,Austria,Sanofi/GSK,0
2021-03-14,Austria,Valneva,0
2021-03-15,Austria,Moderna,4573
2021-03-15,Austria,Novavax,0
2021-03-15,Austria,Oxford/AstraZeneca,10540
2021-03-15,Austria,Pfizer/BioNTech,19157
2021-03-15,Austria,Sanofi/GSK,0
2021-03-15,Austria,Valneva,0
2021-03-16,Austria,Moderna,4573
2021-03-16,Austria,Novavax,0
2021-03-16,Austria,Oxford/AstraZeneca,10540
2021-03-16,Austria,Pfizer/BioNTech,19157
2021-03-16,Austria,Sanofi/GSK,0
2021-03-16,Austria,Valneva,0
2021-03-17,Austria,Moderna,4573
2021-03-17,Austria,Novavax,0
2021-03-17,Austria,Oxford/AstraZeneca,10540
2021-03-17,Austria,Pfizer/BioNTech,19157
2021-03-17,Austria,Sanofi/GSK,0
2021-03-17,Austria,Valneva,0
2021-03-18,Austria,Moderna,4573
2021-03-18,Austria,Novavax,0
2021-03-18,Austria,Oxford/AstraZeneca,10540
2021-03-18,Austria,Pfizer/BioNTech,19157
2021-03-18,Austria,Sanofi/GSK,0
2021-03-18,Austria,Valneva,0
2021-03-19,Austria,Moderna,3663
2021-03-19,Austria,Novavax,0
2021-03-19,Austria,Oxford/AstraZeneca,10865
2021-03-19,Austria,Pfizer/BioNTech,21228
2021-03-19,Austria,Sanofi/GSK,0
2021-03-19,Austria,Valneva,0
2021-03-20,Austria,Moderna,3663
2021-03-20,Austria,Novavax,0
2021-03-20,Austria,Oxford/AstraZeneca,10865
2021-03-20,Austria,Pfizer/BioNTech,21228
2021-03-20,Austria,Sanofi/GSK,0
2021-03-20,Austria,Valneva,0
2021-03-21,Austria,Moderna,3663
2021-03-21,Austria,Novavax,0
2021-03-21,Austria,Oxford/AstraZeneca,10865
2021-03-21,Austria,Pfizer/BioNTech,21228
2021-03-21,Austria,Sanofi/GSK,0
2021-03-21,Austria,Valneva,0
2021-03-22,Austria,Moderna,3663
2021-03-22,Austria,Novavax,0
2021-03-22,Austria,Oxford/AstraZeneca,10865
2021-03-22,Austria,Pfizer/BioNTech,21228
2021-03-22,Austria,Sanofi/GSK,0
2021-03-22,Austria,Valneva,0
2021-03-23,Austria,Moderna,3663
2021-03-23,Austria,Novavax,0
2021-03-23,Austria,Oxford/AstraZeneca,10865
2021-03-23,Austria,Pfizer/BioNTech,21228
2021-03-23,Austria,Sanofi/GSK,0
2021-03-23,Austria,Valneva,0
2021-03-24,Austria,Moderna,3663
2021-03-24,Austria,Novavax,0
2021-03-24,Austria,Oxford/AstraZeneca,10865
2021-03-24,Austria,Pfizer/BioNTech,21228
2021-03-24,Austria,Sanofi/GSK,0
2021-03-24,Austria,Valneva,0
2021-03-25,Austria,Moderna,3663
2021-03-25,Austria,Novavax,0
2021-03-25,Austria,Oxford/AstraZeneca,10865
2021-03-25,Austria,Pfizer/BioNTech,21228
2021-03-25,Austria,Sanofi/GSK,0
2021-03-25,Austria,Valneva,0
2021-03-26,Austria,Moderna,5249
2021-03-26,Austria,Novavax,0
2021-03-26,Austria,Oxford/AstraZeneca,5564
2021-03-26,Austria,Pfizer/BioNTech,21462
2021-03-26,Austria,Sanofi/GSK,0
2021-03-26,Austria,Valneva,0
2021-03-27,Austria,Moderna,5249
2021-03-27,Austria,Novavax,0
2021-03-27,Austria,Oxford/AstraZeneca,5564
2021-03-27,Austria,Pfizer/BioNTech,21462
2021-03-27,Austria,Sanofi/GSK,0
2021-03-27,Austria,Valneva,0
2021-03-28,Austria,Moderna,5249
2021-03-28,Austria,Novavax,0
2021-03-28,Austria,Oxford/AstraZeneca,5564
2021-03-28,Austria,Pfizer/BioNTech,21462
2021-03-28,Austria,Sanofi/GSK,0
2021-03-28,Austria,Valneva,0
2021-03-29,Austria,Moderna,5249
2021-03-29,Austria,Novavax,0
2021-03-29,Austria,Oxford/AstraZeneca,5564
2021-03-29,Austria,Pfizer/BioNTech,21462
2021-03-29,Austria,Sanofi/GSK,0
2021-03-29,Austria,Valneva,0
2021-03-30,Austria,Moderna,5249
2021-03-30,Austria,Novavax,0
2021-03-30,Austria,Oxford/AstraZeneca,5564
2021-03-30,Austria,Pfizer/BioNTech,21462
2021-03-30,Austria,Sanofi/GSK,0
2021-03-30,Austria,Valneva,0
2021-03-31,Austria,Moderna,5249
2021-03-31,Austria,Novavax,0
2021-03-31,Austria,Oxford/AstraZeneca,5564
2021-03-31,Austria,Pfizer/BioNTech,21462
2021-03-31,Austria,Sanofi/GSK,0
2021-03-31,Austria,Valneva,0
2021-04-01,Austria,Moderna,5249
2021-04-01,Austria,Novavax,0
2021-04-01,Austria,Oxford/AstraZeneca,5564
2021-04-01,Austria,Pfizer/BioNTech,21462
2021-04-01,Austria,Sanofi/GSK,0
2021-04-01,Austria,Valneva,0
2021-04-02,Austria,Moderna,5711
2021-04-02,Austria,Novavax,0
2021-04-02,Austria,Oxford/AstraZeneca,12996
2021-04-02,Austria,Pfizer/BioNTech,32158
2021-04-02,Austria,Sanofi/GSK,0
2021-04-02,Austria,Valneva,0
2021-04-03,Austria,Moderna,5711
2021-04-03,Austria,Novavax,0
2021-04-03,Austria,Oxford/AstraZeneca,12996
2021-04-03,Austria,Pfizer/BioNTech,32158
2021-04-03,Austria,Sanofi/GSK,0
2021-04-03,Austria,Valneva,0
2021-04-04,Austria,Moderna,5711
2021-04-04,Austria,Novavax,0
2021-04-04,Austria,Oxford/AstraZeneca,12996
2021-04-04,Austria,Pfizer/BioNTech,32158
2021-04-04,Austria,Sanofi/GSK,0
2021-04-04,Austria,Valneva,0
2021-04-05,Austria,Moderna,5711
2021-04-05,Austria,Novavax,0
2021-04-05,Austria,Oxford/AstraZeneca,12996
2021-04-05,Austria,Pfizer/BioNTech,32158
2021-04-05,Austria,Sanofi/GSK,0
2021-04-05,Austria,Valneva,0
2021-04-06,Austria,Moderna,5711
2021-04-06,Austria,Novavax,0
2021-04-06,Austria,Oxford/AstraZeneca,12996
2021-04-06,Austria,Pfizer/BioNTech,32158
2021-04-06,Austria,Sanofi/GSK,0
2021-04-06,Austria,Valneva,0
2021-04-07,Austria,Moderna,5711
2021-04-07,Austria,Novavax,0
2021-04-07,Austria,Oxford/AstraZeneca,12996
2021-04-07,Austria,Pfizer/BioNTech,32158
2021-04-07,Austria,Sanofi/GSK,0
2021-04-07,Austria,Valneva,0
2021-04-08,Austria,Moderna,5711
2021-04-08,Austria,Novavax,0
2021-04-08,Austria,Oxford/AstraZeneca,12996
2021-04-08,Austria,Pfizer/BioNTech,32158
2021-04-08,Austria,Sanofi/GSK,0
2021-04-08,Austria,Valneva,0
2021-04-09,Austria,Moderna,6153
2021-04-09,Austria,Novavax,0
2021-04-09,Austria,Oxford/AstraZeneca,13792
2021-04-09,Austria,Pfizer/BioNTech,33950
2021-04-09,Austria,Sanofi/GSK,0
2021-04-09,Austria,Valneva,0
2021-04-10,Austria,Moderna,6153
2021-04-10,Austria,Novavax,0
2021-04-10,Austria,Oxford/AstraZeneca,13792
2021-04-10,Austria,Pfizer/BioNTech,33950
2021-04-10,Austria,Sanofi/GSK,0
2021-04-10,Austria,Valneva,0
2021-04-11,Austria,Moderna,6153
2021-04-11,Austria,Novavax,0
2021-04-11,Austria,Oxford/AstraZeneca,13792
2021-04-11,Austria,Pfizer/BioNTech,33950
2021-04-11,Austria,Sanofi/GSK,0
2021-04-11,Austria,Valneva,0
2021-04-12,Austria,Moderna,6153
2021-04-12,Austria,Novavax,0
2021-04-12,Austria,Oxford/AstraZeneca,13792
2021-04-12,Austria,Pfizer/BioNTech,33950
2021-04-12,Austria,Sanofi/GSK,0
2021-04-12,Austria,Valneva,0
2021-04-13,Austria,Moderna,6153
2021-04-13,Austria,Novavax,0
2021-04-13,Austria,Oxford/AstraZeneca,13792
2021-04-13,Austria,Pfizer/BioNTech,33950
2021-04-13,Austria,Sanofi/GSK,0
2021-04-13,Austria,Valneva,0
2021-04-14,Austria,Moderna,6153
2021-04-14,Austria,Novavax,0
2021-04-14,Austria,Oxford/AstraZeneca,13792
2021-04-14,Austria,Pfizer/BioNTech,33950
2021-04-14,Austria,Sanofi/GSK,0
2021-04-14,Austria,Valneva,0
2021-04-15,Austria,Moderna,6153
2021-04-15,Austria,Novavax,0
2021-04-15,Austria,Oxford/AstraZeneca,13792
2021-04-15,Austria,Pfizer/BioNTech,33950
2021-04-15,Austria,Sanofi/GSK,0
2021-04-15,Austria,Valneva,0
2021-04-16,Austria,Moderna,5413
2021-04-16,Austria,Novavax,0
2021-04-16,Austria,Oxford/AstraZeneca,7060
2021-04-16,Austria,Pfizer/BioNTech,38213
2021-04-16,Austria,Sanofi/GSK,0
2021-04-16,Austria,Valneva,0
2021-04-17,Austria,Moderna,5413
2021-04-17,Austria,Novavax,0
2021-04-17,Austria,Oxford/AstraZeneca,7060
2021-04-17,Austria,Pfizer/BioNTech,38213
2021-04-17,Austria,Sanofi/GSK,0
2021-04-17,Austria,Valneva,0
2021-04-18,Austria,Moderna,5413
2021-04-18,Austria,Novavax,0
2021-04-18,Austria,Oxford/AstraZeneca,7060
2021-04-18,Austria,Pfizer/BioNTech,38213
2021-04-18,Austria,Sanofi/GSK,0
2021-04-18,Austria,Valneva,0
2021-04-19,Austria,Moderna,5413
2021-04-19,Austria,Novavax,0
2021-04-19,Austria,Oxford/AstraZeneca,7060
2021-04-19,Austria,Pfizer/BioNTech,38213
2021-04-19,Austria,Sanofi/GSK,0
2021-04-19,Austria,Valneva,0
2021-04-20,Austria,Moderna,5413
2021-04-20,Austria,Novavax,0
2021-04-20,Austria,Oxford/AstraZeneca,7060
2021-04-20,Austria,Pfizer/BioNTech,38213
2021-04-20,Austria,Sanofi/GSK,0
2021-04-20,Austria,Valneva,0
2021-04-21,Austria,Moderna,5413
2021-04-21,Austria,Novavax,0
2021-04-21,Austria,Oxford/AstraZeneca,7060
2021-04-21,Austria,Pfizer/BioNTech,38213
2021-04-21,Austria,Sanofi/GSK,0
2021-04-21,Austria,Valneva,0
2021-04-22,Austria,Moderna,5413
2021-04-22,Austria,Novavax,0
2021-04-22,Austria,Oxford/AstraZeneca,7060
2021-04-22,Austria,Pfizer/BioNTech,38213
2021-04-22,Austria,Sanofi/GSK,0
2021-04-22,Austria,Valneva,0
2021-04-23,Austria,Moderna,5642
2021-04-23,Austria,Novavax,0
2021-04-23,Austria,Oxford/AstraZeneca,6127
2021-04-23,Austria,Pfizer/BioNTech,39692
2021-04-23,Austria,Sanofi/GSK,0
2021-04-23,Austria,Valneva,0
2021-04-24,Austria,Moderna,5642
2021-04-24,Austria,Novavax,0
2021-04-24,Austria,Oxford/AstraZeneca,6127
2021-04-24,Austria,Pfizer/BioNTech,39692
2021-04-24,Austria,Sanofi/GSK,0
2021-04-24,Austria,Valneva,0
2021-04-25,Austria,Moderna,5642
2021-04-25,Austria,Novavax,0
2021-04-25,Austria,Oxford/AstraZeneca,6127
2021-04-25,Austria,Pfizer/BioNTech,39692
2021-04-25,Austria,Sanofi/GSK,0
2021-04-25,Austria,Valneva,0
2021-04-26,Austria,Moderna,5642
2021-04-26,Austria,Novavax,0
2021-04-26,Austria,Oxford/AstraZeneca,6127
2021-04-26,Austria,Pfizer/BioNTech,39692
2021-04-26,Austria,Sanofi/GSK,0
2021-04-26,Austria,Valneva,0
2021-04-27,Austria,Moderna,5642
2021-04-27,Austria,Novavax,0
2021-04-27,Austria,Oxford/AstraZeneca,6127
2021-04-27,Austria,Pfizer/BioNTech,39692
2021-04-27,Austria,Sanofi/GSK,0
2021-04-27,Austria,Valneva,0
2021-04-28,Austria,Moderna,5642
2021-04-28,Austria,Novavax,0
2021-04-28,Austria,Oxford/AstraZeneca,6127
2021-04-28,Austria,Pfizer/BioNTech,39692
2021-04-28,Austria,Sanofi/GSK,0
2021-04-28,Austria,Valneva,0
2021-04-29,Austria,Moderna,5642
2021-04-29,Austria,Novavax,0
2021-04-29,Austria,Oxford/AstraZeneca,6127
2021-04-29,Austria,Pfizer/BioNTech,39692
2021-04-29,Austria,Sanofi/GSK,0
2021-04-29,Austria,Valneva,0
2021-04-30,Austria,Moderna,7133
2021-04-30,Austria,Novavax,0
2021-04-30,Austria,Oxford/AstraZeneca,9095
2021-04-30,Austria,Pfizer/BioNTech,47983
2021-04-30,Austria,Sanofi/GSK,0
2021-04-30,Austria,Valneva,0
2021-05-01,Austria,Moderna,7133
2021-05-01,Austria,Novavax,0
2021-05-01,Austria,Oxford/AstraZeneca,9095
2021-05-01,Austria,Pfizer/BioNTech,47983
2021-05-01,Austria,Sanofi/GSK,0
2021-05-01,Austria,Valneva,0
2021-05-02,Austria,Moderna,7133
2021-05-02,Austria,Novavax,0
2021-05-02,Austria,Oxford/AstraZeneca,9095
2021-05-02,Austria,Pfizer/BioNTech,47983
2021-05-02,Austria,Sanofi/GSK,0
2021-05-02,Austria,Valneva,0
2021-05-03,Austria,Moderna,7133
2021-05-03,Austria,Novavax,0
2021-05-03,Austria,Oxford/AstraZeneca,9095
2021-05-03,Austria,Pfizer/BioNTech,47983
2021-05-03,Austria,Sanofi/GSK,0
2021-05-03,Austria,Valneva,0
2021-05-04,Austria,Moderna,7133
2021-05-04,Austria,Novavax,0
2021-05-04,Austria,Oxford/AstraZeneca,9095
2021-05-04,Austria,Pfizer/BioNTech,47983
2021-05-04,Austria,Sanofi/GSK,0
2021-05-04,Austria,Valneva,0
2021-05-05,Austria,Moderna,7133
2021-05-05,Austria,Novavax,0
2021-05-05,Austria,Oxford/AstraZeneca,9095
2021-05-05,Austria,Pfizer/BioNTech,47983
2021-05-05,Austria,Sanofi/GSK,0
2021-05-05,Austria,Valneva,0
2021-05-06,Austria,Moderna,7133
2021-05-06,Austria,Novavax,0
2021-05-06,Austria,Oxford/AstraZeneca,9095
2021-05-06,Austria,Pfizer/BioNTech,47983
2021-05-06,Austria,Sanofi/GSK,0
2021-05-06,Austria,Valneva,0
2021-05-07,Austria,Moderna,7258
2021-05-07,Austria,Novavax,0
2021-05-07,Austria,Oxford/AstraZeneca,9271
2021-05-07,Austria,Pfizer/BioNTech,43663
2021-05-07,Austria,Sanofi/GSK,0
2021-05-07,Austria,Valneva,0
2021-05-08,Austria,Moderna,7258
2021-05-08,Austria,Novavax,0
2021-05-08,Austria,Oxford/AstraZeneca,9271
2021-05-08,Austria,Pfizer/BioNTech,43663
2021-05-08,Austria,Sanofi/GSK,0
2021-05-08,Austria,Valneva,0
2021-05-09,Austria,Moderna,7258
2021-05-09,Austria,Novavax,0
2021-05-09,Austria,Oxford/AstraZeneca,9271
2021-05-09,Austria,Pfizer/BioNTech,43663
2021-05-09,Austria,Sanofi/GSK,0
2021-05-09,Austria,Valneva,0
2021-05-10,Austria,Moderna,7258
2021-05-10,Austria,Novavax,0
2021-05-10,Austria,Oxford/AstraZeneca,9271
2021-05-10,Austria,Pfizer/BioNTech,43663
2021-05-10,Austria,Sanofi/GSK,0
2021-05-10,Austria,Valneva,0
2021-05-11,Austria,Moderna,7258
2021-05-11,Austria,Novavax,0
2021-05-11,Austria,Oxford/AstraZeneca,9271
2021-05-11,Austria,Pfizer/BioNTech,43663
2021-05-11,Austria,Sanofi/GSK,0
2021-05-11,Austria,Valneva,0
2021-05-12,Austria,Moderna,7258
2021-05-12,Austria,Novavax,0
2021-05-12,Austria,Oxford/AstraZeneca,9271
2021-05-12,Austria,Pfizer/BioNTech,43663
2021-05-12,Austria,Sanofi/GSK,0
2021-05-12,Austria,Valneva,0
2021-05-13,Austria,Moderna,7258
2021-05-13,Austria,Novavax,0
2021-05-13,Austria,Oxford/AstraZeneca,9271
2021-05-13,Austria,Pfizer/BioNTech,43663
2021-05-13,Austria,Sanofi/GSK,0
2021-05-13,Austria,Valneva,0
2021-05-14,Austria,Moderna,9846
2021-05-14,Austria,Novavax,0
2021-05-14,Austria,Oxford/AstraZeneca,11212
2021-05-14,Austria,Pfizer/BioNTech,55199
2021-05-14,Austria,Sanofi/GSK,0
2021-05-14,Austria,Valneva,0
2021-05-15,Austria,Moderna,9846
2021-05-15,Austria,Novavax,0
2021-05-15,Austria,Oxford/AstraZeneca,11212
2021-05-15,Austria,Pfizer/BioNTech,55199
2021-05-15,Austria,Sanofi/GSK,0
2021-05-15,Austria,Valneva,0
2021-05-16,Austria,Moderna,9846
2021-05-16,Austria,Novavax,0
2021-05-16,Austria,Oxford/AstraZeneca,11212
2021-05-16,Austria,Pfizer/BioNTech,55199
2021-05-16,Austria,Sanofi/GSK,0
2021-05-16,Austria,Valneva,0
2021-05-17,Austria,Moderna,9846
2021-05-17,Austria,Novavax,0
2021-05-17,Austria,Oxford/AstraZeneca,11212
2021-05-17,Austria,Pfizer/BioNTech,55199
2021-05-17,Austria,Sanofi/GSK,0
2021-05-17,Austria,Valneva,0
2021-05-18,Austria,Moderna,9846
2021-05-18,Austria,Novavax,0
2021-05-18,Austria,Oxford/AstraZeneca,11212
2021-05-18,Austria,Pfizer/BioNTech,55199
2021-05-18,Austria,Sanofi/GSK,0
2021-05-18,Austria,Valneva,0
2021-05-19,Austria,Moderna,9846
2021-05-19,Austria,Novavax,0
2021-05-19,Austria,Oxford/AstraZeneca,11212
2021-05-19,Austria,Pfizer/BioNTech,55199
2021-05-19,Austria,Sanofi/GSK,0
2021-05-19,Austria,Valneva,0
2021-05-20,Austria,Moderna,9846
2021-05-20,Austria,Novavax,0
2021-05-20,Austria,Oxford/AstraZeneca,11212
2021-05-20,Austria,Pfizer/BioNTech,55199
2021-05-20,Austria,Sanofi/GSK,0
2021-05-20,Austria,Valneva,0
2021-05-21,Austria,Moderna,7771
2021-05-21,Austria,Novavax,0
2021-05-21,Austria,Oxford/AstraZeneca,11911
2021-05-21,Austria,Pfizer/BioNTech,49070
2021-05-21,Austria,Sanofi/GSK,0
2021-05-21,Austria,Valneva,0
2021-05-22,Austria,Moderna,7771
2021-05-22,Austria,Novavax,0
2021-05-22,Austria,Oxford/AstraZeneca,11911
2021-05-22,Austria,Pfizer/BioNTech,49070
2021-05-22,Austria,Sanofi/GSK,0
2021-05-22,Austria,Valneva,0
2021-05-23,Austria,Moderna,7771
2021-05-23,Austria,Novavax,0
2021-05-23,Austria,Oxford/AstraZeneca,11911
2021-05-23,Austria,Pfizer/BioNTech,49070
2021-05-23,Austria,Sanofi/GSK,0
2021-05-23,Austria,Valneva,0
2021-05-24,Austria,Moderna,7771
2021-05-24,Austria,Novavax,0
2021-05-24,Austria,Oxford/AstraZeneca,11911
2021-05-24,Austria,Pfizer/BioNTech,49070
2021-05-24,Austria,Sanofi/GSK,0
2021-05-24,Austria,Valneva,0
2021-05-25,Austria,Moderna,7771
2021-05-25,Austria,Novavax,0
2021-05-25,Austria,Oxford/AstraZeneca,11911
2021-05-25,Austria,Pfizer/BioNTech,49070
2021-05-25,Austria,Sanofi/GSK,0
2021-05-25,Austria,Valneva,0
2021-05-26,Austria,Moderna,7771
2021-05-26,Austria,Novavax,0
2021-05-26,Austria,Oxford/AstraZeneca,11911
2021-05-26,Austria,Pfizer/BioNTech,49070
2021-05-26,Austria,Sanofi/GSK,0
2021-05-26,Austria,Valneva,0
2021-05-27,Austria,Moderna,7771
2021-05-27,Austria,Novavax,0
2021-05-27,Austria,Oxford/AstraZeneca,11911
2021-05-27,Austria,Pfizer/BioNTech,49070
2021-05-27,Austria,Sanofi/GSK,0
2021-05-27,Austria,Valneva,0
2021-05-28,Austria,Moderna,8064
2021-05-28,Austria,Novavax,0
2021-05-28,Austria,Oxford/AstraZeneca,9841
2021-05-28,Austria,Pfizer/BioNTech,62604
2021-05-28,Austria,Sanofi/GSK,0
2021-05-28,Austria,Valneva,0
2021-05-29,Austria,Moderna,8064
2021-05-29,Austria,Novavax,0
2021-05-29,Austria,Oxford/AstraZeneca,9841
2021-05-29,Austria,Pfizer/BioNTech,62604
2021-05-29,Austria,Sanofi/GSK,0
2021-05-29,Austria,Valneva,0
2021-05-30,Austria,Moderna,8064
2021-05-30,Austria,Novavax,0
2021-05-30,Austria,Oxford/AstraZeneca,9841
2021-05-30,Austria,Pfizer/BioNTech,62604
2021-05-30,Austria,Sanofi/GSK,0
2021-05-30,Austria,Valneva,0
2021-05-31,Austria,Moderna,8064
2021-05-31,Austria,Novavax,0
2021-05-31,Austria,Oxford/AstraZeneca,9841
2021-05-31,Austria,Pfizer/BioNTech,62604
2021-05-31,Austria,Sanofi/GSK,0
2021-05-31,Austria,Valneva,0
2021-06-01,Austria,Moderna,8064
2021-06-01,Austria,Novavax,0
2021-06-01,Austria,Oxford/AstraZeneca,9841
2021-06-01,Austria,Pfizer/BioNTech,62604
2021-06-01,Austria,Sanofi/GSK,0
2021-06-01,Austria,Valneva,0
2021-06-02,Austria,Moderna,8064
2021-06-02,Austria,Novavax,0
2021-06-02,Austria,Oxford/AstraZeneca,9841
2021-06-02,Austria,Pfizer/BioNTech,62604
2021-06-02,Austria,Sanofi/GSK,0
2021-06-02,Austria,Valneva,0
2021-06-03,Austria,Moderna,8064
2021-06-03,Austria,Novavax,0
2021-06-03,Austria,Oxford/AstraZeneca,9841
2021-06-03,Austria,Pfizer/BioNTech,62604
2021-06-03,Austria,Sanofi/GSK,0
2021-06-03,Austria,Valneva,0
2021-06-04,Austria,Moderna,9154
2021-06-04,Austria,Novavax,0
2021-06-04,Austria,Oxford/AstraZeneca,13668
2021-06-04,Austria,Pfizer/BioNTech,65129
2021-06-04,Austria,Sanofi/GSK,0
2021-06-04,Austria,Valneva,0
2021-06-05,Austria,Moderna,9154
2021-06-05,Austria,Novavax,0
2021-06-05,Austria,Oxford/AstraZeneca,13668
2021-06-05,Austria,Pfizer/BioNTech,65129
2021-06-05,Austria,Sanofi/GSK,0
2021-06-05,Austria,Valneva,0
2021-06-06,Austria,Moderna,9154
2021-06-06,Austria,Novavax,0
2021-06-06,Austria,Oxford/AstraZeneca,13668
2021-06-06,Austria,Pfizer/BioNTech,65129
2021-06-06,Austria,Sanofi/GSK,0
2021-06-06,Austria,Valneva,0
2021-06-07,Austria,Moderna,9154
2021-06-07,Austria,Novavax,0
2021-06-07,Austria,Oxford/AstraZeneca,13668
2021-06-07,Austria,Pfizer/BioNTech,65129
2021-06-07,Austria,Sanofi/GSK,0
2021-06-07,Austria,Valneva,0
2021-06-08,Austria,Moderna,9154
2021-06-08,Austria,Novavax,0
2021-06-08,Austria,Oxford/AstraZeneca,13668
2021-06-08,Austria,Pfizer/BioNTech,65129
2021-06-08,Austria,Sanofi/GSK,0
2021-06-08,Austria,Valneva,0
2021-06-09,Austria,Moderna,9154
2021-06-09,Austria,Novavax,0
2021-06-09,Austria,Oxford/AstraZeneca,13668
2021-06-09,Austria,Pfizer/BioNTech,65129
2021-06-09,Austria,Sanofi/GSK,0
2021-06-09,Austria,Valneva,0
2021-06-10,Austria,Moderna,9154
2021-06-10,Austria,Novavax,0
2021-06-10,Austria,Oxford/AstraZeneca,13668
2021-06-10,Austria,Pfizer/BioNTech,65129
2021-06-10,Austria,Sanofi/GSK,0
2021-06-10,Austria,Valneva,0
2021-06-11,Austria,Moderna,7229
2021-06-11,Austria,Novavax,0
2021-06-11,Austria,Oxford/AstraZeneca,7467
2021-06-11,Austria,Pfizer/BioNTech,68686
2021-06-11,Austria,Sanofi/GSK,0
2021-06-11,Austria,Valneva,0
2021-06-12,Austria,Moderna,7229
2021-06-12,Austria,Novavax,0
2021-06-12,Austria,Oxford/AstraZeneca,7467
2021-06-12,Austria,Pfizer/BioNTech,68686
2021-06-12,Austria,Sanofi/GSK,0
2021-06-12,Austria,Valneva,0
2021-06-13,Austria,Moderna,7229
2021-06-13,Austria,Novavax,0
2021-06-13,Austria,Oxford/AstraZeneca,7467
2021-06-13,Austria,Pfizer/BioNTech,68686
2021-06-13,Austria,Sanofi/GSK,0
2021-06-13,Austria,Valneva,0
2021-06-14,Austria,Moderna,7229
2021-06-14,Austria,Novavax,0
2021-06-14,Austria,Oxford/AstraZeneca,7467
2021-06-14,Austria,Pfizer/BioNTech,68686
2021-06-14,Austria,Sanofi/GSK,0
2021-06-14,Austria,Valneva,0
2021-06-15,Austria,Moderna,7229
2021-06-15,Austria,Novavax,0
2021-06-15,Austria,Oxford/AstraZeneca,7467
2021-06-15,Austria,Pfizer/BioNTech,68686
2021-06-15,Austria,Sanofi/GSK,0
2021-06-15,Austria,Valneva,0
2021-06-16,Austria,Moderna,7229
2021-06-16,Austria,Novavax,0
2021-06-16,Austria,Oxford/AstraZeneca,7467
2021-06-16,Austria,Pfizer/BioNTech,68686
2021-06-16,Austria,Sanofi/GSK,0
2021-06-16,Austria,Valneva,0
2021-06-17,Austria,Moderna,7229
2021-06-17,Austria,Novavax,0
2021-06-17,Austria,Oxford/AstraZeneca,7467
2021-06-17,Austria,Pfizer/BioNTech,68686
2021-06-17,Austria,Sanofi/GSK,0
2021-06-17,Austria,Valneva,0
2021-06-18,Austria,Moderna,8110
2021-06-18,Austria,Novavax,0
2021-06-18,Austria,Oxford/AstraZeneca,10554
2021-06-18,Austria,Pfizer/BioNTech,68358
2021-06-18,Austria,Sanofi/GSK,0
2021-06-18,Austria,Valneva,0
2021-06-19,Austria,Moderna,8110
2021-06-19,Austria,Novavax,0
2021-06-19,Austria,Oxford/AstraZeneca,10554
2021-06-19,Austria,Pfizer/BioNTech,68358
2021-06-19,Austria,Sanofi/GSK,0
2021-06-19,Austria,Valneva,0
2021-06-20,Austria,Moderna,8110
2021-06-20,Austria,Novavax,0
2021-06-20,Austria,Oxford/AstraZeneca,10554
2021-06-20,Austria,Pfizer/BioNTech,68358
2021-06-20,Austria,Sanofi/GSK,0
2021-06-20,Austria,Valneva,0
2021-06-21,Austria,Moderna,8110
2021-06-21,Austria,Novavax,0
2021-06-21,Austria,Oxford/AstraZeneca,10554
2021-06-21,Austria,Pfizer/BioNTech,68358
2021-06-21,Austria,Sanofi/GSK,0
2021-06-21,Austria,Valneva,0
2021-06-22,Austria,Moderna,8110
2021-06-22,Austria,Novavax,0
2021-06-22,Austria,Oxford/AstraZeneca,10554
2021-06-22,Austria,Pfizer/BioNTech,68358
2021-06-22,Austria,Sanofi/GSK,0
2021-06-22,Austria,Valneva,0
2021-06-23,Austria,Moderna,8110
2021-06-23,Austria,Novavax,0
2021-06-23,Austria,Oxford/AstraZeneca,10554
2021-06-23,Austria,Pfizer/BioNTech,68358
2021-06-23,Austria,Sanofi/GSK,0
2021-06-23,Austria,Valneva,0
2021-06-24,Austria,Moderna,8110
2021-06-24,Austria,Novavax,0
2021-06-24,Austria,Oxford/AstraZeneca,10554
2021-06-24,Austria,Pfizer/BioNTech,68358
2021-06-24,Austria,Sanofi/GSK,0
2021-06-24,Austria,Valneva,0
2021-06-25,Austria,Moderna,8721
2021-06-25,Austria,Novavax,0
2021-06-25,Austria,Oxford/AstraZeneca,15381
2021-06-25,Austria,Pfizer/BioNTech,61575
2021-06-25,Austria,Sanofi/GSK,0
2021-06-25,Austria,Valneva,0
2021-06-26,Austria,Moderna,8721
2021-06-26,Austria,Novavax,0
2021-06-26,Austria,Oxford/AstraZeneca,15381
2021-06-26,Austria,Pfizer/BioNTech,61575
2021-06-26,Austria,Sanofi/GSK,0
2021-06-26,Austria,Valneva,0
2021-06-27,Austria,Moderna,8721
2021-06-27,Austria,Novavax,0
2021-06-27,Austria,Oxford/AstraZeneca,15381
2021-06-27,Austria,Pfizer/BioNTech,61575
2021-06-27,Austria,Sanofi/GSK,0
2021-06-27,Austria,Valneva,0
2021-06-28,Austria,Moderna,8721
2021-06-28,Austria,Novavax,0
2021-06-28,Austria,Oxford/AstraZeneca,15381
2021-06-28,Austria,Pfizer/BioNTech,61575
2021-06-28,Austria,Sanofi/GSK,0
2021-06-28,Austria,Valneva,0
2021-06-29,Austria,Moderna,8721
2021-06-29,Austria,Novavax,0
2021-06-29,Austria,Oxford/AstraZeneca,15381
2021-06-29,Austria,Pfizer/BioNTech,61575
2021-06-29,Austria,Sanofi/GSK,0
2021-06-29,Austria,Valneva,0
2021-06-30,Austria,Moderna,8721
2021-06-30,Austria,Novavax,0
2021-06-30,Austria,Oxford/AstraZeneca,15381
2021-06-30,Austria,Pfizer/BioNTech,61575
2021-06-30,Austria,Sanofi/GSK,0
2021-06-30,Austria,Valneva,0
2021-07-01,Austria,Moderna,8721
2021-07-01,Austria,Novavax,0
2021-07-01,Austria,Oxford/AstraZeneca,15381
2021-07-01,Austria,Pfizer/BioNTech,61575
2021-07-01,Austria,Sanofi/GSK,0
2021-07-01,Austria,Valneva,0
2021-07-02,Austria,Moderna,7352
2021-07-02,Austria,Novavax,0
2021-07-02,Austria,Oxford/AstraZeneca,9235
2021-07-02,Austria,Pfizer/BioNTech,51524
2021-07-02,Austria,Sanofi/GSK,0
2021-07-02,Austria,Valneva,0
2021-07-03,Austria,Moderna,7352
2021-07-03,Austria,Novavax,0
2021-07-03,Austria,Oxford/AstraZeneca,9235
2021-07-03,Austria,Pfizer/BioNTech,51524
2021-07-03,Austria,Sanofi/GSK,0
2021-07-03,Austria,Valneva,0
2021-07-04,Austria,Moderna,7352
2021-07-04,Austria,Novavax,0
2021-07-04,Austria,Oxford/AstraZeneca,9235
2021-07-04,Austria,Pfizer/BioNTech,51524
2021-07-04,Austria,Sanofi/GSK,0
2021-07-04,Austria,Valneva,0
2021-07-05,Austria,Moderna,7352
2021-07-05,Austria,Novavax,0
2021-07-05,Austria,Oxford/AstraZeneca,9235
2021-07-05,Austria,Pfizer/BioNTech,51524
2021-07-05,Austria,Sanofi/GSK,0
2021-07-05,Austria,Valneva,0
2021-07-06,Austria,Moderna,7352
2021-07-06,Austria,Novavax,0
2021-07-06,Austria,Oxford/AstraZeneca,9235
2021-07-06,Austria,Pfizer/BioNTech,51524
2021-07-06,Austria,Sanofi/GSK,0
2021-07-06,Austria,Valneva,0
2021-07-07,Austria,Moderna,7352
2021-07-07,Austria,Novavax,0
2021-07-07,Austria,Oxford/AstraZeneca,9235
2021-07-07,Austria,Pfizer/BioNTech,51524
2021-07-07,Austria,Sanofi/GSK,0
2021-07-07,Austria,Valneva,0
2021-07-08,Austria,Moderna,7352
2021-07-08,Austria,Novavax,0
2021-07-08,Austria,Oxford/AstraZeneca,9235
2021-07-08,Austria,Pfizer/BioNTech,51524
2021-07-08,Austria,Sanofi/GSK,0
2021-07-08,Austria,Valneva,0
2021-07-09,Austria,Moderna,6519
2021-07-09,Austria,Novavax,0
2021-07-09,Austria,Oxford/AstraZeneca,6953
2021-07-09,Austria,Pfizer/BioNTech,44518
2021-07-09,Austria,Sanofi/GSK,0
2021-07-09,Austria,Valneva,0
2021-07-10,Austria,Moderna,6519
2021-07-10,Austria,Novavax,0
2021-07-10,Austria,Oxford/AstraZeneca,6953
2021-07-10,Austria,Pfizer/BioNTech,44518
2021-07-10,Austria,Sanofi/GSK,0
2021-07-10,Austria,Valneva,0
2021-07-11,Austria,Moderna,6519
2021-07-11,Austria,Novavax,0
2021-07-11,Austria,Oxford/AstraZeneca,6953
2021-07-11,Austria,Pfizer/BioNTech,44518
2021-07-11,Austria,Sanofi/GSK,0
2021-07-11,Austria,Valneva,0
2021-07-12,Austria,Moderna,6519
2021-07-12,Austria,Novavax,0
2021-07-12,Austria,Oxford/AstraZeneca,6953
2021-07-12,Austria,Pfizer/BioNTech,44518
2021-07-12,Austria,Sanofi/GSK,0
2021-07-12,Austria,Valneva,0
2021-07-13,Austria,Moderna,6519
2021-07-13,Austria,Novavax,0
2021-07-13,Austria,Oxford/AstraZeneca,6953
2021-07-13,Austria,Pfizer/BioNTech,44518
2021-07-13,Austria,Sanofi/GSK,0
2021-07-13,Austria,Valneva,0
2021-07-14,Austria,Moderna,6519
2021-07-14,Austria,Novavax,0
2021-07-14,Austria,Oxford/AstraZeneca,6953
2021-07-14,Austria,Pfizer/BioNTech,44518
2021-07-14,Austria,Sanofi/GSK,0
2021-07-14,Austria,Valneva,0
2021-07-15,Austria,Moderna,6519
2021-07-15,Austria,Novavax,0
2021-07-15,Austria,Oxford/AstraZeneca,6953
2021-07-15,Austria,Pfizer/BioNTech,44518
2021-07-15,Austria,Sanofi/GSK,0
2021-07-15,Austria,Valneva,0
2021-07-16,Austria,Moderna,6740
2021-07-16,Austria,Novavax,0
2021-07-16,Austria,Oxford/AstraZeneca,3874
2021-07-16,Austria,Pfizer/BioNTech,40350
2021-07-16,Austria,Sanofi/GSK,0
2021-07-16,Austria,Valneva,0
2021-07-17,Austria,Moderna,6740
2021-07-17,Austria,Novavax,0
2021-07-17,Austria,Oxford/AstraZeneca,3874
2021-07-17,Austria,Pfizer/BioNTech,40350
2021-07-17,Austria,Sanofi/GSK,0
2021-07-17,Austria,Valneva,0
2021-07-18,Austria,Moderna,6740
2021-07-18,Austria,Novavax,0
2021-07-18,Austria,Oxford/AstraZeneca,3874
2021-07-18,Austria,Pfizer/BioNTech,40350
2021-07-18,Austria,Sanofi/GSK,0
2021-07-18,Austria,Valneva,0
2021-07-19,Austria,Moderna,6740
2021-07-19,Austria,Novavax,0
2021-07-19,Austria,Oxford/AstraZeneca,3874
2021-07-19,Austria,Pfizer/BioNTech,40350
2021-07-19,Austria,Sanofi/GSK,0
2021-07-19,Austria,Valneva,0
2021-07-20,Austria,Moderna,6740
2021-07-20,Austria,Novavax,0
2021-07-20,Austria,Oxford/AstraZeneca,3874
2021-07-20,Austria,Pfizer/BioNTech,40350
2021-07-20,Austria,Sanofi/GSK,0
2021-07-20,Austria,Valneva,0
2021-07-21,Austria,Moderna,6740
2021-07-21,Austria,Novavax,0
2021-07-21,Austria,Oxford/AstraZeneca,3874
2021-07-21,Austria,Pfizer/BioNTech,40350
2021-07-21,Austria,Sanofi/GSK,0
2021-07-21,Austria,Valneva,0
2021-07-22,Austria,Moderna,6740
2021-07-22,Austria,Novavax,0
2021-07-22,Austria,Oxford/AstraZeneca,3874
2021-07-22,Austria,Pfizer/BioNTech,40350
2021-07-22,Austria,Sanofi/GSK,0
2021-07-22,Austria,Valneva,0
2021-07-23,Austria,Moderna,2817
2021-07-23,Austria,Novavax,0
2021-07-23,Austria,Oxford/AstraZeneca,3579
2021-07-23,Austria,Pfizer/BioNTech,36218
2021-07-23,Austria,Sanofi/GSK,0
2021-07-23,Austria,Valneva,0
2021-07-24,Austria,Moderna,2817
2021-07-24,Austria,Novavax,0
2021-07-24,Austria,Oxford/AstraZeneca,3579
2021-07-24,Austria,Pfizer/BioNTech,36218
2021-07-24,Austria,Sanofi/GSK,0
2021-07-24,Austria,Valneva,0
2021-07-25,Austria,Moderna,2817
2021-07-25,Austria,Novavax,0
2021-07-25,Austria,Oxford/AstraZeneca,3579
2021-07-25,Austria,Pfizer/BioNTech,36218
2021-07-25,Austria,Sanofi/GSK,0
2021-07-25,Austria,Valneva,0
2021-07-26,Austria,Moderna,2817
2021-07-26,Austria,Novavax,0
2021-07-26,Austria,Oxford/AstraZeneca,3579
2021-07-26,Austria,Pfizer/BioNTech,36218
2021-07-26,Austria,Sanofi/GSK,0
2021-07-26,Austria,Valneva,0
2021-07-27,Austria,Moderna,2817
2021-07-27,Austria,Novavax,0
2021-07-27,Austria,Oxford/AstraZeneca,3579
2021-07-27,Austria,Pfizer/BioNTech,36218
2021-07-27,Austria,Sanofi/GSK,0
2021-07-27,Austria,Valneva,0
2021-07-28,Austria,Moderna,2817
2021-07-28,Austria,Novavax,0
2021-07-28,Austria,Oxford/AstraZeneca,3579
2021-07-28,Austria,Pfizer/BioNTech,36218
2021-07-28,Austria,Sanofi/GSK,0
2021-07-28,Austria,Valneva,0
2021-07-29,Austria,Moderna,2817
2021-07-29,Austria,Novavax,0
2021-07-29,Austria,Oxford/AstraZeneca,3579
2021-07-29,Austria,Pfizer/BioNTech,36218
2021-07-29,Austria,Sanofi/GSK,0
2021-07-29,Austria,Valneva,0
2021-07-30,Austria,Moderna,2698
2021-07-30,Austria,Novavax,0
2021-07-30,Austria,Oxford/AstraZeneca,2071
2021-07-30,Austria,Pfizer/BioNTech,31260
2021-07-30,Austria,Sanofi/GSK,0
2021-07-30,Austria,Valneva,0
2021-07-31,Austria,Moderna,2698
2021-07-31,Austria,Novavax,0
2021-07-31,Austria,Oxford/AstraZeneca,2071
2021-07-31,Austria,Pfizer/BioNTech,31260
2021-07-31,Austria,Sanofi/GSK,0
2021-07-31,Austria,Valneva,0
2021-08-01,Austria,Moderna,2698
2021-08-01,Austria,Novavax,0
2021-08-01,Austria,Oxford/AstraZeneca,2071
2021-08-01,Austria,Pfizer/BioNTech,31260
2021-08-01,Austria,Sanofi/GSK,0
2021-08-01,Austria,Valneva,0
2021-08-02,Austria,Moderna,2698
2021-08-02,Austria,Novavax,0
2021-08-02,Austria,Oxford/AstraZeneca,2071
2021-08-02,Austria,Pfizer/BioNTech,31260
2021-08-02,Austria,Sanofi/GSK,0
2021-08-02,Austria,Valneva,0
2021-08-03,Austria,Moderna,2698
2021-08-03,Austria,Novavax,0
2021-08-03,Austria,Oxford/AstraZeneca,2071
2021-08-03,Austria,Pfizer/BioNTech,31260
2021-08-03,Austria,Sanofi/GSK,0
2021-08-03,Austria,Valneva,0
2021-08-04,Austria,Moderna,2698
2021-08-04,Austria,Novavax,0
2021-08-04,Austria,Oxford/AstraZeneca,2071
2021-08-04,Austria,Pfizer/BioNTech,31260
2021-08-04,Austria,Sanofi/GSK,0
2021-08-04,Austria,Valneva,0
2021-08-05,Austria,Moderna,2698
2021-08-05,Austria,Novavax,0
2021-08-05,Austria,Oxford/AstraZeneca,2071
2021-08-05,Austria,Pfizer/BioNTech,31260
2021-08-05,Austria,Sanofi/GSK,0
2021-08-05,Austria,Valneva,0
2021-08-06,Austria,Moderna,1452
2021-08-06,Austria,Novavax,0
2021-08-06,Austria,Oxford/AstraZeneca,774
2021-08-06,Austria,Pfizer/BioNTech,22477
2021-08-06,Austria,Sanofi/GSK,0
2021-08-06,Austria,Valneva,0
2021-08-07,Austria,Moderna,1452
2021-08-07,Austria,Novavax,0
2021-08-07,Austria,Oxford/AstraZeneca,774
2021-08-07,Austria,Pfizer/BioNTech,22477
2021-08-07,Austria,Sanofi/GSK,0
2021-08-07,Austria,Valneva,0
2021-08-08,Austria,Moderna,1452
2021-08-08,Austria,Novavax,0
2021-08-08,Austria,Oxford/AstraZeneca,774
2021-08-08,Austria,Pfizer/BioNTech,22477
2021-08-08,Austria,Sanofi/GSK,0
2021-08-08,Austria,Valneva,0
2021-08-09,Austria,Moderna,1452
2021-08-09,Austria,Novavax,0
2021-08-09,Austria,Oxford/AstraZeneca,774
2021-08-09,Austria,Pfizer/BioNTech,22477
2021-08-09,Austria,Sanofi/GSK,0
2021-08-09,Austria,Valneva,0
2021-08-10,Austria,Moderna,1452
2021-08-10,Austria,Novavax,0
2021-08-10,Austria,Oxford/AstraZeneca,774
2021-08-10,Austria,Pfizer/BioNTech,22477
2021-08-10,Austria,Sanofi/GSK,0
2021-08-10,Austria,Valneva,0
2021-08-11,Austria,Moderna,1452
2021-08-11,Austria,Novavax,0
2021-08-11,Austria,Oxford/AstraZeneca,774
2021-08-11,Austria,Pfizer/BioNTech,22477
2021-08-11,Austria,Sanofi/GSK,0
2021-08-11,Austria,Valneva,0
2021-08-12,Austria,Moderna,1452
2021-08-12,Austria,Novavax,0
2021-08-12,Austria,Oxford/AstraZeneca,774
2021-08-12,Austria,Pfizer/BioNTech,22477
2021-08-12,Austria,Sanofi/GSK,0
2021-08-12,Austria,Valneva,0
2021-08-13,Austria,Moderna,2077
2021-08-13,Austria,Novavax,0
2021-08-13,Austria,Oxford/AstraZeneca,389
2021-08-13,Austria,Pfizer/BioNTech,17418
2021-08-13,Austria,Sanofi/GSK,0
2021-08-13,Austria,Valneva,0
2021-08-14,Austria,Moderna,2077
2021-08-14,Austria,Novavax,0
2021-08-14,Austria,Oxford/AstraZeneca,389
2021-08-14,Austria,Pfizer/BioNTech,17418
2021-08-14,Austria,Sanofi/GSK,0
2021-08-14,Austria,Valneva,0
2021-08-15,Austria,Moderna,2077
2021-08-15,Austria,Novavax,0
2021-08-15,Austria,Oxford/AstraZeneca,389
2021-08-15,Austria,Pfizer/BioNTech,17418
2021-08-15,Austria,Sanofi/GSK,0
2021-08-15,Austria,Valneva,0
2021-08-16,Austria,Moderna,2077
2021-08-16,Austria,Novavax,0
2021-08-16,Austria,Oxford/AstraZeneca,389
2021-08-16,Austria,Pfizer/BioNTech,17418
2021-08-16,Austria,Sanofi/GSK,0
2021-08-16,Austria,Valneva,0
2021-08-17,Austria,Moderna,2077
2021-08-17,Austria,Novavax,0
2021-08-17,Austria,Oxford/AstraZeneca,389
2021-08-17,Austria,Pfizer/BioNTech,17418
2021-08-17,Austria,Sanofi/GSK,0
2021-08-17,Austria,Valneva,0
2021-08-18,Austria,Moderna,2077
2021-08-18,Austria,Novavax,0
2021-08-18,Austria,Oxford/AstraZeneca,389
2021-08-18,Austria,Pfizer/BioNTech,17418
2021-08-18,Austria,Sanofi/GSK,0
2021-08-18,Austria,Valneva,0
2021-08-19,Austria,Moderna,2077
2021-08-19,Austria,Novavax,0
2021-08-19,Austria,Oxford/AstraZeneca,389
2021-08-19,Austria,Pfizer/BioNTech,17418
2021-08-19,Austria,Sanofi/GSK,0
2021-08-19,Austria,Valneva,0
2021-08-20,Austria,Moderna,623
2021-08-20,Austria,Novavax,0
2021-08-20,Austria,Oxford/AstraZeneca,268
2021-08-20,Austria,Pfizer/BioNTech,11300
2021-08-20,Austria,Sanofi/GSK,0
2021-08-20,Austria,Valneva,0
2021-08-21,Austria,Moderna,623
2021-08-21,Austria,Novavax,0
2021-08-21,Austria,Oxford/AstraZeneca,268
2021-08-21,Austria,Pfizer/BioNTech,11300
2021-08-21,Austria,Sanofi/GSK,0
2021-08-21,Austria,Valneva,0
2021-08-22,Austria,Moderna,623
2021-08-22,Austria,Novavax,0
2021-08-22,Austria,Oxford/AstraZeneca,268
2021-08-22,Austria,Pfizer/BioNTech,11300
2021-08-22,Austria,Sanofi/GSK,0
2021-08-22,Austria,Valneva,0
2021-08-23,Austria,Moderna,623
2021-08-23,Austria,Novavax,0
2021-08-23,Austria,Oxford/AstraZeneca,268
2021-08-23,Austria,Pfizer/BioNTech,11300
2021-08-23,Austria,Sanofi/GSK,0
2021-08-23,Austria,Valneva,0
2021-08-24,Austria,Moderna,623
2021-08-24,Austria,Novavax,0
2021-08-24,Austria,Oxford/AstraZeneca,268
2021-08-24,Austria,Pfizer/BioNTech,11300
2021-08-24,Austria,Sanofi/GSK,0
2021-08-24,Austria,Valneva,0
2021-08-25,Austria,Moderna,623
2021-08-25,Austria,Novavax,0
2021-08-25,Austria,Oxford/AstraZeneca,268
2021-08-25,Austria,Pfizer/BioNTech,11300
2021-08-25,Austria,Sanofi/GSK,0
2021-08-25,Austria,Valneva,0
2021-08-26,Austria,Moderna,623
2021-08-26,Austria,Novavax,0
2021-08-26,Austria,Oxford/AstraZeneca,268
2021-08-26,Austria,Pfizer/BioNTech,11300
2021-08-26,Austria,Sanofi/GSK,0
2021-08-26,Austria,Valneva,0
2021-08-27,Austria,Moderna,884
2021-08-27,Austria,Novavax,0
2021-08-27,Austria,Oxford/AstraZeneca,271
2021-08-27,Austria,Pfizer/BioNTech,10141
2021-08-27,Austria,Sanofi/GSK,0
2021-08-27,Austria,Valneva,0
2021-08-28,Austria,Moderna,884
2021-08-28,Austria,Novavax,0
2021-08-28,Austria,Oxford/AstraZeneca,271
2021-08-28,Austria,Pfizer/BioNTech,10141
2021-08-28,Austria,Sanofi/GSK,0
2021-08-28,Austria,Valneva,0
2021-08-29,Austria,Moderna,884
2021-08-29,Austria,Novavax,0
2021-08-29,Austria,Oxford/AstraZeneca,271
2021-08-29,Austria,Pfizer/BioNTech,10141
2021-08-29,Austria,Sanofi/GSK,0
2021-08-29,Austria,Valneva,0
2021-08-30,Austria,Moderna,884
2021-08-30,Austria,Novavax,0
2021-08-30,Austria,Oxford/AstraZeneca,271
2021-08-30,Austria,Pfizer/BioNTech,10141
2021-08-30,Austria,Sanofi/GSK,0
2021-08-30,Austria,Valneva,0
2021-08-31,Austria,Moderna,884
2021-08-31,Austria,Novavax,0
2021-08-31,Austria,Oxford/AstraZeneca,271
2021-08-31,Austria,Pfizer/BioNTech,10141
2021-08-31,Austria,Sanofi/GSK,0
2021-08-31,Austria,Valneva,0
2021-09-01,Austria,Moderna,884
2021-09-01,Austria,Novavax,0
2021-09-01,Austria,Oxford/AstraZeneca,271
2021-09-01,Austria,Pfizer/BioNTech,10141
2021-09-01,Austria,Sanofi/GSK,0
2021-09-01,Austria,Valneva,0
2021-09-02,Austria,Moderna,884
2021-09-02,Austria,Novavax,0
2021-09-02,Austria,Oxford/AstraZeneca,271
2021-09-02,Austria,Pfizer/BioNTech,10141
2021-09-02,Austria,Sanofi/GSK,0
2021-09-02,Austria,Valneva,0
2021-09-03,Austria,Moderna,534
2021-09-03,Austria,Novavax,0
2021-09-03,Austria,Oxford/AstraZeneca,162
2021-09-03,Austria,Pfizer/BioNTech,10543
2021-09-03,Austria,Sanofi/GSK,0
2021-09-03,Austria,Valneva,0
2021-09-04,Austria,Moderna,534
2021-09-04,Austria,Novavax,0
2021-09-04,Austria,Oxford/AstraZeneca,162
2021-09-04,Austria,Pfizer/BioNTech,10543
2021-09-04,Austria,Sanofi/GSK,0
2021-09-04,Austria,Valneva,0
2021-09-05,Austria,Moderna,534
2021-09-05,Austria,Novavax,0
2021-09-05,Austria,Oxford/AstraZeneca,162
2021-09-05,Austria,Pfizer/BioNTech,10543
2021-09-05,Austria,Sanofi/GSK,0
2021-09-05,Austria,Valneva,0
2021-09-06,Austria,Moderna,534
2021-09-06,Austria,Novavax,0
2021-09-06,Austria,Oxford/AstraZeneca,162
2021-09-06,Austria,Pfizer/BioNTech,10543
2021-09-06,Austria,Sanofi/GSK,0
2021-09-06,Austria,Valneva,0
2021-09-07,Austria,Moderna,534
2021-09-07,Austria,Novavax,0
2021-09-07,Austria,Oxford/AstraZeneca,162
2021-09-07,Austria,Pfizer/BioNTech,10543
2021-09-07,Austria,Sanofi/GSK,0
2021-09-07,Austria,Valneva,0
2021-09-08,Austria,Moderna,534
2021-09-08,Austria,Novavax,0
2021-09-08,Austria,Oxford/AstraZeneca,162
2021-09-08,Austria,Pfizer/BioNTech,10543
2021-09-08,Austria,Sanofi/GSK,0
2021-09-08,Austria,Valneva,0
2021-09-09,Austria,Moderna,534
2021-09-09,Austria,Novavax,0
2021-09-09,Austria,Oxford/AstraZeneca,162
2021-09-09,Austria,Pfizer/BioNTech,10543
2021-09-09,Austria,Sanofi/GSK,0
2021-09-09,Austria,Valneva,0
2021-09-10,Austria,Moderna,772
2021-09-10,Austria,Novavax,0
2021-09-10,Austria,Oxford/AstraZeneca,134
2021-09-10,Austria,Pfizer/BioNTech,12962
2021-09-10,Austria,Sanofi/GSK,0
2021-09-10,Austria,Valneva,0
2021-09-11,Austria,Moderna,772
2021-09-11,Austria,Novavax,0
2021-09-11,Austria,Oxford/AstraZeneca,134
2021-09-11,Austria,Pfizer/BioNTech,12962
2021-09-11,Austria,Sanofi/GSK,0
2021-09-11,Austria,Valneva,0
2021-09-12,Austria,Moderna,772
2021-09-12,Austria,Novavax,0
2021-09-12,Austria,Oxford/AstraZeneca,134
2021-09-12,Austria,Pfizer/BioNTech,12962
2021-09-12,Austria,Sanofi/GSK,0
2021-09-12,Austria,Valneva,0
2021-09-13,Austria,Moderna,772
2021-09-13,Austria,Novavax,0
2021-09-13,Austria,Oxford/AstraZeneca,134
2021-09-13,Austria,Pfizer/BioNTech,12962
2021-09-13,Austria,Sanofi/GSK,0
2021-09-13,Austria,Valneva,0
2021-09-14,Austria,Moderna,772
2021-09-14,Austria,Novavax,0
2021-09-14,Austria,Oxford/AstraZeneca,134
2021-09-14,Austria,Pfizer/BioNTech,12962
2021-09-14,Austria,Sanofi/GSK,0
2021-09-14,Austria,Valneva,0
2021-09-15,Austria,Moderna,772
2021-09-15,Austria,Novavax,0
2021-09-15,Austria,Oxford/AstraZeneca,134
2021-09-15,Austria,Pfizer/BioNTech,12962
2021-09-15,Austria,Sanofi/GSK,0
2021-09-15,Austria,Valneva,0
2021-09-16,Austria,Moderna,772
2021-09-16,Austria,Novavax,0
2021-09-16,Austria,Oxford/AstraZeneca,134
2021-09-16,Austria,Pfizer/BioNTech,12962
2021-09-16,Austria,Sanofi/GSK,0
2021-09-16,Austria,Valneva,0
2021-09-17,Austria,Moderna,654
2021-09-17,Austria,Novavax,0
2021-09-17,Austria,Oxford/AstraZeneca,158
2021-09-17,Austria,Pfizer/BioNTech,13354
2021-09-17,Austria,Sanofi/GSK,0
2021-09-17,Austria,Valneva,0
2021-09-18,Austria,Moderna,654
2021-09-18,Austria,Novavax,0
2021-09-18,Austria,Oxford/AstraZeneca,158
2021-09-18,Austria,Pfizer/BioNTech,13354
2021-09-18,Austria,Sanofi/GSK,0
2021-09-18,Austria,Valneva,0
2021-09-19,Austria,Moderna,654
2021-09-19,Austria,Novavax,0
2021-09-19,Austria,Oxford/AstraZeneca,158
2021-09-19,Austria,Pfizer/BioNTech,13354
2021-09-19,Austria,Sanofi/GSK,0
2021-09-19,Austria,Valneva,0
2021-09-20,Austria,Moderna,654
2021-09-20,Austria,Novavax,0
2021-09-20,Austria,Oxford/AstraZeneca,158
2021-09-20,Austria,Pfizer/BioNTech,13354
2021-09-20,Austria,Sanofi/GSK,0
2021-09-20,Austria,Valneva,0
2021-09-21,Austria,Moderna,654
2021-09-21,Austria,Novavax,0
2021-09-21,Austria,Oxford/AstraZeneca,158
2021-09-21,Austria,Pfizer/BioNTech,13354
2021-09-21,Austria,Sanofi/GSK,0
2021-09-21,Austria,Valneva,0
2021-09-22,Austria,Moderna,654
2021-09-22,Austria,Novavax,0
2021-09-22,Austria,Oxford/AstraZeneca,158
2021-09-22,Austria,Pfizer/BioNTech,13354
2021-09-22,Austria,Sanofi/GSK,0
2021-09-22,Austria,Valneva,0
2021-09-23,Austria,Moderna,654
2021-09-23,Austria,Novavax,0
2021-09-23,Austria,Oxford/AstraZeneca,158
2021-09-23,Austria,Pfizer/BioNTech,13354
2021-09-23,Austria,Sanofi/GSK,0
2021-09-23,Austria,Valneva,0
2021-09-24,Austria,Moderna,742
2021-09-24,Austria,Novavax,0
2021-09-24,Austria,Oxford/AstraZeneca,102
2021-09-24,Austria,Pfizer/BioNTech,14349
2021-09-24,Austria,Sanofi/GSK,0
2021-09-24,Austria,Valneva,0
2021-09-25,Austria,Moderna,742
2021-09-25,Austria,Novavax,0
2021-09-25,Austria,Oxford/AstraZeneca,102
2021-09-25,Austria,Pfizer/BioNTech,14349
2021-09-25,Austria,Sanofi/GSK,0
2021-09-25,Austria,Valneva,0
2021-09-26,Austria,Moderna,742
2021-09-26,Austria,Novavax,0
2021-09-26,Austria,Oxford/AstraZeneca,102
2021-09-26,Austria,Pfizer/BioNTech,14349
2021-09-26,Austria,Sanofi/GSK,0
2021-09-26,Austria,Valneva,0
2021-09-27,Austria,Moderna,742
2021-09-27,Austria,Novavax,0
2021-09-27,Austria,Oxford/AstraZeneca,102
2021-09-27,Austria,Pfizer/BioNTech,14349
2021-09-27,Austria,Sanofi/GSK,0
2021-09-27,Austria,Valneva,0
2021-09-28,Austria,Moderna,742
2021-09-28,Austria,Novavax,0
2021-09-28,Austria,Oxford/AstraZeneca,102
2021-09-28,Austria,Pfizer/BioNTech,14349
2021-09-28,Austria,Sanofi/GSK,0
2021-09-28,Austria,Valneva,0
2021-09-29,Austria,Moderna,742
2021-09-29,Austria,Novavax,0
2021-09-29,Austria,Oxford/AstraZeneca,102
2021-09-29,Austria,Pfizer/BioNTech,14349
2021-09-29,Austria,Sanofi/GSK,0
2021-09-29,Austria,Valneva,0
2021-09-30,Austria,Moderna,742
2021-09-30,Austria,Novavax,0
2021-09-30,Austria,Oxford/AstraZeneca,102
2021-09-30,Austria,Pfizer/BioNTech,14349
2021-09-30,Austria,Sanofi/GSK,0
2021-09-30,Austria,Valneva,0
2021-10-01,Austria,Moderna,870
2021-10-01,Austria,Novavax,0
2021-10-01,Austria,Oxford/AstraZeneca,55
2021-10-01,Austria,Pfizer/BioNTech,18560
2021-10-01,Austria,Sanofi/GSK,0
2021-10-01,Austria,Valneva,0
2021-10-02,Austria,Moderna,870
2021-10-02,Austria,Novavax,0
2021-10-02,Austria,Oxford/AstraZeneca,55
2021-10-02,Austria,Pfizer/BioNTech,18560
2021-10-02,Austria,Sanofi/GSK,0
2021-10-02,Austria,Valneva,0
2021-10-03,Austria,Moderna,870
2021-10-03,Austria,Novavax,0
2021-10-03,Austria,Oxford/AstraZeneca,55
2021-10-03,Austria,Pfizer/BioNTech,18560
2021-10-03,Austria,Sanofi/GSK,0
2021-10-03,Austria,Valneva,0
2021-10-04,Austria,Moderna,870
2021-10-04,Austria,Novavax,0
2021-10-04,Austria,Oxford/AstraZeneca,55
2021-10-04,Austria,Pfizer/BioNTech,18560
2021-10-04,Austria,Sanofi/GSK,0
2021-10-04,Austria,Valneva,0
2021-10-05,Austria,Moderna,870
2021-10-05,Austria,Novavax,0
2021-10-05,Austria,Oxford/AstraZeneca,55
2021-10-05,Austria,Pfizer/BioNTech,18560
2021-10-05,Austria,Sanofi/GSK,0
2021-10-05,Austria,Valneva,0
2021-10-06,Austria,Moderna,870
2021-10-06,Austria,Novavax,0
2021-10-06,Austria,Oxford/AstraZeneca,55
2021-10-06,Austria,Pfizer/BioNTech,18560
2021-10-06,Austria,Sanofi/GSK,0
2021-10-06,Austria,Valneva,0
2021-10-07,Austria,Moderna,870
2021-10-07,Austria,Novavax,0
2021-10-07,Austria,Oxford/AstraZeneca,55
2021-10-07,Austria,Pfizer/BioNTech,18560
2021-10-07,Austria,Sanofi/GSK,0
2021-10-07,Austria,Valneva,0
2021-10-08,Austria,Moderna,1060
2021-10-08,Austria,Novavax,0
2021-10-08,Austria,Oxford/AstraZeneca,47
2021-10-08,Austria,Pfizer/BioNTech,17732
2021-10-08,Austria,Sanofi/GSK,0
2021-10-08,Austria,Valneva,0
2021-10-09,Austria,Moderna,1060
2021-10-09,Austria,Novavax,0
2021-10-09,Austria,Oxford/AstraZeneca,47
2021-10-09,Austria,Pfizer/BioNTech,17732
2021-10-09,Austria,Sanofi/GSK,0
2021-10-09,Austria,Valneva,0
2021-10-10,Austria,Moderna,1060
2021-10-10,Austria,Novavax,0
2021-10-10,Austria,Oxford/AstraZeneca,47
2021-10-10,Austria,Pfizer/BioNTech,17732
2021-10-10,Austria,Sanofi/GSK,0
2021-10-10,Austria,Valneva,0
2021-10-11,Austria,Moderna,1060
2021-10-11,Austria,Novavax,0
2021-10-11,Austria,Oxford/AstraZeneca,47
2021-10-11,Austria,Pfizer/BioNTech,17732
2021-10-11,Austria,Sanofi/GSK,0
2021-10-11,Austria,Valneva,0
2021-10-12,Austria,Moderna,1060
2021-10-12,Austria,Novavax,0
2021-10-12,Austria,Oxford/AstraZeneca,47
2021-10-12,Austria,Pfizer/BioNTech,17732
2021-10-12,Austria,Sanofi/GSK,0
2021-10-12,Austria,Valneva,0
2021-10-13,Austria,Moderna,1060
2021-10-13,Austria,Novavax,0
2021-10-13,Austria,Oxford/AstraZeneca,47
2021-10-13,Austria,Pfizer/BioNTech,17732
2021-10-13,Austria,Sanofi/GSK,0
2021-10-13,Austria,Valneva,0
2021-10-14,Austria,Moderna,1060
2021-10-14,Austria,Novavax,0
2021-10-14,Austria,Oxford/AstraZeneca,47
2021-10-14,Austria,Pfizer/BioNTech,17732
2021-10-14,Austria,Sanofi/GSK,0
2021-10-14,Austria,Valneva,0
2021-10-15,Austria,Moderna,1247
2021-10-15,Austria,Novavax,0
2021-10-15,Austria,Oxford/AstraZeneca,33
2021-10-15,Austria,Pfizer/BioNTech,20731
2021-10-15,Austria,Sanofi/GSK,0
2021-10-15,Austria,Valneva,0
2021-10-16,Austria,Moderna,1247
2021-10-16,Austria,Novavax,0
2021-10-16,Austria,Oxford/AstraZeneca,33
2021-10-16,Austria,Pfizer/BioNTech,20731
2021-10-16,Austria,Sanofi/GSK,0
2021-10-16,Austria,Valneva,0
2021-10-17,Austria,Moderna,1247
2021-10-17,Austria,Novavax,0
2021-10-17,Austria,Oxford/AstraZeneca,33
2021-10-17,Austria,Pfizer/BioNTech,20731
2021-10-17,Austria,Sanofi/GSK,0
2021-10-17,Austria,Valneva,0
2021-10-18,Austria,Moderna,1247
2021-10-18,Austria,Novavax,0
2021-10-18,Austria,Oxford/AstraZeneca,33
2021-10-18,Austria,Pfizer/BioNTech,20731
2021-10-18,Austria,Sanofi/GSK,0
2021-10-18,Austria,Valneva,0
2021-10-19,Austria,Moderna,1247
2021-10-19,Austria,Novavax,0
2021-10-19,Austria,Oxford/AstraZeneca,33
2021-10-19,Austria,Pfizer/BioNTech,20731
2021-10-19,Austria,Sanofi/GSK,0
2021-10-19,Austria,Valneva,0
2021-10-20,Austria,Moderna,1247
2021-10-20,Austria,Novavax,0
2021-10-20,Austria,Oxford/AstraZeneca,33
2021-10-20,Austria,Pfizer/BioNTech,20731
2021-10-20,Austria,Sanofi/GSK,0
2021-10-20,Austria,Valneva,0
2021-10-21,Austria,Moderna,1247
2021-10-21,Austria,Novavax,0
2021-10-21,Austria,Oxford/AstraZeneca,33
2021-10-21,Austria,Pfizer/BioNTech,20731
2021-10-21,Austria,Sanofi/GSK,0
2021-10-21,Austria,Valneva,0
2021-10-22,Austria,Moderna,1011
2021-10-22,Austria,Novavax,0
2021-10-22,Austria,Oxford/AstraZeneca,32
2021-10-22,Austria,Pfizer/BioNTech,19079
2021-10-22,Austria,Sanofi/GSK,0
2021-10-22,Austria,Valneva,0
2021-10-23,Austria,Moderna,1011
2021-10-23,Austria,Novavax,0
2021-10-23,Austria,Oxford/AstraZeneca,32
2021-10-23,Austria,Pfizer/BioNTech,19079
2021-10-23,Austria,Sanofi/GSK,0
2021-10-23,Austria,Valneva,0
2021-10-24,Austria,Moderna,1011
2021-10-24,Austria,Novavax,0
2021-10-24,Austria,Oxford/AstraZeneca,32
2021-10-24,Austria,Pfizer/BioNTech,19079
2021-10-24,Austria,Sanofi/GSK,0
2021-10-24,Austria,Valneva,0
2021-10-25,Austria,Moderna,1011
2021-10-25,Austria,Novavax,0
2021-10-25,Austria,Oxford/AstraZeneca,32
2021-10-25,Austria,Pfizer/BioNTech,19079
2021-10-25,Austria,Sanofi/GSK,0
2021-10-25,Austria,Valneva,0
2021-10-26,Austria,Moderna,1011
2021-10-26,Austria,Novavax,0
2021-10-26,Austria,Oxford/AstraZeneca,32
2021-10-26,Austria,Pfizer/BioNTech,19079
2021-10-26,Austria,Sanofi/GSK,0
2021-10-26,Austria,Valneva,0
2021-10-27,Austria,Moderna,1011
2021-10-27,Austria,Novavax,0
2021-10-27,Austria,Oxford/AstraZeneca,32
2021-10-27,Austria,Pfizer/BioNTech,19079
2021-10-27,Austria,Sanofi/GSK,0
2021-10-27,Austria,Valneva,0
2021-10-28,Austria,Moderna,1011
2021-10-28,Austria,Novavax,0
2021-10-28,Austria,Oxford/AstraZeneca,32
2021-10-28,Austria,Pfizer/BioNTech,19079
2021-10-28,Austria,Sanofi/GSK,0
2021-10-28,Austria,Valneva,0
2021-10-29,Austria,Moderna,2045
2021-10-29,Austria,Novavax,0
2021-10-29,Austria,Oxford/AstraZeneca,35
2021-10-29,Austria,Pfizer/BioNTech,34955
2021-10-29,Austria,Sanofi/GSK,0
2021-10-29,Austria,Valneva,0
2021-10-30,Austria,Moderna,2045
2021-10-30,Austria,Novavax,0
2021-10-30,Austria,Oxford/AstraZeneca,35
2021-10-30,Austria,Pfizer/BioNTech,34955
2021-10-30,Austria,Sanofi/GSK,0
2021-10-30,Austria,Valneva,0
2021-10-31,Austria,Moderna,2045
2021-10-31,Austria,Novavax,0
2021-10-31,Austria,Oxford/AstraZeneca,35
2021-10-31,Austria,Pfizer/BioNTech,34955
2021-10-31,Austria,Sanofi/GSK,0
2021-10-31,Austria,Valneva,0
2021-11-01,Austria,Moderna,2045
2021-11-01,Austria,Novavax,0
2021-11-01,Austria,Oxford/AstraZeneca,35
2021-11-01,Austria,Pfizer/BioNTech,34955
2021-11-01,Austria,Sanofi/GSK,0
2021-11-01,Austria,Valneva,0
2021-11-02,Austria,Moderna,2045
2021-11-02,Austria,Novavax,0
2021-11-02,Austria,Oxford/AstraZeneca,35
2021-11-02,Austria,Pfizer/BioNTech,34955
2021-11-02,Austria,Sanofi/GSK,0
2021-11-02,Austria,Valneva,0
2021-11-03,Austria,Moderna,2045
2021-11-03,Austria,Novavax,0
2021-11-03,Austria,Oxford/AstraZeneca,35
2021-11-03,Austria,Pfizer/BioNTech,34955
2021-11-03,Austria,Sanofi/GSK,0
2021-11-03,Austria,Valneva,0
2021-11-04,Austria,Moderna,2045
2021-11-04,Austria,Novavax,0
2021-11-04,Austria,Oxford/AstraZeneca,35
2021-11-04,Austria,Pfizer/BioNTech,34955
2021-11-04,Austria,Sanofi/GSK,0
2021-11-04,Austria,Valneva,0
2021-11-05,Austria,Moderna,4311
2021-11-05,Austria,Novavax,0
2021-11-05,Austria,Oxford/AstraZeneca,57
2021-11-05,Austria,Pfizer/BioNTech,66603
2021-11-05,Austria,Sanofi/GSK,0
2021-11-05,Austria,Valneva,0
2021-11-06,Austria,Moderna,4311
2021-11-06,Austria,Novavax,0
2021-11-06,Austria,Oxford/AstraZeneca,57
2021-11-06,Austria,Pfizer/BioNTech,66603
2021-11-06,Austria,Sanofi/GSK,0
2021-11-06,Austria,Valneva,0
2021-11-07,Austria,Moderna,4311
2021-11-07,Austria,Novavax,0
2021-11-07,Austria,Oxford/AstraZeneca,57
2021-11-07,Austria,Pfizer/BioNTech,66603
2021-11-07,Austria,Sanofi/GSK,0
2021-11-07,Austria,Valneva,0
2021-11-08,Austria,Moderna,4311
2021-11-08,Austria,Novavax,0
2021-11-08,Austria,Oxford/AstraZeneca,57
2021-11-08,Austria,Pfizer/BioNTech,66603
2021-11-08,Austria,Sanofi/GSK,0
2021-11-08,Austria,Valneva,0
2021-11-09,Austria,Moderna,4311
2021-11-09,Austria,Novavax,0
2021-11-09,Austria,Oxford/AstraZeneca,57
2021-11-09,Austria,Pfizer/BioNTech,66603
2021-11-09,Austria,Sanofi/GSK,0
2021-11-09,Austria,Valneva,0
2021-11-10,Austria,Moderna,4311
2021-11-10,Austria,Novavax,0
2021-11-10,Austria,Oxford/AstraZeneca,57
2021-11-10,Austria,Pfizer/BioNTech,66603
2021-11-10,Austria,Sanofi/GSK,0
2021-11-10,Austria,Valneva,0
2021-11-11,Austria,Moderna,4311
2021-11-11,Austria,Novavax,0
2021-11-11,Austria,Oxford/AstraZeneca,57
2021-11-11,Austria,Pfizer/BioNTech,66603
2021-11-11,Austria,Sanofi/GSK,0
2021-11-11,Austria,Valneva,0
2021-11-12,Austria,Moderna,6461
2021-11-12,Austria,Novavax,0
2021-11-12,Austria,Oxford/AstraZeneca,39
2021-11-12,Austria,Pfizer/BioNTech,92373
2021-11-12,Austria,Sanofi/GSK,0
2021-11-12,Austria,Valneva,0
2021-11-13,Austria,Moderna,6461
2021-11-13,Austria,Novavax,0
2021-11-13,Austria,Oxford/AstraZeneca,39
2021-11-13,Austria,Pfizer/BioNTech,92373
2021-11-13,Austria,Sanofi/GSK,0
2021-11-13,Austria,Valneva,0
2021-11-14,Austria,Moderna,6461
2021-11-14,Austria,Novavax,0
2021-11-14,Austria,Oxford/AstraZeneca,39
2021-11-14,Austria,Pfizer/BioNTech,92373
2021-11-14,Austria,Sanofi/GSK,0
2021-11-14,Austria,Valneva,0
2021-11-15,Austria,Moderna,6461
2021-11-15,Austria,Novavax,0
2021-11-15,Austria,Oxford/AstraZeneca,39
2021-11-15,Austria,Pfizer/BioNTech,92373
2021-11-15,Austria,Sanofi/GSK,0
2021-11-15,Austria,Valneva,0
2021-11-16,Austria,Moderna,6461
2021-11-16,Austria,Novavax,0
2021-11-16,Austria,Oxford/AstraZeneca,39
2021-11-16,Austria,Pfizer/BioNTech,92373
2021-11-16,Austria,Sanofi/GSK,0
2021-11-16,Austria,Valneva,0
2021-11-17,Austria,Moderna,6461
2021-11-17,Austria,Novavax,0
2021-11-17,Austria,Oxford/AstraZeneca,39
2021-11-17,Austria,Pfizer/BioNTech,92373
2021-11-17,Austria,Sanofi/GSK,0
2021-11-17,Austria,Valneva,0
2021-11-18,Austria,Moderna,6461
2021-11-18,Austria,Novavax,0
2021-11-18,Austria,Oxford/AstraZeneca,39
2021-11-18,Austria,Pfizer/BioNTech,92373
2021-11-18,Austria,Sanofi/GSK,0
2021-11-18,Austria,Valneva,0
2021-11-19,Austria,Moderna,9895
2021-11-19,Austria,Novavax,0
2021-11-19,Austria,Oxford/AstraZeneca,39
2021-11-19,Austria,Pfizer/BioNTech,103455
2021-11-19,Austria,Sanofi/GSK,0
2021-11-19,Austria,Valneva,0
2021-11-20,Austria,Moderna,9895
2021-11-20,Austria,Novavax,0
2021-11-20,Austria,Oxford/AstraZeneca,39
2021-11-20,Austria,Pfizer/BioNTech,103455
2021-11-20,Austria,Sanofi/GSK,0
2021-11-20,Austria,Valneva,0
2021-11-21,Austria,Moderna,9895
2021-11-21,Austria,Novavax,0
2021-11-21,Austria,Oxford/AstraZeneca,39
2021-11-21,Austria,Pfizer/BioNTech,103455
2021-11-21,Austria,Sanofi/GSK,0
2021-11-21,Austria,Valneva,0
2021-11-22,Austria,Moderna,9895
2021-11-22,Austria,Novavax,0
2021-11-22,Austria,Oxford/AstraZeneca,39
2021-11-22,Austria,Pfizer/BioNTech,103455
2021-11-22,Austria,Sanofi/GSK,0
2021-11-22,Austria,Valneva,0
2021-11-23,Austria,Moderna,9895
2021-11-23,Austria,Novavax,0
2021-11-23,Austria,Oxford/AstraZeneca,39
2021-11-23,Austria,Pfizer/BioNTech,103455
2021-11-23,Austria,Sanofi/GSK,0
2021-11-23,Austria,Valneva,0
2021-11-24,Austria,Moderna,9895
2021-11-24,Austria,Novavax,0
2021-11-24,Austria,Oxford/AstraZeneca,39
2021-11-24,Austria,Pfizer/BioNTech,103455
2021-11-24,Austria,Sanofi/GSK,0
2021-11-24,Austria,Valneva,0
2021-11-25,Austria,Moderna,9895
2021-11-25,Austria,Novavax,0
2021-11-25,Austria,Oxford/AstraZeneca,39
2021-11-25,Austria,Pfizer/BioNTech,103455
2021-11-25,Austria,Sanofi/GSK,0
2021-11-25,Austria,Valneva,0
2021-11-26,Austria,Moderna,10813
2021-11-26,Austria,Novavax,0
2021-11-26,Austria,Oxford/AstraZeneca,25
2021-11-26,Austria,Pfizer/BioNTech,98765
2021-11-26,Austria,Sanofi/GSK,0
2021-11-26,Austria,Valneva,0
2021-11-27,Austria,Moderna,10813
2021-11-27,Austria,Novavax,0
2021-11-27,Austria,Oxford/AstraZeneca,25
2021-11-27,Austria,Pfizer/BioNTech,98765
2021-11-27,Austria,Sanofi/GSK,0
2021-11-27,Austria,Valneva,0
2021-11-28,Austria,Moderna,10813
2021-11-28,Austria,Novavax,0
2021-11-28,Austria,Oxford/AstraZeneca,25
2021-11-28,Austria,Pfizer/BioNTech,98765
2021-11-28,Austria,Sanofi/GSK,0
2021-11-28,Austria,Valneva,0
2021-11-29,Austria,Moderna,10813
2021-11-29,Austria,Novavax,0
2021-11-29,Austria,Oxford/AstraZeneca,25
2021-11-29,Austria,Pfizer/BioNTech,98765
2021-11-29,Austria,Sanofi/GSK,0
2021-11-29,Austria,Valneva,0
2021-11-30,Austria,Moderna,10813
2021-11-30,Austria,Novavax,0
2021-11-30,Austria,Oxford/AstraZeneca,25
2021-11-30,Austria,Pfizer/BioNTech,98765
2021-11-30,Austria,Sanofi/GSK,0
2021-11-30,Austria,Valneva,0
2021-12-01,Austria,Moderna,10813
2021-12-01,Austria,Novavax,0
2021-12-01,Austria,Oxford/AstraZeneca,25
2021-12-01,Austria,Pfizer/BioNTech,98765
2021-12-01,Austria,Sanofi/GSK,0
2021-12-01,Austria,Valneva,0
2021-12-02,Austria,Moderna,10813
2021-12-02,Austria,Novavax,0
2021-12-02,Austria,Oxford/AstraZeneca,25
2021-12-02,Austria,Pfizer/BioNTech,98765
2021-12-02,Austria,Sanofi/GSK,0
2021-12-02,Austria,Valneva,0
2021-12-03,Austria,Moderna,10260
2021-12-03,Austria,Novavax,0
2021-12-03,Austria,Oxford/AstraZeneca,12
2021-12-03,Austria,Pfizer/BioNTech,86351
2021-12-03,Austria,Sanofi/GSK,0
2021-12-03,Austria,Valneva,0
2021-12-04,Austria,Moderna,10260
2021-12-04,Austria,Novavax,0
2021-12-04,Austria,Oxford/AstraZeneca,12
2021-12-04,Austria,Pfizer/BioNTech,86351
2021-12-04,Austria,Sanofi/GSK,0
2021-12-04,Austria,Valneva,0
2021-12-05,Austria,Moderna,10260
2021-12-05,Austria,Novavax,0
2021-12-05,Austria,Oxford/AstraZeneca,12
2021-12-05,Austria,Pfizer/BioNTech,86351
2021-12-05,Austria,Sanofi/GSK,0
2021-12-05,Austria,Valneva,0
2021-12-06,Austria,Moderna,10260
2021-12-06,Austria,Novavax,0
2021-12-06,Austria,Oxford/AstraZeneca,12
2021-12-06,Austria,Pfizer/BioNTech,86351
2021-12-06,Austria,Sanofi/GSK,0
2021-12-06,Austria,Valneva,0
2021-12-07,Austria,Moderna,10260
2021-12-07,Austria,Novavax,0
2021-12-07,Austria,Oxford/AstraZeneca,12
2021-12-07,Austria,Pfizer/BioNTech,86351
2021-12-07,Austria,Sanofi/GSK,0
2021-12-07,Austria,Valneva,0
2021-12-08,Austria,Moderna,10260
2021-12-08,Austria,Novavax,0
2021-12-08,Austria,Oxford/AstraZeneca,12
2021-12-08,Austria,Pfizer/BioNTech,86351
2021-12-08,Austria,Sanofi/GSK,0
2021-12-08,Austria,Valneva,0
2021-12-09,Austria,Moderna,10260
2021-12-09,Austria,Novavax,0
2021-12-09,Austria,Oxford/AstraZeneca,12
2021-12-09,Austria,Pfizer/BioNTech,86351
2021-12-09,Austria,Sanofi/GSK,0
2021-12-09,Austria,Valneva,0
2021-12-10,Austria,Moderna,8795
2021-12-10,Austria,Novavax,0
2021-12-10,Austria,Oxford/AstraZeneca,8
2021-12-10,Austria,Pfizer/BioNTech,88768
2021-12-10,Austria,Sanofi/GSK,0
2021-12-10,Austria,Valneva,0
2021-12-11,Austria,Moderna,8795
2021-12-11,Austria,Novavax,0
2021-12-11,Austria,Oxford/AstraZeneca,8
2021-12-11,Austria,Pfizer/BioNTech,88768
2021-12-11,Austria,Sanofi/GSK,0
2021-12-11,Austria,Valneva,0
2021-12-12,Austria,Moderna,8795
2021-12-12,Austria,Novavax,0
2021-12-12,Austria,Oxford/AstraZeneca,8
2021-12-12,Austria,Pfizer/BioNTech,88768
2021-12-12,Austria,Sanofi/GSK,0
2021-12-12,Austria,Valneva,0
2021-12-13,Austria,Moderna,8795
2021-12-13,Austria,Novavax,0
2021-12-13,Austria,Oxford/AstraZeneca,8
2021-12-13,Austria,Pfizer/BioNTech,88768
2021-12-13,Austria,Sanofi/GSK,0
2021-12-13,Austria,Valneva,0
2021-12-14,Austria,Moderna,8795
2021-12-14,Austria,Novavax,0
2021-12-14,Austria,Oxford/AstraZeneca,8
2021-12-14,Austria,Pfizer/BioNTech,88768
2021-12-14,Austria,Sanofi/GSK,0
2021-12-14,Austria,Valneva,0
2021-12-15,Austria,Moderna,8795
2021-12-15,Austria,Novavax,0
2021-12-15,Austria,Oxford/AstraZeneca,8
2021-12-15,Austria,Pfizer/BioNTech,88768
2021-12-15,Austria,Sanofi/GSK,0
2021-12-15,Austria,Valneva,0
2021-12-16,Austria,Moderna,8795
2021-12-16,Austria,Novavax,0
2021-12-16,Austria,Oxford/AstraZeneca,8
2021-12-16,Austria,Pfizer/BioNTech,88768
2021-12-16,Austria,Sanofi/GSK,0
2021-12-16,Austria,Valneva,0
2021-12-17,Austria,Moderna,3711
2021-12-17,Austria,Novavax,0
2021-12-17,Austria,Oxford/AstraZeneca,7
2021-12-17,Austria,Pfizer/BioNTech,42609
2021-12-17,Austria,Sanofi/GSK,0
2021-12-17,Austria,Valneva,0
2021-12-18,Austria,Moderna,3711
2021-12-18,Austria,Novavax,0
2021-12-18,Austria,Oxford/AstraZeneca,7
2021-12-18,Austria,Pfizer/BioNTech,42609
2021-12-18,Austria,Sanofi/GSK,0
2021-12-18,Austria,Valneva,0
2021-12-19,Austria,Moderna,3711
2021-12-19,Austria,Novavax,0
2021-12-19,Austria,Oxford/AstraZeneca,7
2021-12-19,Austria,Pfizer/BioNTech,42609
2021-12-19,Austria,Sanofi/GSK,0
2021-12-19,Austria,Valneva,0
2021-12-20,Austria,Moderna,3711
2021-12-20,Austria,Novavax,0
2021-12-20,Austria,Oxford/AstraZeneca,7
2021-12-20,Austria,Pfizer/BioNTech,42609
2021-12-20,Austria,Sanofi/GSK,0
2021-12-20,Austria,Valneva,0
2021-12-21,Austria,Moderna,3711
2021-12-21,Austria,Novavax,0
2021-12-21,Austria,Oxford/AstraZeneca,7
2021-12-21,Austria,Pfizer/BioNTech,42609
2021-12-21,Austria,Sanofi/GSK,0
2021-12-21,Austria,Valneva,0
2021-12-22,Austria,Moderna,3711
2021-12-22,Austria,Novavax,0
2021-12-22,Austria,Oxford/AstraZeneca,7
2021-12-22,Austria,Pfizer/BioNTech,42609
2021-12-22,Austria,Sanofi/GSK,0
2021-12-22,Austria,Valneva,0
2021-12-23,Austria,Moderna,3711
2021-12-23,Austria,Novavax,0
2021-12-23,Austria,Oxford/AstraZeneca,7
2021-12-23,Austria,Pfizer/BioNTech,42609
2021-12-23,Austria,Sanofi/GSK,0
2021-12-23,Austria,Valneva,0
2021-12-24,Austria,Moderna,2407
2021-12-24,Austria,Novavax,0
2021-12-24,Austria,Oxford/AstraZeneca,5
2021-12-24,Austria,Pfizer/BioNTech,30875
2021-12-24,Austria,Sanofi/GSK,0
2021-12-24,Austria,Valneva,0
2021-12-25,Austria,Moderna,2407
2021-12-25,Austria,Novavax,0
2021-12-25,Austria,Oxford/AstraZeneca,5
2021-12-25,Austria,Pfizer/BioNTech,30875
2021-12-25,Austria,Sanofi/GSK,0
2021-12-25,Austria,Valneva,0
2021-12-26,Austria,Moderna,2407
2021-12-26,Austria,Novavax,0
2021-12-26,Austria,Oxford/AstraZeneca,5
2021-12-26,Austria,Pfizer/BioNTech,30875
2021-12-26,Austria,Sanofi/GSK,0
2021-12-26,Austria,Valneva,0
2021-12-27,Austria,Moderna,2407
2021-12-27,Austria,Novavax,0
2021-12-27,Austria,Oxford/AstraZeneca,5
2021-12-27,Austria,Pfizer/BioNTech,30875
2021-12-27,Austria,Sanofi/GSK,0
2021-12-27,Austria,Valneva,0
2021-12-28,Austria,Moderna,2407
2021-12-28,Austria,Novavax,0
2021-12-28,Austria,Oxford/AstraZeneca,5
2021-12-28,Austria,Pfizer/BioNTech,30875
2021-12-28,Austria,Sanofi/GSK,0
2021-12-28,Austria,Valneva,0
2021-12-29,Austria,Moderna,2407
2021-12-29,Austria,Novavax,0
2021-12-29,Austria,Oxford/AstraZeneca,5
2021-12-29,Austria,Pfizer/BioNTech,30875
2021-12-29,Austria,Sanofi/GSK,0
2021-12-29,Austria,Valneva,0
2021-12-30,Austria,Moderna,2407
2021-12-30,Austria,Novavax,0
2021-12-30,Austria,Oxford/AstraZeneca,5
2021-12-30,Austria,Pfizer/BioNTech,30875
2021-12-30,Austria,Sanofi/GSK,0
2021-12-30,Austria,Valneva,0
2021-12-31,Austria,Moderna,3388
2021-12-31,Austria,Novavax,0
2021-12-31,Austria,Oxford/AstraZeneca,2
2021-12-31,Austria,Pfizer/BioNTech,39212
2021-12-31,Austria,Sanofi/GSK,0
2021-12-31,Austria,Valneva,0
