date,location,vaccine,total_vaccinations
2021-01-01,Latvia,Moderna,0
2021-01-01,Latvia,Johnson&Johnson,0
2021-01-01,Latvia,Oxford/AstraZeneca,0
2021-01-01,Latvia,Sinopharm/Beijing,0
2021-01-02,Latvia,Moderna,0
2021-01-02,Latvia,Johnson&Johnson,0
2021-01-02,Latvia,Oxford/AstraZeneca,0
2021-01-02,Latvia,Sinopharm/Beijing,0
2021-01-03,Latvia,Moderna,3
2021-01-03,Latvia,Johnson&Johnson,0
2021-01-03,Latvia,Oxford/AstraZeneca,0
2021-01-03,Latvia,Sinopharm/Beijing,0
2021-01-04,Latvia,Moderna,0
2021-01-04,Latvia,Johnson&Johnson,0
2021-01-04,Latvia,Oxford/AstraZeneca,0
2021-01-04,Latvia,Sinopharm/Beijing,0
2021-01-05,Latvia,Moderna,0
2021-01-05,Latvia,Johnson&Johnson,0
2021-01-05,Latvia,Oxford/AstraZeneca,0
2021-01-05,Latvia,Sinopharm/Beijing,0
2021-01-06,Latvia,Moderna,1
2021-01-06,Latvia,Johnson&Johnson,0
2021-01-06,Latvia,Oxford/AstraZeneca,0
2021-01-06,Latvia,Sinopharm/Beijing,0
2021-01-07,Latvia,Moderna,0
2021-01-07,Latvia,Johnson&Johnson,0
2021-01-07,Latvia,Oxford/AstraZeneca,0
2021-01-07,Latvia,Sinopharm/Beijing,0
2021-01-08,Latvia,Moderna,0
2021-01-08,Latvia,Johnson&Johnson,0
2021-01-08,Latvia,Oxford/AstraZeneca,0
2021-01-08,Latvia,Sinopharm/Beijing,0
2021-01-09,Latvia,Moderna,1
2021-01-09,Latvia,Johnson&Johnson,0
2021-01-09,Latvia,Oxford/AstraZeneca,0
2021-01-09,Latvia,Sinopharm/Beijing,0
2021-01-10,Latvia,Moderna,6
2021-01-10,Latvia,Johnson&Johnson,0
2021-01-10,Latvia,Oxford/AstraZeneca,0
2021-01-10,Latvia,Sinopharm/Beijing,0
2021-01-11,Latvia,Moderna,3
2021-01-11,Latvia,Johnson&Johnson,0
2021-01-11,Latvia,Oxford/AstraZeneca,0
2021-01-11,Latvia,Sinopharm/Beijing,0
2021-01-12,Latvia,Moderna,133
2021-01-12,Latvia,Johnson&Johnson,0
2021-01-12,Latvia,Oxford/AstraZeneca,1
2021-01-12,Latvia,Sinopharm/Beijing,0
2021-01-13,Latvia,Moderna,431
2021-01-13,Latvia,Johnson&Johnson,0
2021-01-13,Latvia,Oxford/AstraZeneca,1
2021-01-13,Latvia,Sinopharm/Beijing,0
2021-01-14,Latvia,Moderna,364
2021-01-14,Latvia,Johnson&Johnson,0
2021-01-14,Latvia,Oxford/AstraZeneca,1
2021-01-14,Latvia,Sinopharm/Beijing,0
2021-01-15,Latvia,Moderna,31
2021-01-15,Latvia,Johnson&Johnson,0
2021-01-15,Latvia,Oxford/AstraZeneca,1
2021-01-15,Latvia,Sinopharm/Beijing,0
2021-01-16,Latvia,Moderna,72
2021-01-16,Latvia,Johnson&Johnson,0
2021-01-16,Latvia,Oxford/AstraZeneca,3
2021-01-16,Latvia,Sinopharm/Beijing,0
2021-01-17,Latvia,Moderna,72
2021-01-17,Latvia,Johnson&Johnson,0
2021-01-17,Latvia,Oxford/AstraZeneca,2
2021-01-17,Latvia,Sinopharm/Beijing,0
2021-01-18,Latvia,Moderna,62
2021-01-18,Latvia,Johnson&Johnson,0
2021-01-18,Latvia,Oxford/AstraZeneca,2
2021-01-18,Latvia,Sinopharm/Beijing,0
2021-01-19,Latvia,Moderna,11
2021-01-19,Latvia,Johnson&Johnson,0
2021-01-19,Latvia,Oxford/AstraZeneca,1
2021-01-19,Latvia,Sinopharm/Beijing,0
2021-01-20,Latvia,Moderna,4
2021-01-20,Latvia,Johnson&Johnson,0
2021-01-20,Latvia,Oxford/AstraZeneca,1
2021-01-20,Latvia,Sinopharm/Beijing,0
2021-01-21,Latvia,Moderna,21
2021-01-21,Latvia,Johnson&Johnson,0
2021-01-21,Latvia,Oxford/AstraZeneca,1
2021-01-21,Latvia,Sinopharm/Beijing,0
2021-01-22,Latvia,Moderna,1
2021-01-22,Latvia,Johnson&Johnson,0
2021-01-22,Latvia,Oxford/AstraZeneca,1
2021-01-22,Latvia,Sinopharm/Beijing,0
2021-01-23,Latvia,Moderna,1
2021-01-23,Latvia,Johnson&Johnson,0
2021-01-23,Latvia,Oxford/AstraZeneca,1
2021-01-23,Latvia,Sinopharm/Beijing,0
2021-01-24,Latvia,Moderna,1
2021-01-24,Latvia,Johnson&Johnson,0
2021-01-24,Latvia,Oxford/AstraZeneca,1
2021-01-24,Latvia,Sinopharm/Beijing,0
2021-01-25,Latvia,Moderna,15
2021-01-25,Latvia,Johnson&Johnson,0
2021-01-25,Latvia,Oxford/AstraZeneca,1
2021-01-25,Latvia,Sinopharm/Beijing,0
2021-01-26,Latvia,Moderna,4
2021-01-26,Latvia,Johnson&Johnson,0
2021-01-26,Latvia,Oxford/AstraZeneca,1
2021-01-26,Latvia,Sinopharm/Beijing,0
2021-01-27,Latvia,Moderna,2
2021-01-27,Latvia,Johnson&Johnson,0
2021-01-27,Latvia,Oxford/AstraZeneca,2
2021-01-27,Latvia,Sinopharm/Beijing,0
2021-01-28,Latvia,Moderna,12
2021-01-28,Latvia,Johnson&Johnson,0
2021-01-28,Latvia,Oxford/AstraZeneca,1
2021-01-28,Latvia,Sinopharm/Beijing,0
2021-01-29,Latvia,Moderna,1
2021-01-29,Latvia,Johnson&Johnson,0
2021-01-29,Latvia,Oxford/AstraZeneca,5
2021-01-29,Latvia,Sinopharm/Beijing,0
2021-01-30,Latvia,Moderna,1
2021-01-30,Latvia,Johnson&Johnson,0
2021-01-30,Latvia,Oxford/AstraZeneca,3
2021-01-30,Latvia,Sinopharm/Beijing,0
2021-01-31,Latvia,Moderna,3
2021-01-31,Latvia,Johnson&Johnson,0
2021-01-31,Latvia,Oxford/AstraZeneca,2
2021-01-31,Latvia,Sinopharm/Beijing,0
2021-02-01,Latvia,Moderna,123
2021-02-01,Latvia,Johnson&Johnson,0
2021-02-01,Latvia,Oxford/AstraZeneca,2
2021-02-01,Latvia,Sinopharm/Beijing,0
2021-02-02,Latvia,Moderna,223
2021-02-02,Latvia,Johnson&Johnson,0
2021-02-02,Latvia,Oxford/AstraZeneca,1
2021-02-02,Latvia,Sinopharm/Beijing,0
2021-02-03,Latvia,Moderna,112
2021-02-03,Latvia,Johnson&Johnson,0
2021-02-03,Latvia,Oxford/AstraZeneca,1
2021-02-03,Latvia,Sinopharm/Beijing,0
2021-02-04,Latvia,Moderna,90
2021-02-04,Latvia,Johnson&Johnson,0
2021-02-04,Latvia,Oxford/AstraZeneca,1
2021-02-04,Latvia,Sinopharm/Beijing,0
2021-02-05,Latvia,Moderna,2
2021-02-05,Latvia,Johnson&Johnson,0
2021-02-05,Latvia,Oxford/AstraZeneca,5
2021-02-05,Latvia,Sinopharm/Beijing,0
2021-02-06,Latvia,Moderna,22
2021-02-06,Latvia,Johnson&Johnson,0
2021-02-06,Latvia,Oxford/AstraZeneca,3
2021-02-06,Latvia,Sinopharm/Beijing,0
2021-02-07,Latvia,Moderna,22
2021-02-07,Latvia,Johnson&Johnson,0
2021-02-07,Latvia,Oxford/AstraZeneca,4
2021-02-07,Latvia,Sinopharm/Beijing,0
2021-02-08,Latvia,Moderna,25
2021-02-08,Latvia,Johnson&Johnson,0
2021-02-08,Latvia,Oxford/AstraZeneca,22
2021-02-08,Latvia,Sinopharm/Beijing,0
2021-02-09,Latvia,Moderna,133
2021-02-09,Latvia,Johnson&Johnson,0
2021-02-09,Latvia,Oxford/AstraZeneca,420
2021-02-09,Latvia,Sinopharm/Beijing,0
2021-02-10,Latvia,Moderna,392
2021-02-10,Latvia,Johnson&Johnson,0
2021-02-10,Latvia,Oxford/AstraZeneca,1096
2021-02-10,Latvia,Sinopharm/Beijing,0
2021-02-11,Latvia,Moderna,348
2021-02-11,Latvia,Johnson&Johnson,0
2021-02-11,Latvia,Oxford/AstraZeneca,1174
2021-02-11,Latvia,Sinopharm/Beijing,0
2021-02-12,Latvia,Moderna,50
2021-02-12,Latvia,Johnson&Johnson,0
2021-02-12,Latvia,Oxford/AstraZeneca,231
2021-02-12,Latvia,Sinopharm/Beijing,0
2021-02-13,Latvia,Moderna,20
2021-02-13,Latvia,Johnson&Johnson,0
2021-02-13,Latvia,Oxford/AstraZeneca,3
2021-02-13,Latvia,Sinopharm/Beijing,0
2021-02-14,Latvia,Moderna,155
2021-02-14,Latvia,Johnson&Johnson,0
2021-02-14,Latvia,Oxford/AstraZeneca,699
2021-02-14,Latvia,Sinopharm/Beijing,1
2021-02-15,Latvia,Moderna,260
2021-02-15,Latvia,Johnson&Johnson,0
2021-02-15,Latvia,Oxford/AstraZeneca,1158
2021-02-15,Latvia,Sinopharm/Beijing,0
2021-02-16,Latvia,Moderna,131
2021-02-16,Latvia,Johnson&Johnson,0
2021-02-16,Latvia,Oxford/AstraZeneca,1724
2021-02-16,Latvia,Sinopharm/Beijing,0
2021-02-17,Latvia,Moderna,268
2021-02-17,Latvia,Johnson&Johnson,0
2021-02-17,Latvia,Oxford/AstraZeneca,1260
2021-02-17,Latvia,Sinopharm/Beijing,0
2021-02-18,Latvia,Moderna,211
2021-02-18,Latvia,Johnson&Johnson,0
2021-02-18,Latvia,Oxford/AstraZeneca,1115
2021-02-18,Latvia,Sinopharm/Beijing,0
2021-02-19,Latvia,Moderna,21
2021-02-19,Latvia,Johnson&Johnson,0
2021-02-19,Latvia,Oxford/AstraZeneca,733
2021-02-19,Latvia,Sinopharm/Beijing,0
2021-02-20,Latvia,Moderna,2
2021-02-20,Latvia,Johnson&Johnson,0
2021-02-20,Latvia,Oxford/AstraZeneca,810
2021-02-20,Latvia,Sinopharm/Beijing,0
2021-02-21,Latvia,Moderna,245
2021-02-21,Latvia,Johnson&Johnson,0
2021-02-21,Latvia,Oxford/AstraZeneca,1514
2021-02-21,Latvia,Sinopharm/Beijing,0
2021-02-22,Latvia,Moderna,228
2021-02-22,Latvia,Johnson&Johnson,0
2021-02-22,Latvia,Oxford/AstraZeneca,2160
2021-02-22,Latvia,Sinopharm/Beijing,0
2021-02-23,Latvia,Moderna,160
2021-02-23,Latvia,Johnson&Johnson,0
2021-02-23,Latvia,Oxford/AstraZeneca,4143
2021-02-23,Latvia,Sinopharm/Beijing,0
2021-02-24,Latvia,Moderna,263
2021-02-24,Latvia,Johnson&Johnson,0
2021-02-24,Latvia,Oxford/AstraZeneca,3851
2021-02-24,Latvia,Sinopharm/Beijing,0
2021-02-25,Latvia,Moderna,213
2021-02-25,Latvia,Johnson&Johnson,0
2021-02-25,Latvia,Oxford/AstraZeneca,3052
2021-02-25,Latvia,Sinopharm/Beijing,0
2021-02-26,Latvia,Moderna,322
2021-02-26,Latvia,Johnson&Johnson,0
2021-02-26,Latvia,Oxford/AstraZeneca,267
2021-02-26,Latvia,Sinopharm/Beijing,0
2021-02-27,Latvia,Moderna,2
2021-02-27,Latvia,Johnson&Johnson,0
2021-02-27,Latvia,Oxford/AstraZeneca,134
2021-02-27,Latvia,Sinopharm/Beijing,0
2021-02-28,Latvia,Moderna,386
2021-02-28,Latvia,Johnson&Johnson,0
2021-02-28,Latvia,Oxford/AstraZeneca,1151
2021-02-28,Latvia,Sinopharm/Beijing,0
2021-03-01,Latvia,Moderna,730
2021-03-01,Latvia,Johnson&Johnson,0
2021-03-01,Latvia,Oxford/AstraZeneca,1132
2021-03-01,Latvia,Sinopharm/Beijing,0
2021-03-02,Latvia,Moderna,756
2021-03-02,Latvia,Johnson&Johnson,0
2021-03-02,Latvia,Oxford/AstraZeneca,2747
2021-03-02,Latvia,Sinopharm/Beijing,0
2021-03-03,Latvia,Moderna,530
2021-03-03,Latvia,Johnson&Johnson,0
2021-03-03,Latvia,Oxford/AstraZeneca,4970
2021-03-03,Latvia,Sinopharm/Beijing,0
2021-03-04,Latvia,Moderna,478
2021-03-04,Latvia,Johnson&Johnson,0
2021-03-04,Latvia,Oxford/AstraZeneca,4021
2021-03-04,Latvia,Sinopharm/Beijing,0
2021-03-05,Latvia,Moderna,86
2021-03-05,Latvia,Johnson&Johnson,0
2021-03-05,Latvia,Oxford/AstraZeneca,706
2021-03-05,Latvia,Sinopharm/Beijing,0
2021-03-06,Latvia,Moderna,133
2021-03-06,Latvia,Johnson&Johnson,0
2021-03-06,Latvia,Oxford/AstraZeneca,83
2021-03-06,Latvia,Sinopharm/Beijing,0
2021-03-07,Latvia,Moderna,133
2021-03-07,Latvia,Johnson&Johnson,2
2021-03-07,Latvia,Oxford/AstraZeneca,1445
2021-03-07,Latvia,Sinopharm/Beijing,0
2021-03-08,Latvia,Moderna,359
2021-03-08,Latvia,Johnson&Johnson,0
2021-03-08,Latvia,Oxford/AstraZeneca,1771
2021-03-08,Latvia,Sinopharm/Beijing,0
2021-03-09,Latvia,Moderna,284
2021-03-09,Latvia,Johnson&Johnson,0
2021-03-09,Latvia,Oxford/AstraZeneca,1649
2021-03-09,Latvia,Sinopharm/Beijing,0
2021-03-10,Latvia,Moderna,167
2021-03-10,Latvia,Johnson&Johnson,0
2021-03-10,Latvia,Oxford/AstraZeneca,2366
2021-03-10,Latvia,Sinopharm/Beijing,0
2021-03-11,Latvia,Moderna,133
2021-03-11,Latvia,Johnson&Johnson,0
2021-03-11,Latvia,Oxford/AstraZeneca,4831
2021-03-11,Latvia,Sinopharm/Beijing,0
2021-03-12,Latvia,Moderna,73
2021-03-12,Latvia,Johnson&Johnson,0
2021-03-12,Latvia,Oxford/AstraZeneca,864
2021-03-12,Latvia,Sinopharm/Beijing,0
2021-03-13,Latvia,Moderna,1
2021-03-13,Latvia,Johnson&Johnson,0
2021-03-13,Latvia,Oxford/AstraZeneca,75
2021-03-13,Latvia,Sinopharm/Beijing,0
2021-03-14,Latvia,Moderna,145
2021-03-14,Latvia,Johnson&Johnson,1
2021-03-14,Latvia,Oxford/AstraZeneca,3657
2021-03-14,Latvia,Sinopharm/Beijing,0
2021-03-15,Latvia,Moderna,170
2021-03-15,Latvia,Johnson&Johnson,1
2021-03-15,Latvia,Oxford/AstraZeneca,31
2021-03-15,Latvia,Sinopharm/Beijing,0
2021-03-16,Latvia,Moderna,165
2021-03-16,Latvia,Johnson&Johnson,0
2021-03-16,Latvia,Oxford/AstraZeneca,18
2021-03-16,Latvia,Sinopharm/Beijing,0
2021-03-17,Latvia,Moderna,256
2021-03-17,Latvia,Johnson&Johnson,0
2021-03-17,Latvia,Oxford/AstraZeneca,14
2021-03-17,Latvia,Sinopharm/Beijing,0
2021-03-18,Latvia,Moderna,344
2021-03-18,Latvia,Johnson&Johnson,0
2021-03-18,Latvia,Oxford/AstraZeneca,337
2021-03-18,Latvia,Sinopharm/Beijing,0
2021-03-19,Latvia,Moderna,51
2021-03-19,Latvia,Johnson&Johnson,0
2021-03-19,Latvia,Oxford/AstraZeneca,377
2021-03-19,Latvia,Sinopharm/Beijing,0
2021-03-20,Latvia,Moderna,4
2021-03-20,Latvia,Johnson&Johnson,0
2021-03-20,Latvia,Oxford/AstraZeneca,33
2021-03-20,Latvia,Sinopharm/Beijing,0
2021-03-21,Latvia,Moderna,663
2021-03-21,Latvia,Johnson&Johnson,0
2021-03-21,Latvia,Oxford/AstraZeneca,2039
2021-03-21,Latvia,Sinopharm/Beijing,0
2021-03-22,Latvia,Moderna,1258
2021-03-22,Latvia,Johnson&Johnson,1
2021-03-22,Latvia,Oxford/AstraZeneca,4121
2021-03-22,Latvia,Sinopharm/Beijing,0
2021-03-23,Latvia,Moderna,1499
2021-03-23,Latvia,Johnson&Johnson,0
2021-03-23,Latvia,Oxford/AstraZeneca,4163
2021-03-23,Latvia,Sinopharm/Beijing,0
2021-03-24,Latvia,Moderna,1605
2021-03-24,Latvia,Johnson&Johnson,0
2021-03-24,Latvia,Oxford/AstraZeneca,3322
2021-03-24,Latvia,Sinopharm/Beijing,0
2021-03-25,Latvia,Moderna,1660
2021-03-25,Latvia,Johnson&Johnson,0
2021-03-25,Latvia,Oxford/AstraZeneca,1918
2021-03-25,Latvia,Sinopharm/Beijing,0
2021-03-26,Latvia,Moderna,408
2021-03-26,Latvia,Johnson&Johnson,0
2021-03-26,Latvia,Oxford/AstraZeneca,191
2021-03-26,Latvia,Sinopharm/Beijing,0
2021-03-27,Latvia,Moderna,1
2021-03-27,Latvia,Johnson&Johnson,0
2021-03-27,Latvia,Oxford/AstraZeneca,35
2021-03-27,Latvia,Sinopharm/Beijing,0
2021-03-28,Latvia,Moderna,1029
2021-03-28,Latvia,Johnson&Johnson,0
2021-03-28,Latvia,Oxford/AstraZeneca,1099
2021-03-28,Latvia,Sinopharm/Beijing,0
2021-03-29,Latvia,Moderna,1301
2021-03-29,Latvia,Johnson&Johnson,0
2021-03-29,Latvia,Oxford/AstraZeneca,2757
2021-03-29,Latvia,Sinopharm/Beijing,1
2021-03-30,Latvia,Moderna,1347
2021-03-30,Latvia,Johnson&Johnson,1
2021-03-30,Latvia,Oxford/AstraZeneca,2765
2021-03-30,Latvia,Sinopharm/Beijing,0
2021-03-31,Latvia,Moderna,1504
2021-03-31,Latvia,Johnson&Johnson,1
2021-03-31,Latvia,Oxford/AstraZeneca,2053
2021-03-31,Latvia,Sinopharm/Beijing,0
2021-04-01,Latvia,Moderna,250
2021-04-01,Latvia,Johnson&Johnson,1
2021-04-01,Latvia,Oxford/AstraZeneca,330
2021-04-01,Latvia,Sinopharm/Beijing,0
2021-04-02,Latvia,Moderna,161
2021-04-02,Latvia,Johnson&Johnson,2
2021-04-02,Latvia,Oxford/AstraZeneca,3092
2021-04-02,Latvia,Sinopharm/Beijing,0
2021-04-03,Latvia,Moderna,8
2021-04-03,Latvia,Johnson&Johnson,0
2021-04-03,Latvia,Oxford/AstraZeneca,1619
2021-04-03,Latvia,Sinopharm/Beijing,0
2021-04-04,Latvia,Moderna,139
2021-04-04,Latvia,Johnson&Johnson,0
2021-04-04,Latvia,Oxford/AstraZeneca,2736
2021-04-04,Latvia,Sinopharm/Beijing,0
2021-04-05,Latvia,Moderna,1733
2021-04-05,Latvia,Johnson&Johnson,1
2021-04-05,Latvia,Oxford/AstraZeneca,3636
2021-04-05,Latvia,Sinopharm/Beijing,0
2021-04-06,Latvia,Moderna,2397
2021-04-06,Latvia,Johnson&Johnson,9
2021-04-06,Latvia,Oxford/AstraZeneca,6740
2021-04-06,Latvia,Sinopharm/Beijing,0
2021-04-07,Latvia,Moderna,2013
2021-04-07,Latvia,Johnson&Johnson,6
2021-04-07,Latvia,Oxford/AstraZeneca,4643
2021-04-07,Latvia,Sinopharm/Beijing,0
2021-04-08,Latvia,Moderna,1417
2021-04-08,Latvia,Johnson&Johnson,7
2021-04-08,Latvia,Oxford/AstraZeneca,3208
2021-04-08,Latvia,Sinopharm/Beijing,0
2021-04-09,Latvia,Moderna,155
2021-04-09,Latvia,Johnson&Johnson,1
2021-04-09,Latvia,Oxford/AstraZeneca,1493
2021-04-09,Latvia,Sinopharm/Beijing,0
2021-04-10,Latvia,Moderna,2
2021-04-10,Latvia,Johnson&Johnson,2
2021-04-10,Latvia,Oxford/AstraZeneca,96
2021-04-10,Latvia,Sinopharm/Beijing,0
2021-04-11,Latvia,Moderna,566
2021-04-11,Latvia,Johnson&Johnson,0
2021-04-11,Latvia,Oxford/AstraZeneca,1450
2021-04-11,Latvia,Sinopharm/Beijing,0
2021-04-12,Latvia,Moderna,891
2021-04-12,Latvia,Johnson&Johnson,0
2021-04-12,Latvia,Oxford/AstraZeneca,1619
2021-04-12,Latvia,Sinopharm/Beijing,0
2021-04-13,Latvia,Moderna,1887
2021-04-13,Latvia,Johnson&Johnson,0
2021-04-13,Latvia,Oxford/AstraZeneca,2051
2021-04-13,Latvia,Sinopharm/Beijing,0
2021-04-14,Latvia,Moderna,1828
2021-04-14,Latvia,Johnson&Johnson,0
2021-04-14,Latvia,Oxford/AstraZeneca,1864
2021-04-14,Latvia,Sinopharm/Beijing,0
2021-04-15,Latvia,Moderna,936
2021-04-15,Latvia,Johnson&Johnson,0
2021-04-15,Latvia,Oxford/AstraZeneca,4818
2021-04-15,Latvia,Sinopharm/Beijing,0
2021-04-16,Latvia,Moderna,218
2021-04-16,Latvia,Johnson&Johnson,0
2021-04-16,Latvia,Oxford/AstraZeneca,5240
2021-04-16,Latvia,Sinopharm/Beijing,0
2021-04-17,Latvia,Moderna,98
2021-04-17,Latvia,Johnson&Johnson,0
2021-04-17,Latvia,Oxford/AstraZeneca,397
2021-04-17,Latvia,Sinopharm/Beijing,0
2021-04-18,Latvia,Moderna,1374
2021-04-18,Latvia,Johnson&Johnson,0
2021-04-18,Latvia,Oxford/AstraZeneca,891
2021-04-18,Latvia,Sinopharm/Beijing,0
2021-04-19,Latvia,Moderna,4033
2021-04-19,Latvia,Johnson&Johnson,0
2021-04-19,Latvia,Oxford/AstraZeneca,978
2021-04-19,Latvia,Sinopharm/Beijing,0
2021-04-20,Latvia,Moderna,5452
2021-04-20,Latvia,Johnson&Johnson,0
2021-04-20,Latvia,Oxford/AstraZeneca,1366
2021-04-20,Latvia,Sinopharm/Beijing,0
2021-04-21,Latvia,Moderna,6007
2021-04-21,Latvia,Johnson&Johnson,12
2021-04-21,Latvia,Oxford/AstraZeneca,853
2021-04-21,Latvia,Sinopharm/Beijing,0
2021-04-22,Latvia,Moderna,4145
2021-04-22,Latvia,Johnson&Johnson,12
2021-04-22,Latvia,Oxford/AstraZeneca,1184
2021-04-22,Latvia,Sinopharm/Beijing,0
2021-04-23,Latvia,Moderna,424
2021-04-23,Latvia,Johnson&Johnson,12
2021-04-23,Latvia,Oxford/AstraZeneca,661
2021-04-23,Latvia,Sinopharm/Beijing,0
2021-04-24,Latvia,Moderna,248
2021-04-24,Latvia,Johnson&Johnson,12
2021-04-24,Latvia,Oxford/AstraZeneca,89
2021-04-24,Latvia,Sinopharm/Beijing,0
2021-04-25,Latvia,Moderna,2120
2021-04-25,Latvia,Johnson&Johnson,12
2021-04-25,Latvia,Oxford/AstraZeneca,1564
2021-04-25,Latvia,Sinopharm/Beijing,0
2021-04-26,Latvia,Moderna,3385
2021-04-26,Latvia,Johnson&Johnson,12
2021-04-26,Latvia,Oxford/AstraZeneca,2392
2021-04-26,Latvia,Sinopharm/Beijing,0
2021-04-27,Latvia,Moderna,4090
2021-04-27,Latvia,Johnson&Johnson,111
2021-04-27,Latvia,Oxford/AstraZeneca,2819
2021-04-27,Latvia,Sinopharm/Beijing,1
2021-04-28,Latvia,Moderna,4213
2021-04-28,Latvia,Johnson&Johnson,49
2021-04-28,Latvia,Oxford/AstraZeneca,3049
2021-04-28,Latvia,Sinopharm/Beijing,0
2021-04-29,Latvia,Moderna,2959
2021-04-29,Latvia,Johnson&Johnson,81
2021-04-29,Latvia,Oxford/AstraZeneca,2173
2021-04-29,Latvia,Sinopharm/Beijing,0
2021-04-30,Latvia,Moderna,241
2021-04-30,Latvia,Johnson&Johnson,2
2021-04-30,Latvia,Oxford/AstraZeneca,388
2021-04-30,Latvia,Sinopharm/Beijing,0
2021-05-01,Latvia,Moderna,37
2021-05-01,Latvia,Johnson&Johnson,11
2021-05-01,Latvia,Oxford/AstraZeneca,28
2021-05-01,Latvia,Sinopharm/Beijing,1
2021-05-02,Latvia,Moderna,646
2021-05-02,Latvia,Johnson&Johnson,2
2021-05-02,Latvia,Oxford/AstraZeneca,553
2021-05-02,Latvia,Sinopharm/Beijing,0
2021-05-03,Latvia,Moderna,97
2021-05-03,Latvia,Johnson&Johnson,2
2021-05-03,Latvia,Oxford/AstraZeneca,12
2021-05-03,Latvia,Sinopharm/Beijing,0
2021-05-04,Latvia,Moderna,3899
2021-05-04,Latvia,Johnson&Johnson,133
2021-05-04,Latvia,Oxford/AstraZeneca,2785
2021-05-04,Latvia,Sinopharm/Beijing,0
2021-05-05,Latvia,Moderna,4346
2021-05-05,Latvia,Johnson&Johnson,168
2021-05-05,Latvia,Oxford/AstraZeneca,3888
2021-05-05,Latvia,Sinopharm/Beijing,0
2021-05-06,Latvia,Moderna,4061
2021-05-06,Latvia,Johnson&Johnson,167
2021-05-06,Latvia,Oxford/AstraZeneca,3043
2021-05-06,Latvia,Sinopharm/Beijing,0
2021-05-07,Latvia,Moderna,1680
2021-05-07,Latvia,Johnson&Johnson,48
2021-05-07,Latvia,Oxford/AstraZeneca,1136
2021-05-07,Latvia,Sinopharm/Beijing,0
2021-05-08,Latvia,Moderna,5
2021-05-08,Latvia,Johnson&Johnson,83
2021-05-08,Latvia,Oxford/AstraZeneca,34
2021-05-08,Latvia,Sinopharm/Beijing,0
2021-05-09,Latvia,Moderna,1972
2021-05-09,Latvia,Johnson&Johnson,125
2021-05-09,Latvia,Oxford/AstraZeneca,2370
2021-05-09,Latvia,Sinopharm/Beijing,0
2021-05-10,Latvia,Moderna,2571
2021-05-10,Latvia,Johnson&Johnson,282
2021-05-10,Latvia,Oxford/AstraZeneca,2309
2021-05-10,Latvia,Sinopharm/Beijing,0
2021-05-11,Latvia,Moderna,3660
2021-05-11,Latvia,Johnson&Johnson,394
2021-05-11,Latvia,Oxford/AstraZeneca,2490
2021-05-11,Latvia,Sinopharm/Beijing,0
2021-05-12,Latvia,Moderna,3574
2021-05-12,Latvia,Johnson&Johnson,397
2021-05-12,Latvia,Oxford/AstraZeneca,2850
2021-05-12,Latvia,Sinopharm/Beijing,0
2021-05-13,Latvia,Moderna,2991
2021-05-13,Latvia,Johnson&Johnson,557
2021-05-13,Latvia,Oxford/AstraZeneca,3462
2021-05-13,Latvia,Sinopharm/Beijing,0
2021-05-14,Latvia,Moderna,507
2021-05-14,Latvia,Johnson&Johnson,91
2021-05-14,Latvia,Oxford/AstraZeneca,598
2021-05-14,Latvia,Sinopharm/Beijing,0
2021-05-15,Latvia,Moderna,243
2021-05-15,Latvia,Johnson&Johnson,21
2021-05-15,Latvia,Oxford/AstraZeneca,49
2021-05-15,Latvia,Sinopharm/Beijing,0
2021-05-16,Latvia,Moderna,2618
2021-05-16,Latvia,Johnson&Johnson,374
2021-05-16,Latvia,Oxford/AstraZeneca,2331
2021-05-16,Latvia,Sinopharm/Beijing,0
2021-05-17,Latvia,Moderna,4580
2021-05-17,Latvia,Johnson&Johnson,939
2021-05-17,Latvia,Oxford/AstraZeneca,1739
2021-05-17,Latvia,Sinopharm/Beijing,0
2021-05-18,Latvia,Moderna,5408
2021-05-18,Latvia,Johnson&Johnson,1276
2021-05-18,Latvia,Oxford/AstraZeneca,2158
2021-05-18,Latvia,Sinopharm/Beijing,0
2021-05-19,Latvia,Moderna,5975
2021-05-19,Latvia,Johnson&Johnson,1292
2021-05-19,Latvia,Oxford/AstraZeneca,2107
2021-05-19,Latvia,Sinopharm/Beijing,0
2021-05-20,Latvia,Moderna,4093
2021-05-20,Latvia,Johnson&Johnson,1933
2021-05-20,Latvia,Oxford/AstraZeneca,1425
2021-05-20,Latvia,Sinopharm/Beijing,0
2021-05-21,Latvia,Moderna,1633
2021-05-21,Latvia,Johnson&Johnson,1096
2021-05-21,Latvia,Oxford/AstraZeneca,434
2021-05-21,Latvia,Sinopharm/Beijing,0
2021-05-22,Latvia,Moderna,850
2021-05-22,Latvia,Johnson&Johnson,215
2021-05-22,Latvia,Oxford/AstraZeneca,15
2021-05-22,Latvia,Sinopharm/Beijing,0
2021-05-23,Latvia,Moderna,2730
2021-05-23,Latvia,Johnson&Johnson,1078
2021-05-23,Latvia,Oxford/AstraZeneca,1910
2021-05-23,Latvia,Sinopharm/Beijing,0
2021-05-24,Latvia,Moderna,4106
2021-05-24,Latvia,Johnson&Johnson,1122
2021-05-24,Latvia,Oxford/AstraZeneca,2377
2021-05-24,Latvia,Sinopharm/Beijing,0
2021-05-25,Latvia,Moderna,4018
2021-05-25,Latvia,Johnson&Johnson,1024
2021-05-25,Latvia,Oxford/AstraZeneca,3149
2021-05-25,Latvia,Sinopharm/Beijing,0
2021-05-26,Latvia,Moderna,3691
2021-05-26,Latvia,Johnson&Johnson,927
2021-05-26,Latvia,Oxford/AstraZeneca,2837
2021-05-26,Latvia,Sinopharm/Beijing,0
2021-05-27,Latvia,Moderna,4126
2021-05-27,Latvia,Johnson&Johnson,1438
2021-05-27,Latvia,Oxford/AstraZeneca,1983
2021-05-27,Latvia,Sinopharm/Beijing,0
2021-05-28,Latvia,Moderna,659
2021-05-28,Latvia,Johnson&Johnson,1649
2021-05-28,Latvia,Oxford/AstraZeneca,270
2021-05-28,Latvia,Sinopharm/Beijing,0
2021-05-29,Latvia,Moderna,196
2021-05-29,Latvia,Johnson&Johnson,734
2021-05-29,Latvia,Oxford/AstraZeneca,45
2021-05-29,Latvia,Sinopharm/Beijing,0
2021-05-30,Latvia,Moderna,1697
2021-05-30,Latvia,Johnson&Johnson,1060
2021-05-30,Latvia,Oxford/AstraZeneca,1639
2021-05-30,Latvia,Sinopharm/Beijing,0
2021-05-31,Latvia,Moderna,1756
2021-05-31,Latvia,Johnson&Johnson,952
2021-05-31,Latvia,Oxford/AstraZeneca,2690
2021-05-31,Latvia,Sinopharm/Beijing,0
2021-06-01,Latvia,Moderna,2912
2021-06-01,Latvia,Johnson&Johnson,1457
2021-06-01,Latvia,Oxford/AstraZeneca,2703
2021-06-01,Latvia,Sinopharm/Beijing,0
2021-06-02,Latvia,Moderna,3905
2021-06-02,Latvia,Johnson&Johnson,1081
2021-06-02,Latvia,Oxford/AstraZeneca,2339
2021-06-02,Latvia,Sinopharm/Beijing,0
2021-06-03,Latvia,Moderna,4812
2021-06-03,Latvia,Johnson&Johnson,1816
2021-06-03,Latvia,Oxford/AstraZeneca,1326
2021-06-03,Latvia,Sinopharm/Beijing,0
2021-06-04,Latvia,Moderna,1669
2021-06-04,Latvia,Johnson&Johnson,1038
2021-06-04,Latvia,Oxford/AstraZeneca,283
2021-06-04,Latvia,Sinopharm/Beijing,0
2021-06-05,Latvia,Moderna,105
2021-06-05,Latvia,Johnson&Johnson,1081
2021-06-05,Latvia,Oxford/AstraZeneca,22
2021-06-05,Latvia,Sinopharm/Beijing,0
2021-06-06,Latvia,Moderna,2250
2021-06-06,Latvia,Johnson&Johnson,1040
2021-06-06,Latvia,Oxford/AstraZeneca,1953
2021-06-06,Latvia,Sinopharm/Beijing,0
2021-06-07,Latvia,Moderna,2238
2021-06-07,Latvia,Johnson&Johnson,1412
2021-06-07,Latvia,Oxford/AstraZeneca,3306
2021-06-07,Latvia,Sinopharm/Beijing,0
2021-06-08,Latvia,Moderna,2266
2021-06-08,Latvia,Johnson&Johnson,1218
2021-06-08,Latvia,Oxford/AstraZeneca,3580
2021-06-08,Latvia,Sinopharm/Beijing,0
2021-06-09,Latvia,Moderna,2366
2021-06-09,Latvia,Johnson&Johnson,1603
2021-06-09,Latvia,Oxford/AstraZeneca,3149
2021-06-09,Latvia,Sinopharm/Beijing,0
2021-06-10,Latvia,Moderna,2661
2021-06-10,Latvia,Johnson&Johnson,1565
2021-06-10,Latvia,Oxford/AstraZeneca,2531
2021-06-10,Latvia,Sinopharm/Beijing,0
2021-06-11,Latvia,Moderna,1046
2021-06-11,Latvia,Johnson&Johnson,1299
2021-06-11,Latvia,Oxford/AstraZeneca,237
2021-06-11,Latvia,Sinopharm/Beijing,0
2021-06-12,Latvia,Moderna,327
2021-06-12,Latvia,Johnson&Johnson,463
2021-06-12,Latvia,Oxford/AstraZeneca,17
2021-06-12,Latvia,Sinopharm/Beijing,0
2021-06-13,Latvia,Moderna,1935
2021-06-13,Latvia,Johnson&Johnson,899
2021-06-13,Latvia,Oxford/AstraZeneca,1272
2021-06-13,Latvia,Sinopharm/Beijing,0
2021-06-14,Latvia,Moderna,1711
2021-06-14,Latvia,Johnson&Johnson,1666
2021-06-14,Latvia,Oxford/AstraZeneca,2790
2021-06-14,Latvia,Sinopharm/Beijing,0
2021-06-15,Latvia,Moderna,2114
2021-06-15,Latvia,Johnson&Johnson,1598
2021-06-15,Latvia,Oxford/AstraZeneca,2763
2021-06-15,Latvia,Sinopharm/Beijing,0
2021-06-16,Latvia,Moderna,1580
2021-06-16,Latvia,Johnson&Johnson,1657
2021-06-16,Latvia,Oxford/AstraZeneca,2261
2021-06-16,Latvia,Sinopharm/Beijing,0
2021-06-17,Latvia,Moderna,1934
2021-06-17,Latvia,Johnson&Johnson,2005
2021-06-17,Latvia,Oxford/AstraZeneca,2077
2021-06-17,Latvia,Sinopharm/Beijing,0
2021-06-18,Latvia,Moderna,1612
2021-06-18,Latvia,Johnson&Johnson,1485
2021-06-18,Latvia,Oxford/AstraZeneca,536
2021-06-18,Latvia,Sinopharm/Beijing,0
2021-06-19,Latvia,Moderna,706
2021-06-19,Latvia,Johnson&Johnson,661
2021-06-19,Latvia,Oxford/AstraZeneca,69
2021-06-19,Latvia,Sinopharm/Beijing,0
2021-06-20,Latvia,Moderna,1704
2021-06-20,Latvia,Johnson&Johnson,1518
2021-06-20,Latvia,Oxford/AstraZeneca,3027
2021-06-20,Latvia,Sinopharm/Beijing,0
2021-06-21,Latvia,Moderna,1407
2021-06-21,Latvia,Johnson&Johnson,1290
2021-06-21,Latvia,Oxford/AstraZeneca,1037
2021-06-21,Latvia,Sinopharm/Beijing,0
2021-06-22,Latvia,Moderna,42
2021-06-22,Latvia,Johnson&Johnson,128
2021-06-22,Latvia,Oxford/AstraZeneca,12
2021-06-22,Latvia,Sinopharm/Beijing,0
2021-06-23,Latvia,Moderna,22
2021-06-23,Latvia,Johnson&Johnson,15
2021-06-23,Latvia,Oxford/AstraZeneca,9
2021-06-23,Latvia,Sinopharm/Beijing,0
2021-06-24,Latvia,Moderna,1280
2021-06-24,Latvia,Johnson&Johnson,328
2021-06-24,Latvia,Oxford/AstraZeneca,146
2021-06-24,Latvia,Sinopharm/Beijing,0
2021-06-25,Latvia,Moderna,235
2021-06-25,Latvia,Johnson&Johnson,612
2021-06-25,Latvia,Oxford/AstraZeneca,1134
2021-06-25,Latvia,Sinopharm/Beijing,0
2021-06-26,Latvia,Moderna,161
2021-06-26,Latvia,Johnson&Johnson,470
2021-06-26,Latvia,Oxford/AstraZeneca,1222
2021-06-26,Latvia,Sinopharm/Beijing,0
2021-06-27,Latvia,Moderna,2360
2021-06-27,Latvia,Johnson&Johnson,1311
2021-06-27,Latvia,Oxford/AstraZeneca,3056
2021-06-27,Latvia,Sinopharm/Beijing,0
2021-06-28,Latvia,Moderna,2230
2021-06-28,Latvia,Johnson&Johnson,1853
2021-06-28,Latvia,Oxford/AstraZeneca,2114
2021-06-28,Latvia,Sinopharm/Beijing,0
2021-06-29,Latvia,Moderna,1777
2021-06-29,Latvia,Johnson&Johnson,1933
2021-06-29,Latvia,Oxford/AstraZeneca,2817
2021-06-29,Latvia,Sinopharm/Beijing,0
2021-06-30,Latvia,Moderna,1789
2021-06-30,Latvia,Johnson&Johnson,1673
2021-06-30,Latvia,Oxford/AstraZeneca,1235
2021-06-30,Latvia,Sinopharm/Beijing,0
2021-07-01,Latvia,Moderna,2539
2021-07-01,Latvia,Johnson&Johnson,1971
2021-07-01,Latvia,Oxford/AstraZeneca,1297
2021-07-01,Latvia,Sinopharm/Beijing,0
2021-07-02,Latvia,Moderna,832
2021-07-02,Latvia,Johnson&Johnson,1581
2021-07-02,Latvia,Oxford/AstraZeneca,2468
2021-07-02,Latvia,Sinopharm/Beijing,0
2021-07-03,Latvia,Moderna,132
2021-07-03,Latvia,Johnson&Johnson,829
2021-07-03,Latvia,Oxford/AstraZeneca,33
2021-07-03,Latvia,Sinopharm/Beijing,0
2021-07-04,Latvia,Moderna,1087
2021-07-04,Latvia,Johnson&Johnson,1546
2021-07-04,Latvia,Oxford/AstraZeneca,483
2021-07-04,Latvia,Sinopharm/Beijing,0
2021-07-05,Latvia,Moderna,583
2021-07-05,Latvia,Johnson&Johnson,2052
2021-07-05,Latvia,Oxford/AstraZeneca,570
2021-07-05,Latvia,Sinopharm/Beijing,0
2021-07-06,Latvia,Moderna,643
2021-07-06,Latvia,Johnson&Johnson,2546
2021-07-06,Latvia,Oxford/AstraZeneca,624
2021-07-06,Latvia,Sinopharm/Beijing,0
2021-07-07,Latvia,Moderna,478
2021-07-07,Latvia,Johnson&Johnson,1992
2021-07-07,Latvia,Oxford/AstraZeneca,463
2021-07-07,Latvia,Sinopharm/Beijing,0
2021-07-08,Latvia,Moderna,532
2021-07-08,Latvia,Johnson&Johnson,2536
2021-07-08,Latvia,Oxford/AstraZeneca,2227
2021-07-08,Latvia,Sinopharm/Beijing,0
2021-07-09,Latvia,Moderna,793
2021-07-09,Latvia,Johnson&Johnson,1633
2021-07-09,Latvia,Oxford/AstraZeneca,2321
2021-07-09,Latvia,Sinopharm/Beijing,0
2021-07-10,Latvia,Moderna,171
2021-07-10,Latvia,Johnson&Johnson,917
2021-07-10,Latvia,Oxford/AstraZeneca,182
2021-07-10,Latvia,Sinopharm/Beijing,0
2021-07-11,Latvia,Moderna,839
2021-07-11,Latvia,Johnson&Johnson,1662
2021-07-11,Latvia,Oxford/AstraZeneca,293
2021-07-11,Latvia,Sinopharm/Beijing,0
2021-07-12,Latvia,Moderna,421
2021-07-12,Latvia,Johnson&Johnson,2136
2021-07-12,Latvia,Oxford/AstraZeneca,241
2021-07-12,Latvia,Sinopharm/Beijing,0
2021-07-13,Latvia,Moderna,658
2021-07-13,Latvia,Johnson&Johnson,2330
2021-07-13,Latvia,Oxford/AstraZeneca,280
2021-07-13,Latvia,Sinopharm/Beijing,0
2021-07-14,Latvia,Moderna,604
2021-07-14,Latvia,Johnson&Johnson,1685
2021-07-14,Latvia,Oxford/AstraZeneca,233
2021-07-14,Latvia,Sinopharm/Beijing,0
2021-07-15,Latvia,Moderna,556
2021-07-15,Latvia,Johnson&Johnson,1984
2021-07-15,Latvia,Oxford/AstraZeneca,113
2021-07-15,Latvia,Sinopharm/Beijing,0
2021-07-16,Latvia,Moderna,191
2021-07-16,Latvia,Johnson&Johnson,1582
2021-07-16,Latvia,Oxford/AstraZeneca,56
2021-07-16,Latvia,Sinopharm/Beijing,0
2021-07-17,Latvia,Moderna,148
2021-07-17,Latvia,Johnson&Johnson,418
2021-07-17,Latvia,Oxford/AstraZeneca,12
2021-07-17,Latvia,Sinopharm/Beijing,0
2021-07-18,Latvia,Moderna,292
2021-07-18,Latvia,Johnson&Johnson,1194
2021-07-18,Latvia,Oxford/AstraZeneca,32
2021-07-18,Latvia,Sinopharm/Beijing,0
2021-07-19,Latvia,Moderna,475
2021-07-19,Latvia,Johnson&Johnson,1273
2021-07-19,Latvia,Oxford/AstraZeneca,207
2021-07-19,Latvia,Sinopharm/Beijing,0
2021-07-20,Latvia,Moderna,339
2021-07-20,Latvia,Johnson&Johnson,1442
2021-07-20,Latvia,Oxford/AstraZeneca,149
2021-07-20,Latvia,Sinopharm/Beijing,0
2021-07-21,Latvia,Moderna,245
2021-07-21,Latvia,Johnson&Johnson,1235
2021-07-21,Latvia,Oxford/AstraZeneca,183
2021-07-21,Latvia,Sinopharm/Beijing,0
2021-07-22,Latvia,Moderna,260
2021-07-22,Latvia,Johnson&Johnson,978
2021-07-22,Latvia,Oxford/AstraZeneca,61
2021-07-22,Latvia,Sinopharm/Beijing,0
2021-07-23,Latvia,Moderna,326
2021-07-23,Latvia,Johnson&Johnson,1065
2021-07-23,Latvia,Oxford/AstraZeneca,10
2021-07-23,Latvia,Sinopharm/Beijing,0
2021-07-24,Latvia,Moderna,34
2021-07-24,Latvia,Johnson&Johnson,259
2021-07-24,Latvia,Oxford/AstraZeneca,1
2021-07-24,Latvia,Sinopharm/Beijing,0
2021-07-25,Latvia,Moderna,384
2021-07-25,Latvia,Johnson&Johnson,633
2021-07-25,Latvia,Oxford/AstraZeneca,87
2021-07-25,Latvia,Sinopharm/Beijing,0
2021-07-26,Latvia,Moderna,521
2021-07-26,Latvia,Johnson&Johnson,605
2021-07-26,Latvia,Oxford/AstraZeneca,69
2021-07-26,Latvia,Sinopharm/Beijing,0
2021-07-27,Latvia,Moderna,619
2021-07-27,Latvia,Johnson&Johnson,613
2021-07-27,Latvia,Oxford/AstraZeneca,48
2021-07-27,Latvia,Sinopharm/Beijing,0
2021-07-28,Latvia,Moderna,400
2021-07-28,Latvia,Johnson&Johnson,629
2021-07-28,Latvia,Oxford/AstraZeneca,34
2021-07-28,Latvia,Sinopharm/Beijing,0
2021-07-29,Latvia,Moderna,669
2021-07-29,Latvia,Johnson&Johnson,552
2021-07-29,Latvia,Oxford/AstraZeneca,44
2021-07-29,Latvia,Sinopharm/Beijing,0
2021-07-30,Latvia,Moderna,182
2021-07-30,Latvia,Johnson&Johnson,664
2021-07-30,Latvia,Oxford/AstraZeneca,17
2021-07-30,Latvia,Sinopharm/Beijing,0
2021-07-31,Latvia,Moderna,51
2021-07-31,Latvia,Johnson&Johnson,329
2021-07-31,Latvia,Oxford/AstraZeneca,5
2021-07-31,Latvia,Sinopharm/Beijing,0
2021-08-01,Latvia,Moderna,300
2021-08-01,Latvia,Johnson&Johnson,656
2021-08-01,Latvia,Oxford/AstraZeneca,22
2021-08-01,Latvia,Sinopharm/Beijing,0
2021-08-02,Latvia,Moderna,369
2021-08-02,Latvia,Johnson&Johnson,915
2021-08-02,Latvia,Oxford/AstraZeneca,6
2021-08-02,Latvia,Sinopharm/Beijing,0
2021-08-03,Latvia,Moderna,420
2021-08-03,Latvia,Johnson&Johnson,822
2021-08-03,Latvia,Oxford/AstraZeneca,20
2021-08-03,Latvia,Sinopharm/Beijing,0
2021-08-04,Latvia,Moderna,276
2021-08-04,Latvia,Johnson&Johnson,501
2021-08-04,Latvia,Oxford/AstraZeneca,7
2021-08-04,Latvia,Sinopharm/Beijing,0
2021-08-05,Latvia,Moderna,429
2021-08-05,Latvia,Johnson&Johnson,819
2021-08-05,Latvia,Oxford/AstraZeneca,22
2021-08-05,Latvia,Sinopharm/Beijing,0
2021-08-06,Latvia,Moderna,106
2021-08-06,Latvia,Johnson&Johnson,1342
2021-08-06,Latvia,Oxford/AstraZeneca,6
2021-08-06,Latvia,Sinopharm/Beijing,0
2021-08-07,Latvia,Moderna,44
2021-08-07,Latvia,Johnson&Johnson,297
2021-08-07,Latvia,Oxford/AstraZeneca,3
2021-08-07,Latvia,Sinopharm/Beijing,0
2021-08-08,Latvia,Moderna,261
2021-08-08,Latvia,Johnson&Johnson,290
2021-08-08,Latvia,Oxford/AstraZeneca,11
2021-08-08,Latvia,Sinopharm/Beijing,0
2021-08-09,Latvia,Moderna,405
2021-08-09,Latvia,Johnson&Johnson,484
2021-08-09,Latvia,Oxford/AstraZeneca,42
2021-08-09,Latvia,Sinopharm/Beijing,0
2021-08-10,Latvia,Moderna,434
2021-08-10,Latvia,Johnson&Johnson,601
2021-08-10,Latvia,Oxford/AstraZeneca,47
2021-08-10,Latvia,Sinopharm/Beijing,0
2021-08-11,Latvia,Moderna,716
2021-08-11,Latvia,Johnson&Johnson,299
2021-08-11,Latvia,Oxford/AstraZeneca,30
2021-08-11,Latvia,Sinopharm/Beijing,0
2021-08-12,Latvia,Moderna,620
2021-08-12,Latvia,Johnson&Johnson,439
2021-08-12,Latvia,Oxford/AstraZeneca,17
2021-08-12,Latvia,Sinopharm/Beijing,0
2021-08-13,Latvia,Moderna,138
2021-08-13,Latvia,Johnson&Johnson,314
2021-08-13,Latvia,Oxford/AstraZeneca,7
2021-08-13,Latvia,Sinopharm/Beijing,0
2021-08-14,Latvia,Moderna,84
2021-08-14,Latvia,Johnson&Johnson,90
2021-08-14,Latvia,Oxford/AstraZeneca,8
2021-08-14,Latvia,Sinopharm/Beijing,0
2021-08-15,Latvia,Moderna,512
2021-08-15,Latvia,Johnson&Johnson,215
2021-08-15,Latvia,Oxford/AstraZeneca,21
2021-08-15,Latvia,Sinopharm/Beijing,0
2021-08-16,Latvia,Moderna,508
2021-08-16,Latvia,Johnson&Johnson,306
2021-08-16,Latvia,Oxford/AstraZeneca,14
2021-08-16,Latvia,Sinopharm/Beijing,0
2021-08-17,Latvia,Moderna,637
2021-08-17,Latvia,Johnson&Johnson,622
2021-08-17,Latvia,Oxford/AstraZeneca,69
2021-08-17,Latvia,Sinopharm/Beijing,0
2021-08-18,Latvia,Moderna,630
2021-08-18,Latvia,Johnson&Johnson,418
2021-08-18,Latvia,Oxford/AstraZeneca,9
2021-08-18,Latvia,Sinopharm/Beijing,0
2021-08-19,Latvia,Moderna,558
2021-08-19,Latvia,Johnson&Johnson,537
2021-08-19,Latvia,Oxford/AstraZeneca,14
2021-08-19,Latvia,Sinopharm/Beijing,0
2021-08-20,Latvia,Moderna,210
2021-08-20,Latvia,Johnson&Johnson,295
2021-08-20,Latvia,Oxford/AstraZeneca,46
2021-08-20,Latvia,Sinopharm/Beijing,0
2021-08-21,Latvia,Moderna,92
2021-08-21,Latvia,Johnson&Johnson,60
2021-08-21,Latvia,Oxford/AstraZeneca,1
2021-08-21,Latvia,Sinopharm/Beijing,0
2021-08-22,Latvia,Moderna,463
2021-08-22,Latvia,Johnson&Johnson,317
2021-08-22,Latvia,Oxford/AstraZeneca,20
2021-08-22,Latvia,Sinopharm/Beijing,0
2021-08-23,Latvia,Moderna,588
2021-08-23,Latvia,Johnson&Johnson,442
2021-08-23,Latvia,Oxford/AstraZeneca,23
2021-08-23,Latvia,Sinopharm/Beijing,0
2021-08-24,Latvia,Moderna,687
2021-08-24,Latvia,Johnson&Johnson,335
2021-08-24,Latvia,Oxford/AstraZeneca,19
2021-08-24,Latvia,Sinopharm/Beijing,0
2021-08-25,Latvia,Moderna,476
2021-08-25,Latvia,Johnson&Johnson,258
2021-08-25,Latvia,Oxford/AstraZeneca,23
2021-08-25,Latvia,Sinopharm/Beijing,0
2021-08-26,Latvia,Moderna,587
2021-08-26,Latvia,Johnson&Johnson,529
2021-08-26,Latvia,Oxford/AstraZeneca,15
2021-08-26,Latvia,Sinopharm/Beijing,0
2021-08-27,Latvia,Moderna,204
2021-08-27,Latvia,Johnson&Johnson,109
2021-08-27,Latvia,Oxford/AstraZeneca,4
2021-08-27,Latvia,Sinopharm/Beijing,0
2021-08-28,Latvia,Moderna,117
2021-08-28,Latvia,Johnson&Johnson,20
2021-08-28,Latvia,Oxford/AstraZeneca,2
2021-08-28,Latvia,Sinopharm/Beijing,0
2021-08-29,Latvia,Moderna,446
2021-08-29,Latvia,Johnson&Johnson,337
2021-08-29,Latvia,Oxford/AstraZeneca,11
2021-08-29,Latvia,Sinopharm/Beijing,0
2021-08-30,Latvia,Moderna,440
2021-08-30,Latvia,Johnson&Johnson,293
2021-08-30,Latvia,Oxford/AstraZeneca,12
2021-08-30,Latvia,Sinopharm/Beijing,0
2021-08-31,Latvia,Moderna,374
2021-08-31,Latvia,Johnson&Johnson,157
2021-08-31,Latvia,Oxford/AstraZeneca,19
2021-08-31,Latvia,Sinopharm/Beijing,0
2021-09-01,Latvia,Moderna,420
2021-09-01,Latvia,Johnson&Johnson,231
2021-09-01,Latvia,Oxford/AstraZeneca,2
2021-09-01,Latvia,Sinopharm/Beijing,0
2021-09-02,Latvia,Moderna,458
2021-09-02,Latvia,Johnson&Johnson,158
2021-09-02,Latvia,Oxford/AstraZeneca,12
2021-09-02,Latvia,Sinopharm/Beijing,0
2021-09-03,Latvia,Moderna,202
2021-09-03,Latvia,Johnson&Johnson,46
2021-09-03,Latvia,Oxford/AstraZeneca,1
2021-09-03,Latvia,Sinopharm/Beijing,0
2021-09-04,Latvia,Moderna,86
2021-09-04,Latvia,Johnson&Johnson,5
2021-09-04,Latvia,Oxford/AstraZeneca,2
2021-09-04,Latvia,Sinopharm/Beijing,0
2021-09-05,Latvia,Moderna,323
2021-09-05,Latvia,Johnson&Johnson,66
2021-09-05,Latvia,Oxford/AstraZeneca,4
2021-09-05,Latvia,Sinopharm/Beijing,0
2021-09-06,Latvia,Moderna,469
2021-09-06,Latvia,Johnson&Johnson,101
2021-09-06,Latvia,Oxford/AstraZeneca,3
2021-09-06,Latvia,Sinopharm/Beijing,0
2021-09-07,Latvia,Moderna,523
2021-09-07,Latvia,Johnson&Johnson,151
2021-09-07,Latvia,Oxford/AstraZeneca,1
2021-09-07,Latvia,Sinopharm/Beijing,0
2021-09-08,Latvia,Moderna,656
2021-09-08,Latvia,Johnson&Johnson,173
2021-09-08,Latvia,Oxford/AstraZeneca,11
2021-09-08,Latvia,Sinopharm/Beijing,0
2021-09-09,Latvia,Moderna,782
2021-09-09,Latvia,Johnson&Johnson,232
2021-09-09,Latvia,Oxford/AstraZeneca,17
2021-09-09,Latvia,Sinopharm/Beijing,0
2021-09-10,Latvia,Moderna,219
2021-09-10,Latvia,Johnson&Johnson,24
2021-09-10,Latvia,Oxford/AstraZeneca,3
2021-09-10,Latvia,Sinopharm/Beijing,0
2021-09-11,Latvia,Moderna,126
2021-09-11,Latvia,Johnson&Johnson,8
2021-09-11,Latvia,Oxford/AstraZeneca,1
2021-09-11,Latvia,Sinopharm/Beijing,0
2021-09-12,Latvia,Moderna,492
2021-09-12,Latvia,Johnson&Johnson,72
2021-09-12,Latvia,Oxford/AstraZeneca,1
2021-09-12,Latvia,Sinopharm/Beijing,0
2021-09-13,Latvia,Moderna,504
2021-09-13,Latvia,Johnson&Johnson,84
2021-09-13,Latvia,Oxford/AstraZeneca,2
2021-09-13,Latvia,Sinopharm/Beijing,0
2021-09-14,Latvia,Moderna,604
2021-09-14,Latvia,Johnson&Johnson,121
2021-09-14,Latvia,Oxford/AstraZeneca,7
2021-09-14,Latvia,Sinopharm/Beijing,0
2021-09-15,Latvia,Moderna,634
2021-09-15,Latvia,Johnson&Johnson,295
2021-09-15,Latvia,Oxford/AstraZeneca,5
2021-09-15,Latvia,Sinopharm/Beijing,0
2021-09-16,Latvia,Moderna,604
2021-09-16,Latvia,Johnson&Johnson,711
2021-09-16,Latvia,Oxford/AstraZeneca,3
2021-09-16,Latvia,Sinopharm/Beijing,0
2021-09-17,Latvia,Moderna,327
2021-09-17,Latvia,Johnson&Johnson,1086
2021-09-17,Latvia,Oxford/AstraZeneca,4
2021-09-17,Latvia,Sinopharm/Beijing,0
2021-09-18,Latvia,Moderna,103
2021-09-18,Latvia,Johnson&Johnson,82
2021-09-18,Latvia,Oxford/AstraZeneca,2
2021-09-18,Latvia,Sinopharm/Beijing,0
2021-09-19,Latvia,Moderna,457
2021-09-19,Latvia,Johnson&Johnson,426
2021-09-19,Latvia,Oxford/AstraZeneca,8
2021-09-19,Latvia,Sinopharm/Beijing,0
2021-09-20,Latvia,Moderna,547
2021-09-20,Latvia,Johnson&Johnson,673
2021-09-20,Latvia,Oxford/AstraZeneca,3
2021-09-20,Latvia,Sinopharm/Beijing,0
2021-09-21,Latvia,Moderna,658
2021-09-21,Latvia,Johnson&Johnson,743
2021-09-21,Latvia,Oxford/AstraZeneca,22
2021-09-21,Latvia,Sinopharm/Beijing,0
2021-09-22,Latvia,Moderna,456
2021-09-22,Latvia,Johnson&Johnson,1855
2021-09-22,Latvia,Oxford/AstraZeneca,10
2021-09-22,Latvia,Sinopharm/Beijing,0
2021-09-23,Latvia,Moderna,628
2021-09-23,Latvia,Johnson&Johnson,3316
2021-09-23,Latvia,Oxford/AstraZeneca,3
2021-09-23,Latvia,Sinopharm/Beijing,0
2021-09-24,Latvia,Moderna,248
2021-09-24,Latvia,Johnson&Johnson,3030
2021-09-24,Latvia,Oxford/AstraZeneca,3
2021-09-24,Latvia,Sinopharm/Beijing,0
2021-09-25,Latvia,Moderna,127
2021-09-25,Latvia,Johnson&Johnson,681
2021-09-25,Latvia,Oxford/AstraZeneca,17
2021-09-25,Latvia,Sinopharm/Beijing,0
2021-09-26,Latvia,Moderna,395
2021-09-26,Latvia,Johnson&Johnson,2140
2021-09-26,Latvia,Oxford/AstraZeneca,13
2021-09-26,Latvia,Sinopharm/Beijing,0
2021-09-27,Latvia,Moderna,435
2021-09-27,Latvia,Johnson&Johnson,2063
2021-09-27,Latvia,Oxford/AstraZeneca,18
2021-09-27,Latvia,Sinopharm/Beijing,0
2021-09-28,Latvia,Moderna,395
2021-09-28,Latvia,Johnson&Johnson,2354
2021-09-28,Latvia,Oxford/AstraZeneca,1
2021-09-28,Latvia,Sinopharm/Beijing,0
2021-09-29,Latvia,Moderna,491
2021-09-29,Latvia,Johnson&Johnson,3147
2021-09-29,Latvia,Oxford/AstraZeneca,12
2021-09-29,Latvia,Sinopharm/Beijing,0
2021-09-30,Latvia,Moderna,530
2021-09-30,Latvia,Johnson&Johnson,3064
2021-09-30,Latvia,Oxford/AstraZeneca,4
2021-09-30,Latvia,Sinopharm/Beijing,0
2021-10-01,Latvia,Moderna,227
2021-10-01,Latvia,Johnson&Johnson,2070
2021-10-01,Latvia,Oxford/AstraZeneca,9
2021-10-01,Latvia,Sinopharm/Beijing,0
2021-10-02,Latvia,Moderna,124
2021-10-02,Latvia,Johnson&Johnson,970
2021-10-02,Latvia,Oxford/AstraZeneca,0
2021-10-02,Latvia,Sinopharm/Beijing,0
2021-10-03,Latvia,Moderna,293
2021-10-03,Latvia,Johnson&Johnson,1798
2021-10-03,Latvia,Oxford/AstraZeneca,0
2021-10-03,Latvia,Sinopharm/Beijing,0
2021-10-04,Latvia,Moderna,486
2021-10-04,Latvia,Johnson&Johnson,2225
2021-10-04,Latvia,Oxford/AstraZeneca,0
2021-10-04,Latvia,Sinopharm/Beijing,0
2021-10-05,Latvia,Moderna,530
2021-10-05,Latvia,Johnson&Johnson,2335
2021-10-05,Latvia,Oxford/AstraZeneca,0
2021-10-05,Latvia,Sinopharm/Beijing,0
2021-10-06,Latvia,Moderna,493
2021-10-06,Latvia,Johnson&Johnson,2147
2021-10-06,Latvia,Oxford/AstraZeneca,0
2021-10-06,Latvia,Sinopharm/Beijing,0
2021-10-07,Latvia,Moderna,697
2021-10-07,Latvia,Johnson&Johnson,3243
2021-10-07,Latvia,Oxford/AstraZeneca,4
2021-10-07,Latvia,Sinopharm/Beijing,0
2021-10-08,Latvia,Moderna,287
2021-10-08,Latvia,Johnson&Johnson,3575
2021-10-08,Latvia,Oxford/AstraZeneca,7
2021-10-08,Latvia,Sinopharm/Beijing,0
2021-10-09,Latvia,Moderna,159
2021-10-09,Latvia,Johnson&Johnson,1618
2021-10-09,Latvia,Oxford/AstraZeneca,4
2021-10-09,Latvia,Sinopharm/Beijing,0
2021-10-10,Latvia,Moderna,355
2021-10-10,Latvia,Johnson&Johnson,3091
2021-10-10,Latvia,Oxford/AstraZeneca,4
2021-10-10,Latvia,Sinopharm/Beijing,0
2021-10-11,Latvia,Moderna,524
2021-10-11,Latvia,Johnson&Johnson,3716
2021-10-11,Latvia,Oxford/AstraZeneca,1
2021-10-11,Latvia,Sinopharm/Beijing,0
2021-10-12,Latvia,Moderna,721
2021-10-12,Latvia,Johnson&Johnson,3970
2021-10-12,Latvia,Oxford/AstraZeneca,4
2021-10-12,Latvia,Sinopharm/Beijing,0
2021-10-13,Latvia,Moderna,616
2021-10-13,Latvia,Johnson&Johnson,4503
2021-10-13,Latvia,Oxford/AstraZeneca,4
2021-10-13,Latvia,Sinopharm/Beijing,0
2021-10-14,Latvia,Moderna,789
2021-10-14,Latvia,Johnson&Johnson,5771
2021-10-14,Latvia,Oxford/AstraZeneca,1
2021-10-14,Latvia,Sinopharm/Beijing,0
2021-10-15,Latvia,Moderna,443
2021-10-15,Latvia,Johnson&Johnson,4773
2021-10-15,Latvia,Oxford/AstraZeneca,8
2021-10-15,Latvia,Sinopharm/Beijing,0
2021-10-16,Latvia,Moderna,203
2021-10-16,Latvia,Johnson&Johnson,1582
2021-10-16,Latvia,Oxford/AstraZeneca,1
2021-10-16,Latvia,Sinopharm/Beijing,0
2021-10-17,Latvia,Moderna,583
2021-10-17,Latvia,Johnson&Johnson,3806
2021-10-17,Latvia,Oxford/AstraZeneca,13
2021-10-17,Latvia,Sinopharm/Beijing,0
2021-10-18,Latvia,Moderna,815
2021-10-18,Latvia,Johnson&Johnson,3813
2021-10-18,Latvia,Oxford/AstraZeneca,2
2021-10-18,Latvia,Sinopharm/Beijing,0
2021-10-19,Latvia,Moderna,1163
2021-10-19,Latvia,Johnson&Johnson,3422
2021-10-19,Latvia,Oxford/AstraZeneca,0
2021-10-19,Latvia,Sinopharm/Beijing,0
2021-10-20,Latvia,Moderna,1298
2021-10-20,Latvia,Johnson&Johnson,4716
2021-10-20,Latvia,Oxford/AstraZeneca,0
2021-10-20,Latvia,Sinopharm/Beijing,0
2021-10-21,Latvia,Moderna,2944
2021-10-21,Latvia,Johnson&Johnson,4942
2021-10-21,Latvia,Oxford/AstraZeneca,1
2021-10-21,Latvia,Sinopharm/Beijing,0
2021-10-22,Latvia,Moderna,1755
2021-10-22,Latvia,Johnson&Johnson,3605
2021-10-22,Latvia,Oxford/AstraZeneca,1
2021-10-22,Latvia,Sinopharm/Beijing,0
2021-10-23,Latvia,Moderna,551
2021-10-23,Latvia,Johnson&Johnson,1052
2021-10-23,Latvia,Oxford/AstraZeneca,1
2021-10-23,Latvia,Sinopharm/Beijing,0
2021-10-24,Latvia,Moderna,2943
2021-10-24,Latvia,Johnson&Johnson,3489
2021-10-24,Latvia,Oxford/AstraZeneca,2
2021-10-24,Latvia,Sinopharm/Beijing,0
2021-10-25,Latvia,Moderna,3824
2021-10-25,Latvia,Johnson&Johnson,3446
2021-10-25,Latvia,Oxford/AstraZeneca,0
2021-10-25,Latvia,Sinopharm/Beijing,0
2021-10-26,Latvia,Moderna,4104
2021-10-26,Latvia,Johnson&Johnson,3494
2021-10-26,Latvia,Oxford/AstraZeneca,0
2021-10-26,Latvia,Sinopharm/Beijing,0
2021-10-27,Latvia,Moderna,4887
2021-10-27,Latvia,Johnson&Johnson,3445
2021-10-27,Latvia,Oxford/AstraZeneca,12
2021-10-27,Latvia,Sinopharm/Beijing,0
2021-10-28,Latvia,Moderna,5156
2021-10-28,Latvia,Johnson&Johnson,3725
2021-10-28,Latvia,Oxford/AstraZeneca,32
2021-10-28,Latvia,Sinopharm/Beijing,0
2021-10-29,Latvia,Moderna,2082
2021-10-29,Latvia,Johnson&Johnson,2614
2021-10-29,Latvia,Oxford/AstraZeneca,3
2021-10-29,Latvia,Sinopharm/Beijing,0
2021-10-30,Latvia,Moderna,625
2021-10-30,Latvia,Johnson&Johnson,745
2021-10-30,Latvia,Oxford/AstraZeneca,3
2021-10-30,Latvia,Sinopharm/Beijing,0
2021-10-31,Latvia,Moderna,3295
2021-10-31,Latvia,Johnson&Johnson,2375
2021-10-31,Latvia,Oxford/AstraZeneca,3
2021-10-31,Latvia,Sinopharm/Beijing,0
2021-11-01,Latvia,Moderna,4165
2021-11-01,Latvia,Johnson&Johnson,2511
2021-11-01,Latvia,Oxford/AstraZeneca,32
2021-11-01,Latvia,Sinopharm/Beijing,0
2021-11-02,Latvia,Moderna,4783
2021-11-02,Latvia,Johnson&Johnson,2583
2021-11-02,Latvia,Oxford/AstraZeneca,23
2021-11-02,Latvia,Sinopharm/Beijing,0
2021-11-03,Latvia,Moderna,4580
2021-11-03,Latvia,Johnson&Johnson,2480
2021-11-03,Latvia,Oxford/AstraZeneca,17
2021-11-03,Latvia,Sinopharm/Beijing,0
2021-11-04,Latvia,Moderna,4349
2021-11-04,Latvia,Johnson&Johnson,2316
2021-11-04,Latvia,Oxford/AstraZeneca,17
2021-11-04,Latvia,Sinopharm/Beijing,0
2021-11-05,Latvia,Moderna,1846
2021-11-05,Latvia,Johnson&Johnson,1732
2021-11-05,Latvia,Oxford/AstraZeneca,1
2021-11-05,Latvia,Sinopharm/Beijing,0
2021-11-06,Latvia,Moderna,488
2021-11-06,Latvia,Johnson&Johnson,566
2021-11-06,Latvia,Oxford/AstraZeneca,1
2021-11-06,Latvia,Sinopharm/Beijing,0
2021-11-07,Latvia,Moderna,3276
2021-11-07,Latvia,Johnson&Johnson,1796
2021-11-07,Latvia,Oxford/AstraZeneca,9
2021-11-07,Latvia,Sinopharm/Beijing,0
2021-11-08,Latvia,Moderna,4277
2021-11-08,Latvia,Johnson&Johnson,1804
2021-11-08,Latvia,Oxford/AstraZeneca,18
2021-11-08,Latvia,Sinopharm/Beijing,0
2021-11-09,Latvia,Moderna,4498
2021-11-09,Latvia,Johnson&Johnson,1717
2021-11-09,Latvia,Oxford/AstraZeneca,18
2021-11-09,Latvia,Sinopharm/Beijing,0
2021-11-10,Latvia,Moderna,4325
2021-11-10,Latvia,Johnson&Johnson,1878
2021-11-10,Latvia,Oxford/AstraZeneca,26
2021-11-10,Latvia,Sinopharm/Beijing,0
2021-11-11,Latvia,Moderna,4769
2021-11-11,Latvia,Johnson&Johnson,1885
2021-11-11,Latvia,Oxford/AstraZeneca,55
2021-11-11,Latvia,Sinopharm/Beijing,0
2021-11-12,Latvia,Moderna,3299
2021-11-12,Latvia,Johnson&Johnson,1691
2021-11-12,Latvia,Oxford/AstraZeneca,46
2021-11-12,Latvia,Sinopharm/Beijing,0
2021-11-13,Latvia,Moderna,732
2021-11-13,Latvia,Johnson&Johnson,615
2021-11-13,Latvia,Oxford/AstraZeneca,7
2021-11-13,Latvia,Sinopharm/Beijing,0
2021-11-14,Latvia,Moderna,3814
2021-11-14,Latvia,Johnson&Johnson,1639
2021-11-14,Latvia,Oxford/AstraZeneca,7
2021-11-14,Latvia,Sinopharm/Beijing,0
2021-11-15,Latvia,Moderna,4701
2021-11-15,Latvia,Johnson&Johnson,1804
2021-11-15,Latvia,Oxford/AstraZeneca,7
2021-11-15,Latvia,Sinopharm/Beijing,0
2021-11-16,Latvia,Moderna,5292
2021-11-16,Latvia,Johnson&Johnson,1869
2021-11-16,Latvia,Oxford/AstraZeneca,2
2021-11-16,Latvia,Sinopharm/Beijing,0
2021-11-17,Latvia,Moderna,449
2021-11-17,Latvia,Johnson&Johnson,243
2021-11-17,Latvia,Oxford/AstraZeneca,5
2021-11-17,Latvia,Sinopharm/Beijing,0
2021-11-18,Latvia,Moderna,2530
2021-11-18,Latvia,Johnson&Johnson,594
2021-11-18,Latvia,Oxford/AstraZeneca,5
2021-11-18,Latvia,Sinopharm/Beijing,0
2021-11-19,Latvia,Moderna,2498
2021-11-19,Latvia,Johnson&Johnson,812
2021-11-19,Latvia,Oxford/AstraZeneca,8
2021-11-19,Latvia,Sinopharm/Beijing,0
2021-11-20,Latvia,Moderna,766
2021-11-20,Latvia,Johnson&Johnson,342
2021-11-20,Latvia,Oxford/AstraZeneca,8
2021-11-20,Latvia,Sinopharm/Beijing,0
2021-11-21,Latvia,Moderna,5348
2021-11-21,Latvia,Johnson&Johnson,931
2021-11-21,Latvia,Oxford/AstraZeneca,8
2021-11-21,Latvia,Sinopharm/Beijing,0
2021-11-22,Latvia,Moderna,6690
2021-11-22,Latvia,Johnson&Johnson,1068
2021-11-22,Latvia,Oxford/AstraZeneca,29
2021-11-22,Latvia,Sinopharm/Beijing,0
2021-11-23,Latvia,Moderna,7025
2021-11-23,Latvia,Johnson&Johnson,1182
2021-11-23,Latvia,Oxford/AstraZeneca,151
2021-11-23,Latvia,Sinopharm/Beijing,0
2021-11-24,Latvia,Moderna,7420
2021-11-24,Latvia,Johnson&Johnson,1005
2021-11-24,Latvia,Oxford/AstraZeneca,19
2021-11-24,Latvia,Sinopharm/Beijing,0
2021-11-25,Latvia,Moderna,8198
2021-11-25,Latvia,Johnson&Johnson,1125
2021-11-25,Latvia,Oxford/AstraZeneca,20
2021-11-25,Latvia,Sinopharm/Beijing,0
2021-11-26,Latvia,Moderna,3281
2021-11-26,Latvia,Johnson&Johnson,695
2021-11-26,Latvia,Oxford/AstraZeneca,0
2021-11-26,Latvia,Sinopharm/Beijing,0
2021-11-27,Latvia,Moderna,1218
2021-11-27,Latvia,Johnson&Johnson,240
2021-11-27,Latvia,Oxford/AstraZeneca,0
2021-11-27,Latvia,Sinopharm/Beijing,0
2021-11-28,Latvia,Moderna,5851
2021-11-28,Latvia,Johnson&Johnson,782
2021-11-28,Latvia,Oxford/AstraZeneca,17
2021-11-28,Latvia,Sinopharm/Beijing,0
2021-11-29,Latvia,Moderna,7481
2021-11-29,Latvia,Johnson&Johnson,728
2021-11-29,Latvia,Oxford/AstraZeneca,7
2021-11-29,Latvia,Sinopharm/Beijing,0
2021-11-30,Latvia,Moderna,8201
2021-11-30,Latvia,Johnson&Johnson,786
2021-11-30,Latvia,Oxford/AstraZeneca,0
2021-11-30,Latvia,Sinopharm/Beijing,0
2021-12-01,Latvia,Moderna,8197
2021-12-01,Latvia,Johnson&Johnson,748
2021-12-01,Latvia,Oxford/AstraZeneca,0
2021-12-01,Latvia,Sinopharm/Beijing,0
2021-12-02,Latvia,Moderna,8477
2021-12-02,Latvia,Johnson&Johnson,636
2021-12-02,Latvia,Oxford/AstraZeneca,0
2021-12-02,Latvia,Sinopharm/Beijing,0
2021-12-03,Latvia,Moderna,3754
2021-12-03,Latvia,Johnson&Johnson,406
2021-12-03,Latvia,Oxford/AstraZeneca,0
2021-12-03,Latvia,Sinopharm/Beijing,0
2021-12-04,Latvia,Moderna,1068
2021-12-04,Latvia,Johnson&Johnson,121
2021-12-04,Latvia,Oxford/AstraZeneca,0
2021-12-04,Latvia,Sinopharm/Beijing,0
2021-12-05,Latvia,Moderna,5841
2021-12-05,Latvia,Johnson&Johnson,466
2021-12-05,Latvia,Oxford/AstraZeneca,0
2021-12-05,Latvia,Sinopharm/Beijing,0
2021-12-06,Latvia,Moderna,8365
2021-12-06,Latvia,Johnson&Johnson,519
2021-12-06,Latvia,Oxford/AstraZeneca,19
2021-12-06,Latvia,Sinopharm/Beijing,0
2021-12-07,Latvia,Moderna,8371
2021-12-07,Latvia,Johnson&Johnson,551
2021-12-07,Latvia,Oxford/AstraZeneca,2
2021-12-07,Latvia,Sinopharm/Beijing,0
2021-12-08,Latvia,Moderna,8789
2021-12-08,Latvia,Johnson&Johnson,598
2021-12-08,Latvia,Oxford/AstraZeneca,8
2021-12-08,Latvia,Sinopharm/Beijing,0
2021-12-09,Latvia,Moderna,9028
2021-12-09,Latvia,Johnson&Johnson,584
2021-12-09,Latvia,Oxford/AstraZeneca,4
2021-12-09,Latvia,Sinopharm/Beijing,0
2021-12-10,Latvia,Moderna,3380
2021-12-10,Latvia,Johnson&Johnson,379
2021-12-10,Latvia,Oxford/AstraZeneca,2
2021-12-10,Latvia,Sinopharm/Beijing,0
2021-12-11,Latvia,Moderna,957
2021-12-11,Latvia,Johnson&Johnson,115
2021-12-11,Latvia,Oxford/AstraZeneca,2
2021-12-11,Latvia,Sinopharm/Beijing,0
2021-12-12,Latvia,Moderna,5591
2021-12-12,Latvia,Johnson&Johnson,404
2021-12-12,Latvia,Oxford/AstraZeneca,2
2021-12-12,Latvia,Sinopharm/Beijing,0
2021-12-13,Latvia,Moderna,8363
2021-12-13,Latvia,Johnson&Johnson,471
2021-12-13,Latvia,Oxford/AstraZeneca,29
2021-12-13,Latvia,Sinopharm/Beijing,0
2021-12-14,Latvia,Moderna,8776
2021-12-14,Latvia,Johnson&Johnson,553
2021-12-14,Latvia,Oxford/AstraZeneca,3
2021-12-14,Latvia,Sinopharm/Beijing,0
2021-12-15,Latvia,Moderna,7234
2021-12-15,Latvia,Johnson&Johnson,569
2021-12-15,Latvia,Oxford/AstraZeneca,3
2021-12-15,Latvia,Sinopharm/Beijing,0
2021-12-16,Latvia,Moderna,7177
2021-12-16,Latvia,Johnson&Johnson,531
2021-12-16,Latvia,Oxford/AstraZeneca,10
2021-12-16,Latvia,Sinopharm/Beijing,0
2021-12-17,Latvia,Moderna,2396
2021-12-17,Latvia,Johnson&Johnson,254
2021-12-17,Latvia,Oxford/AstraZeneca,1
2021-12-17,Latvia,Sinopharm/Beijing,0
2021-12-18,Latvia,Moderna,745
2021-12-18,Latvia,Johnson&Johnson,78
2021-12-18,Latvia,Oxford/AstraZeneca,3
2021-12-18,Latvia,Sinopharm/Beijing,0
2021-12-19,Latvia,Moderna,5459
2021-12-19,Latvia,Johnson&Johnson,504
2021-12-19,Latvia,Oxford/AstraZeneca,3
2021-12-19,Latvia,Sinopharm/Beijing,0
2021-12-20,Latvia,Moderna,7539
2021-12-20,Latvia,Johnson&Johnson,552
2021-12-20,Latvia,Oxford/AstraZeneca,0
2021-12-20,Latvia,Sinopharm/Beijing,0
2021-12-21,Latvia,Moderna,7279
2021-12-21,Latvia,Johnson&Johnson,461
2021-12-21,Latvia,Oxford/AstraZeneca,0
2021-12-21,Latvia,Sinopharm/Beijing,0
2021-12-22,Latvia,Moderna,4199
2021-12-22,Latvia,Johnson&Johnson,384
2021-12-22,Latvia,Oxford/AstraZeneca,0
2021-12-22,Latvia,Sinopharm/Beijing,0
2021-12-23,Latvia,Moderna,97
2021-12-23,Latvia,Johnson&Johnson,8
2021-12-23,Latvia,Oxford/AstraZeneca,0
2021-12-23,Latvia,Sinopharm/Beijing,0
2021-12-24,Latvia,Moderna,218
2021-12-24,Latvia,Johnson&Johnson,14
2021-12-24,Latvia,Oxford/AstraZeneca,0
2021-12-24,Latvia,Sinopharm/Beijing,0
2021-12-25,Latvia,Moderna,206
2021-12-25,Latvia,Johnson&Johnson,29
2021-12-25,Latvia,Oxford/AstraZeneca,0
2021-12-25,Latvia,Sinopharm/Beijing,0
2021-12-26,Latvia,Moderna,5586
2021-12-26,Latvia,Johnson&Johnson,342
2021-12-26,Latvia,Oxford/AstraZeneca,0
2021-12-26,Latvia,Sinopharm/Beijing,0
2021-12-27,Latvia,Moderna,6650
2021-12-27,Latvia,Johnson&Johnson,423
2021-12-27,Latvia,Oxford/AstraZeneca,15
2021-12-27,Latvia,Sinopharm/Beijing,0
2021-12-28,Latvia,Moderna,6099
2021-12-28,Latvia,Johnson&Johnson,349
2021-12-28,Latvia,Oxford/AstraZeneca,0
2021-12-28,Latvia,Sinopharm/Beijing,0
2021-12-29,Latvia,Moderna,3344
2021-12-29,Latvia,Johnson&Johnson,375
2021-12-29,Latvia,Oxford/AstraZeneca,0
2021-12-29,Latvia,Sinopharm/Beijing,0
2021-12-30,Latvia,Moderna,33
2021-12-30,Latvia,Johnson&Johnson,3
2021-12-30,Latvia,Oxford/AstraZeneca,0
2021-12-30,Latvia,Sinopharm/Beijing,0
2021-12-31,Latvia,Moderna,28
2021-12-31,Latvia,Johnson&Johnson,17
2021-12-31,Latvia,Oxford/AstraZeneca,0
2021-12-31,Latvia,Sinopharm/Beijing,0
