date,location,vaccine,total_vaccinations
2021-01-01,Poland,Moderna,0
2021-01-01,Poland,Novavax,0
2021-01-01,Poland,Oxford/AstraZeneca,0
2021-01-01,Poland,Pfizer/BioNTech,30188
2021-01-02,Poland,Moderna,0
2021-01-02,Poland,Novavax,0
2021-01-02,Poland,Oxford/AstraZeneca,0
2021-01-02,Poland,Pfizer/BioNTech,30188
2021-01-03,Poland,Moderna,0
2021-01-03,Poland,Novavax,0
2021-01-03,Poland,Oxford/AstraZeneca,0
2021-01-03,Poland,Pfizer/BioNTech,30188
2021-01-04,Poland,Moderna,0
2021-01-04,Poland,Novavax,0
2021-01-04,Poland,Oxford/AstraZeneca,0
2021-01-04,Poland,Pfizer/BioNTech,30188
2021-01-05,Poland,Moderna,0
2021-01-05,Poland,Novavax,0
2021-01-05,Poland,Oxford/AstraZeneca,0
2021-01-05,Poland,Pfizer/BioNTech,30188
2021-01-06,Poland,Moderna,0
2021-01-06,Poland,Novavax,0
2021-01-06,Poland,Oxford/AstraZeneca,0
2021-01-06,Poland,Pfizer/BioNTech,30188
2021-01-07,Poland,Moderna,0
2021-01-07,Poland,Novavax,0
2021-01-07,Poland,Oxford/AstraZeneca,0
2021-01-07,Poland,Pfizer/BioNTech,30188
2021-01-08,Poland,Moderna,0
2021-01-08,Poland,Novavax,0
2021-01-08,Poland,Oxford/AstraZeneca,0
2021-01-08,Poland,Pfizer/BioNTech,39023
2021-01-09,Poland,Moderna,0
2021-01-09,Poland,Novavax,0
2021-01-09,Poland,Oxford/AstraZeneca,0
2021-01-09,Poland,Pfizer/BioNTech,39023
2021-01-10,Poland,Moderna,0
2021-01-10,Poland,Novavax,0
2021-01-10,Poland,Oxford/AstraZeneca,0
2021-01-10,Poland,Pfizer/BioNTech,39023
2021-01-11,Poland,Moderna,0
2021-01-11,Poland,Novavax,0
2021-01-11,Poland,Oxford/AstraZeneca,0
2021-01-11,Poland,Pfizer/BioNTech,39023
2021-01-12,Poland,Moderna,0
2021-01-12,Poland,Novavax,0
2021-01-12,Poland,Oxford/AstraZeneca,0
2021-01-12,Poland,Pfizer/BioNTech,39023
2021-01-13,Poland,Moderna,0
2021-01-13,Poland,Novavax,0
2021-01-13,Poland,Oxford/AstraZeneca,0
2021-01-13,Poland,Pfizer/BioNTech,39023
2021-01-14,Poland,Moderna,0
2021-01-14,Poland,Novavax,0
2021-01-14,Poland,Oxford/AstraZeneca,0
2021-01-14,Poland,Pfizer/BioNTech,39023
2021-01-15,Poland,Moderna,2
2021-01-15,Poland,Novavax,0
2021-01-15,Poland,Oxford/AstraZeneca,1
2021-01-15,Poland,Pfizer/BioNTech,34816
2021-01-16,Poland,Moderna,2
2021-01-16,Poland,Novavax,0
2021-01-16,Poland,Oxford/AstraZeneca,1
2021-01-16,Poland,Pfizer/BioNTech,34816
2021-01-17,Poland,Moderna,2
2021-01-17,Poland,Novavax,0
2021-01-17,Poland,Oxford/AstraZeneca,1
2021-01-17,Poland,Pfizer/BioNTech,34816
2021-01-18,Poland,Moderna,2
2021-01-18,Poland,Novavax,0
2021-01-18,Poland,Oxford/AstraZeneca,1
2021-01-18,Poland,Pfizer/BioNTech,34816
2021-01-19,Poland,Moderna,2
2021-01-19,Poland,Novavax,0
2021-01-19,Poland,Oxford/AstraZeneca,1
2021-01-19,Poland,Pfizer/BioNTech,34816
2021-01-20,Poland,Moderna,2
2021-01-20,Poland,Novavax,0
2021-01-20,Poland,Oxford/AstraZeneca,1
2021-01-20,Poland,Pfizer/BioNTech,34816
2021-01-21,Poland,Moderna,2
2021-01-21,Poland,Novavax,0
2021-01-21,Poland,Oxford/AstraZeneca,1
2021-01-21,Poland,Pfizer/BioNTech,34816
2021-01-22,Poland,Moderna,607
2021-01-22,Poland,Novavax,0
2021-01-22,Poland,Oxford/AstraZeneca,1
2021-01-22,Poland,Pfizer/BioNTech,67040
2021-01-23,Poland,Moderna,607
2021-01-23,Poland,Novavax,0
2021-01-23,Poland,Oxford/AstraZeneca,1
2021-01-23,Poland,Pfizer/BioNTech,67040
2021-01-24,Poland,Moderna,607
2021-01-24,Poland,Novavax,0
2021-01-24,Poland,Oxford/AstraZeneca,1
2021-01-24,Poland,Pfizer/BioNTech,67040
2021-01-25,Poland,Moderna,607
2021-01-25,Poland,Novavax,0
2021-01-25,Poland,Oxford/AstraZeneca,1
2021-01-25,Poland,Pfizer/BioNTech,67040
2021-01-26,Poland,Moderna,607
2021-01-26,Poland,Novavax,0
2021-01-26,Poland,Oxford/AstraZeneca,1
2021-01-26,Poland,Pfizer/BioNTech,67040
2021-01-27,Poland,Moderna,607
2021-01-27,Poland,Novavax,0
2021-01-27,Poland,Oxford/AstraZeneca,1
2021-01-27,Poland,Pfizer/BioNTech,67040
2021-01-28,Poland,Moderna,607
2021-01-28,Poland,Novavax,0
2021-01-28,Poland,Oxford/AstraZeneca,1
2021-01-28,Poland,Pfizer/BioNTech,67040
2021-01-29,Poland,Moderna,686
2021-01-29,Poland,Novavax,0
2021-01-29,Poland,Oxford/AstraZeneca,2
2021-01-29,Poland,Pfizer/BioNTech,70222
2021-01-30,Poland,Moderna,686
2021-01-30,Poland,Novavax,0
2021-01-30,Poland,Oxford/AstraZeneca,2
2021-01-30,Poland,Pfizer/BioNTech,70222
2021-01-31,Poland,Moderna,686
2021-01-31,Poland,Novavax,0
2021-01-31,Poland,Oxford/AstraZeneca,2
2021-01-31,Poland,Pfizer/BioNTech,70222
2021-02-01,Poland,Moderna,686
2021-02-01,Poland,Novavax,0
2021-02-01,Poland,Oxford/AstraZeneca,2
2021-02-01,Poland,Pfizer/BioNTech,70222
2021-02-02,Poland,Moderna,686
2021-02-02,Poland,Novavax,0
2021-02-02,Poland,Oxford/AstraZeneca,2
2021-02-02,Poland,Pfizer/BioNTech,70222
2021-02-03,Poland,Moderna,686
2021-02-03,Poland,Novavax,0
2021-02-03,Poland,Oxford/AstraZeneca,2
2021-02-03,Poland,Pfizer/BioNTech,70222
2021-02-04,Poland,Moderna,686
2021-02-04,Poland,Novavax,0
2021-02-04,Poland,Oxford/AstraZeneca,2
2021-02-04,Poland,Pfizer/BioNTech,70222
2021-02-05,Poland,Moderna,1960
2021-02-05,Poland,Novavax,0
2021-02-05,Poland,Oxford/AstraZeneca,3075
2021-02-05,Poland,Pfizer/BioNTech,63149
2021-02-06,Poland,Moderna,1960
2021-02-06,Poland,Novavax,0
2021-02-06,Poland,Oxford/AstraZeneca,3075
2021-02-06,Poland,Pfizer/BioNTech,63149
2021-02-07,Poland,Moderna,1960
2021-02-07,Poland,Novavax,0
2021-02-07,Poland,Oxford/AstraZeneca,3075
2021-02-07,Poland,Pfizer/BioNTech,63149
2021-02-08,Poland,Moderna,1960
2021-02-08,Poland,Novavax,0
2021-02-08,Poland,Oxford/AstraZeneca,3075
2021-02-08,Poland,Pfizer/BioNTech,63149
2021-02-09,Poland,Moderna,1960
2021-02-09,Poland,Novavax,0
2021-02-09,Poland,Oxford/AstraZeneca,3075
2021-02-09,Poland,Pfizer/BioNTech,63149
2021-02-10,Poland,Moderna,1960
2021-02-10,Poland,Novavax,0
2021-02-10,Poland,Oxford/AstraZeneca,3075
2021-02-10,Poland,Pfizer/BioNTech,63149
2021-02-11,Poland,Moderna,1960
2021-02-11,Poland,Novavax,0
2021-02-11,Poland,Oxford/AstraZeneca,3075
2021-02-11,Poland,Pfizer/BioNTech,63149
2021-02-12,Poland,Moderna,6941
2021-02-12,Poland,Novavax,0
2021-02-12,Poland,Oxford/AstraZeneca,15423
2021-02-12,Poland,Pfizer/BioNTech,63022
2021-02-13,Poland,Moderna,6941
2021-02-13,Poland,Novavax,0
2021-02-13,Poland,Oxford/AstraZeneca,15423
2021-02-13,Poland,Pfizer/BioNTech,63022
2021-02-14,Poland,Moderna,6941
2021-02-14,Poland,Novavax,0
2021-02-14,Poland,Oxford/AstraZeneca,15423
2021-02-14,Poland,Pfizer/BioNTech,63022
2021-02-15,Poland,Moderna,6941
2021-02-15,Poland,Novavax,0
2021-02-15,Poland,Oxford/AstraZeneca,15423
2021-02-15,Poland,Pfizer/BioNTech,63022
2021-02-16,Poland,Moderna,6941
2021-02-16,Poland,Novavax,0
2021-02-16,Poland,Oxford/AstraZeneca,15423
2021-02-16,Poland,Pfizer/BioNTech,63022
2021-02-17,Poland,Moderna,6941
2021-02-17,Poland,Novavax,0
2021-02-17,Poland,Oxford/AstraZeneca,15423
2021-02-17,Poland,Pfizer/BioNTech,63022
2021-02-18,Poland,Moderna,6941
2021-02-18,Poland,Novavax,0
2021-02-18,Poland,Oxford/AstraZeneca,15423
2021-02-18,Poland,Pfizer/BioNTech,63022
2021-02-19,Poland,Moderna,8486
2021-02-19,Poland,Novavax,0
2021-02-19,Poland,Oxford/AstraZeneca,22873
2021-02-19,Poland,Pfizer/BioNTech,57119
2021-02-20,Poland,Moderna,8486
2021-02-20,Poland,Novavax,0
2021-02-20,Poland,Oxford/AstraZeneca,22873
2021-02-20,Poland,Pfizer/BioNTech,57119
2021-02-21,Poland,Moderna,8486
2021-02-21,Poland,Novavax,0
2021-02-21,Poland,Oxford/AstraZeneca,22873
2021-02-21,Poland,Pfizer/BioNTech,57119
2021-02-22,Poland,Moderna,8486
2021-02-22,Poland,Novavax,0
2021-02-22,Poland,Oxford/AstraZeneca,22873
2021-02-22,Poland,Pfizer/BioNTech,57119
2021-02-23,Poland,Moderna,8486
2021-02-23,Poland,Novavax,0
2021-02-23,Poland,Oxford/AstraZeneca,22873
2021-02-23,Poland,Pfizer/BioNTech,57119
2021-02-24,Poland,Moderna,8486
2021-02-24,Poland,Novavax,0
2021-02-24,Poland,Oxford/AstraZeneca,22873
2021-02-24,Poland,Pfizer/BioNTech,57119
2021-02-25,Poland,Moderna,8486
2021-02-25,Poland,Novavax,0
2021-02-25,Poland,Oxford/AstraZeneca,22873
2021-02-25,Poland,Pfizer/BioNTech,57119
2021-02-26,Poland,Moderna,10289
2021-02-26,Poland,Novavax,0
2021-02-26,Poland,Oxford/AstraZeneca,26611
2021-02-26,Poland,Pfizer/BioNTech,54236
2021-02-27,Poland,Moderna,10289
2021-02-27,Poland,Novavax,0
2021-02-27,Poland,Oxford/AstraZeneca,26611
2021-02-27,Poland,Pfizer/BioNTech,54236
2021-02-28,Poland,Moderna,10289
2021-02-28,Poland,Novavax,0
2021-02-28,Poland,Oxford/AstraZeneca,26611
2021-02-28,Poland,Pfizer/BioNTech,54236
2021-03-01,Poland,Moderna,10289
2021-03-01,Poland,Novavax,0
2021-03-01,Poland,Oxford/AstraZeneca,26611
2021-03-01,Poland,Pfizer/BioNTech,54236
2021-03-02,Poland,Moderna,10289
2021-03-02,Poland,Novavax,0
2021-03-02,Poland,Oxford/AstraZeneca,26611
2021-03-02,Poland,Pfizer/BioNTech,54236
2021-03-03,Poland,Moderna,10289
2021-03-03,Poland,Novavax,0
2021-03-03,Poland,Oxford/AstraZeneca,26611
2021-03-03,Poland,Pfizer/BioNTech,54236
2021-03-04,Poland,Moderna,10289
2021-03-04,Poland,Novavax,0
2021-03-04,Poland,Oxford/AstraZeneca,26611
2021-03-04,Poland,Pfizer/BioNTech,54236
2021-03-05,Poland,Moderna,6463
2021-03-05,Poland,Novavax,0
2021-03-05,Poland,Oxford/AstraZeneca,17149
2021-03-05,Poland,Pfizer/BioNTech,53894
2021-03-06,Poland,Moderna,6463
2021-03-06,Poland,Novavax,0
2021-03-06,Poland,Oxford/AstraZeneca,17149
2021-03-06,Poland,Pfizer/BioNTech,53894
2021-03-07,Poland,Moderna,6463
2021-03-07,Poland,Novavax,0
2021-03-07,Poland,Oxford/AstraZeneca,17149
2021-03-07,Poland,Pfizer/BioNTech,53894
2021-03-08,Poland,Moderna,6463
2021-03-08,Poland,Novavax,0
2021-03-08,Poland,Oxford/AstraZeneca,17149
2021-03-08,Poland,Pfizer/BioNTech,53894
2021-03-09,Poland,Moderna,6463
2021-03-09,Poland,Novavax,0
2021-03-09,Poland,Oxford/AstraZeneca,17149
2021-03-09,Poland,Pfizer/BioNTech,53894
2021-03-10,Poland,Moderna,6463
2021-03-10,Poland,Novavax,0
2021-03-10,Poland,Oxford/AstraZeneca,17149
2021-03-10,Poland,Pfizer/BioNTech,53894
2021-03-11,Poland,Moderna,6463
2021-03-11,Poland,Novavax,0
2021-03-11,Poland,Oxford/AstraZeneca,17149
2021-03-11,Poland,Pfizer/BioNTech,53894
2021-03-12,Poland,Moderna,6673
2021-03-12,Poland,Novavax,0
2021-03-12,Poland,Oxford/AstraZeneca,8449
2021-03-12,Poland,Pfizer/BioNTech,55448
2021-03-13,Poland,Moderna,6673
2021-03-13,Poland,Novavax,0
2021-03-13,Poland,Oxford/AstraZeneca,8449
2021-03-13,Poland,Pfizer/BioNTech,55448
2021-03-14,Poland,Moderna,6673
2021-03-14,Poland,Novavax,0
2021-03-14,Poland,Oxford/AstraZeneca,8449
2021-03-14,Poland,Pfizer/BioNTech,55448
2021-03-15,Poland,Moderna,6673
2021-03-15,Poland,Novavax,0
2021-03-15,Poland,Oxford/AstraZeneca,8449
2021-03-15,Poland,Pfizer/BioNTech,55448
2021-03-16,Poland,Moderna,6673
2021-03-16,Poland,Novavax,0
2021-03-16,Poland,Oxford/AstraZeneca,8449
2021-03-16,Poland,Pfizer/BioNTech,55448
2021-03-17,Poland,Moderna,6673
2021-03-17,Poland,Novavax,0
2021-03-17,Poland,Oxford/AstraZeneca,8449
2021-03-17,Poland,Pfizer/BioNTech,55448
2021-03-18,Poland,Moderna,6673
2021-03-18,Poland,Novavax,0
2021-03-18,Poland,Oxford/AstraZeneca,8449
2021-03-18,Poland,Pfizer/BioNTech,55448
2021-03-19,Poland,Moderna,11710
2021-03-19,Poland,Novavax,0
2021-03-19,Poland,Oxford/AstraZeneca,46431
2021-03-19,Poland,Pfizer/BioNTech,66361
2021-03-20,Poland,Moderna,11710
2021-03-20,Poland,Novavax,0
2021-03-20,Poland,Oxford/AstraZeneca,46431
2021-03-20,Poland,Pfizer/BioNTech,66361
2021-03-21,Poland,Moderna,11710
2021-03-21,Poland,Novavax,0
2021-03-21,Poland,Oxford/AstraZeneca,46431
2021-03-21,Poland,Pfizer/BioNTech,66361
2021-03-22,Poland,Moderna,11710
2021-03-22,Poland,Novavax,0
2021-03-22,Poland,Oxford/AstraZeneca,46431
2021-03-22,Poland,Pfizer/BioNTech,66361
2021-03-23,Poland,Moderna,11710
2021-03-23,Poland,Novavax,0
2021-03-23,Poland,Oxford/AstraZeneca,46431
2021-03-23,Poland,Pfizer/BioNTech,66361
2021-03-24,Poland,Moderna,11710
2021-03-24,Poland,Novavax,0
2021-03-24,Poland,Oxford/AstraZeneca,46431
2021-03-24,Poland,Pfizer/BioNTech,66361
2021-03-25,Poland,Moderna,11710
2021-03-25,Poland,Novavax,0
2021-03-25,Poland,Oxford/AstraZeneca,46431
2021-03-25,Poland,Pfizer/BioNTech,66361
2021-03-26,Poland,Moderna,9418
2021-03-26,Poland,Novavax,0
2021-03-26,Poland,Oxford/AstraZeneca,42569
2021-03-26,Poland,Pfizer/BioNTech,60812
2021-03-27,Poland,Moderna,9418
2021-03-27,Poland,Novavax,0
2021-03-27,Poland,Oxford/AstraZeneca,42569
2021-03-27,Poland,Pfizer/BioNTech,60812
2021-03-28,Poland,Moderna,9418
2021-03-28,Poland,Novavax,0
2021-03-28,Poland,Oxford/AstraZeneca,42569
2021-03-28,Poland,Pfizer/BioNTech,60812
2021-03-29,Poland,Moderna,9418
2021-03-29,Poland,Novavax,0
2021-03-29,Poland,Oxford/AstraZeneca,42569
2021-03-29,Poland,Pfizer/BioNTech,60812
2021-03-30,Poland,Moderna,9418
2021-03-30,Poland,Novavax,0
2021-03-30,Poland,Oxford/AstraZeneca,42569
2021-03-30,Poland,Pfizer/BioNTech,60812
2021-03-31,Poland,Moderna,9418
2021-03-31,Poland,Novavax,0
2021-03-31,Poland,Oxford/AstraZeneca,42569
2021-03-31,Poland,Pfizer/BioNTech,60812
2021-04-01,Poland,Moderna,9418
2021-04-01,Poland,Novavax,0
2021-04-01,Poland,Oxford/AstraZeneca,42569
2021-04-01,Poland,Pfizer/BioNTech,60812
2021-04-02,Poland,Moderna,10763
2021-04-02,Poland,Novavax,0
2021-04-02,Poland,Oxford/AstraZeneca,49037
2021-04-02,Poland,Pfizer/BioNTech,87658
2021-04-03,Poland,Moderna,10763
2021-04-03,Poland,Novavax,0
2021-04-03,Poland,Oxford/AstraZeneca,49037
2021-04-03,Poland,Pfizer/BioNTech,87658
2021-04-04,Poland,Moderna,10763
2021-04-04,Poland,Novavax,0
2021-04-04,Poland,Oxford/AstraZeneca,49037
2021-04-04,Poland,Pfizer/BioNTech,87658
2021-04-05,Poland,Moderna,10763
2021-04-05,Poland,Novavax,0
2021-04-05,Poland,Oxford/AstraZeneca,49037
2021-04-05,Poland,Pfizer/BioNTech,87658
2021-04-06,Poland,Moderna,10763
2021-04-06,Poland,Novavax,0
2021-04-06,Poland,Oxford/AstraZeneca,49037
2021-04-06,Poland,Pfizer/BioNTech,87658
2021-04-07,Poland,Moderna,10763
2021-04-07,Poland,Novavax,0
2021-04-07,Poland,Oxford/AstraZeneca,49037
2021-04-07,Poland,Pfizer/BioNTech,87658
2021-04-08,Poland,Moderna,10763
2021-04-08,Poland,Novavax,0
2021-04-08,Poland,Oxford/AstraZeneca,49037
2021-04-08,Poland,Pfizer/BioNTech,87658
2021-04-09,Poland,Moderna,19345
2021-04-09,Poland,Novavax,0
2021-04-09,Poland,Oxford/AstraZeneca,36909
2021-04-09,Poland,Pfizer/BioNTech,111905
2021-04-10,Poland,Moderna,19345
2021-04-10,Poland,Novavax,0
2021-04-10,Poland,Oxford/AstraZeneca,36909
2021-04-10,Poland,Pfizer/BioNTech,111905
2021-04-11,Poland,Moderna,19345
2021-04-11,Poland,Novavax,0
2021-04-11,Poland,Oxford/AstraZeneca,36909
2021-04-11,Poland,Pfizer/BioNTech,111905
2021-04-12,Poland,Moderna,19345
2021-04-12,Poland,Novavax,0
2021-04-12,Poland,Oxford/AstraZeneca,36909
2021-04-12,Poland,Pfizer/BioNTech,111905
2021-04-13,Poland,Moderna,19345
2021-04-13,Poland,Novavax,0
2021-04-13,Poland,Oxford/AstraZeneca,36909
2021-04-13,Poland,Pfizer/BioNTech,111905
2021-04-14,Poland,Moderna,19345
2021-04-14,Poland,Novavax,0
2021-04-14,Poland,Oxford/AstraZeneca,36909
2021-04-14,Poland,Pfizer/BioNTech,111905
2021-04-15,Poland,Moderna,19345
2021-04-15,Poland,Novavax,0
2021-04-15,Poland,Oxford/AstraZeneca,36909
2021-04-15,Poland,Pfizer/BioNTech,111905
2021-04-16,Poland,Moderna,34047
2021-04-16,Poland,Novavax,0
2021-04-16,Poland,Oxford/AstraZeneca,23591
2021-04-16,Poland,Pfizer/BioNTech,138568
2021-04-17,Poland,Moderna,34047
2021-04-17,Poland,Novavax,0
2021-04-17,Poland,Oxford/AstraZeneca,23591
2021-04-17,Poland,Pfizer/BioNTech,138568
2021-04-18,Poland,Moderna,34047
2021-04-18,Poland,Novavax,0
2021-04-18,Poland,Oxford/AstraZeneca,23591
2021-04-18,Poland,Pfizer/BioNTech,138568
2021-04-19,Poland,Moderna,34047
2021-04-19,Poland,Novavax,0
2021-04-19,Poland,Oxford/AstraZeneca,23591
2021-04-19,Poland,Pfizer/BioNTech,138568
2021-04-20,Poland,Moderna,34047
2021-04-20,Poland,Novavax,0
2021-04-20,Poland,Oxford/AstraZeneca,23591
2021-04-20,Poland,Pfizer/BioNTech,138568
2021-04-21,Poland,Moderna,34047
2021-04-21,Poland,Novavax,0
2021-04-21,Poland,Oxford/AstraZeneca,23591
2021-04-21,Poland,Pfizer/BioNTech,138568
2021-04-22,Poland,Moderna,34047
2021-04-22,Poland,Novavax,0
2021-04-22,Poland,Oxford/AstraZeneca,23591
2021-04-22,Poland,Pfizer/BioNTech,138568
2021-04-23,Poland,Moderna,25232
2021-04-23,Poland,Novavax,0
2021-04-23,Poland,Oxford/AstraZeneca,18526
2021-04-23,Poland,Pfizer/BioNTech,187680
2021-04-24,Poland,Moderna,25232
2021-04-24,Poland,Novavax,0
2021-04-24,Poland,Oxford/AstraZeneca,18526
2021-04-24,Poland,Pfizer/BioNTech,187680
2021-04-25,Poland,Moderna,25232
2021-04-25,Poland,Novavax,0
2021-04-25,Poland,Oxford/AstraZeneca,18526
2021-04-25,Poland,Pfizer/BioNTech,187680
2021-04-26,Poland,Moderna,25232
2021-04-26,Poland,Novavax,0
2021-04-26,Poland,Oxford/AstraZeneca,18526
2021-04-26,Poland,Pfizer/BioNTech,187680
2021-04-27,Poland,Moderna,25232
2021-04-27,Poland,Novavax,0
2021-04-27,Poland,Oxford/AstraZeneca,18526
2021-04-27,Poland,Pfizer/BioNTech,187680
2021-04-28,Poland,Moderna,25232
2021-04-28,Poland,Novavax,0
2021-04-28,Poland,Oxford/AstraZeneca,18526
2021-04-28,Poland,Pfizer/BioNTech,187680
2021-04-29,Poland,Moderna,25232
2021-04-29,Poland,Novavax,0
2021-04-29,Poland,Oxford/AstraZeneca,18526
2021-04-29,Poland,Pfizer/BioNTech,187680
2021-04-30,Poland,Moderna,32593
2021-04-30,Poland,Novavax,0
2021-04-30,Poland,Oxford/AstraZeneca,46769
2021-04-30,Poland,Pfizer/BioNTech,175383
2021-05-01,Poland,Moderna,32593
2021-05-01,Poland,Novavax,0
2021-05-01,Poland,Oxford/AstraZeneca,46769
2021-05-01,Poland,Pfizer/BioNTech,175383
2021-05-02,Poland,Moderna,32593
2021-05-02,Poland,Novavax,0
2021-05-02,Poland,Oxford/AstraZeneca,46769
2021-05-02,Poland,Pfizer/BioNTech,175383
2021-05-03,Poland,Moderna,32593
2021-05-03,Poland,Novavax,0
2021-05-03,Poland,Oxford/AstraZeneca,46769
2021-05-03,Poland,Pfizer/BioNTech,175383
2021-05-04,Poland,Moderna,32593
2021-05-04,Poland,Novavax,0
2021-05-04,Poland,Oxford/AstraZeneca,46769
2021-05-04,Poland,Pfizer/BioNTech,175383
2021-05-05,Poland,Moderna,32593
2021-05-05,Poland,Novavax,0
2021-05-05,Poland,Oxford/AstraZeneca,46769
2021-05-05,Poland,Pfizer/BioNTech,175383
2021-05-06,Poland,Moderna,32593
2021-05-06,Poland,Novavax,0
2021-05-06,Poland,Oxford/AstraZeneca,46769
2021-05-06,Poland,Pfizer/BioNTech,175383
2021-05-07,Poland,Moderna,32105
2021-05-07,Poland,Novavax,0
2021-05-07,Poland,Oxford/AstraZeneca,49264
2021-05-07,Poland,Pfizer/BioNTech,207786
2021-05-08,Poland,Moderna,32105
2021-05-08,Poland,Novavax,0
2021-05-08,Poland,Oxford/AstraZeneca,49264
2021-05-08,Poland,Pfizer/BioNTech,207786
2021-05-09,Poland,Moderna,32105
2021-05-09,Poland,Novavax,0
2021-05-09,Poland,Oxford/AstraZeneca,49264
2021-05-09,Poland,Pfizer/BioNTech,207786
2021-05-10,Poland,Moderna,32105
2021-05-10,Poland,Novavax,0
2021-05-10,Poland,Oxford/AstraZeneca,49264
2021-05-10,Poland,Pfizer/BioNTech,207786
2021-05-11,Poland,Moderna,32105
2021-05-11,Poland,Novavax,0
2021-05-11,Poland,Oxford/AstraZeneca,49264
2021-05-11,Poland,Pfizer/BioNTech,207786
2021-05-12,Poland,Moderna,32105
2021-05-12,Poland,Novavax,0
2021-05-12,Poland,Oxford/AstraZeneca,49264
2021-05-12,Poland,Pfizer/BioNTech,207786
2021-05-13,Poland,Moderna,32105
2021-05-13,Poland,Novavax,0
2021-05-13,Poland,Oxford/AstraZeneca,49264
2021-05-13,Poland,Pfizer/BioNTech,207786
2021-05-14,Poland,Moderna,40986
2021-05-14,Poland,Novavax,0
2021-05-14,Poland,Oxford/AstraZeneca,40789
2021-05-14,Poland,Pfizer/BioNTech,186112
2021-05-15,Poland,Moderna,40986
2021-05-15,Poland,Novavax,0
2021-05-15,Poland,Oxford/AstraZeneca,40789
2021-05-15,Poland,Pfizer/BioNTech,186112
2021-05-16,Poland,Moderna,40986
2021-05-16,Poland,Novavax,0
2021-05-16,Poland,Oxford/AstraZeneca,40789
2021-05-16,Poland,Pfizer/BioNTech,186112
2021-05-17,Poland,Moderna,40986
2021-05-17,Poland,Novavax,0
2021-05-17,Poland,Oxford/AstraZeneca,40789
2021-05-17,Poland,Pfizer/BioNTech,186112
2021-05-18,Poland,Moderna,40986
2021-05-18,Poland,Novavax,0
2021-05-18,Poland,Oxford/AstraZeneca,40789
2021-05-18,Poland,Pfizer/BioNTech,186112
2021-05-19,Poland,Moderna,40986
2021-05-19,Poland,Novavax,0
2021-05-19,Poland,Oxford/AstraZeneca,40789
2021-05-19,Poland,Pfizer/BioNTech,186112
2021-05-20,Poland,Moderna,40986
2021-05-20,Poland,Novavax,0
2021-05-20,Poland,Oxford/AstraZeneca,40789
2021-05-20,Poland,Pfizer/BioNTech,186112
2021-05-21,Poland,Moderna,39647
2021-05-21,Poland,Novavax,0
2021-05-21,Poland,Oxford/AstraZeneca,31048
2021-05-21,Poland,Pfizer/BioNTech,177247
2021-05-22,Poland,Moderna,39647
2021-05-22,Poland,Novavax,0
2021-05-22,Poland,Oxford/AstraZeneca,31048
2021-05-22,Poland,Pfizer/BioNTech,177247
2021-05-23,Poland,Moderna,39647
2021-05-23,Poland,Novavax,0
2021-05-23,Poland,Oxford/AstraZeneca,31048
2021-05-23,Poland,Pfizer/BioNTech,177247
2021-05-24,Poland,Moderna,39647
2021-05-24,Poland,Novavax,0
2021-05-24,Poland,Oxford/AstraZeneca,31048
2021-05-24,Poland,Pfizer/BioNTech,177247
2021-05-25,Poland,Moderna,39647
2021-05-25,Poland,Novavax,0
2021-05-25,Poland,Oxford/AstraZeneca,31048
2021-05-25,Poland,Pfizer/BioNTech,177247
2021-05-26,Poland,Moderna,39647
2021-05-26,Poland,Novavax,0
2021-05-26,Poland,Oxford/AstraZeneca,31048
2021-05-26,Poland,Pfizer/BioNTech,177247
2021-05-27,Poland,Moderna,39647
2021-05-27,Poland,Novavax,0
2021-05-27,Poland,Oxford/AstraZeneca,31048
2021-05-27,Poland,Pfizer/BioNTech,177247
2021-05-28,Poland,Moderna,27227
2021-05-28,Poland,Novavax,0
2021-05-28,Poland,Oxford/AstraZeneca,15908
2021-05-28,Poland,Pfizer/BioNTech,252603
2021-05-29,Poland,Moderna,27227
2021-05-29,Poland,Novavax,0
2021-05-29,Poland,Oxford/AstraZeneca,15908
2021-05-29,Poland,Pfizer/BioNTech,252603
2021-05-30,Poland,Moderna,27227
2021-05-30,Poland,Novavax,0
2021-05-30,Poland,Oxford/AstraZeneca,15908
2021-05-30,Poland,Pfizer/BioNTech,252603
2021-05-31,Poland,Moderna,27227
2021-05-31,Poland,Novavax,0
2021-05-31,Poland,Oxford/AstraZeneca,15908
2021-05-31,Poland,Pfizer/BioNTech,252603
2021-06-01,Poland,Moderna,27227
2021-06-01,Poland,Novavax,0
2021-06-01,Poland,Oxford/AstraZeneca,15908
2021-06-01,Poland,Pfizer/BioNTech,252603
2021-06-02,Poland,Moderna,27227
2021-06-02,Poland,Novavax,0
2021-06-02,Poland,Oxford/AstraZeneca,15908
2021-06-02,Poland,Pfizer/BioNTech,252603
2021-06-03,Poland,Moderna,27227
2021-06-03,Poland,Novavax,0
2021-06-03,Poland,Oxford/AstraZeneca,15908
2021-06-03,Poland,Pfizer/BioNTech,252603
2021-06-04,Poland,Moderna,32380
2021-06-04,Poland,Novavax,0
2021-06-04,Poland,Oxford/AstraZeneca,52957
2021-06-04,Poland,Pfizer/BioNTech,227304
2021-06-05,Poland,Moderna,32380
2021-06-05,Poland,Novavax,0
2021-06-05,Poland,Oxford/AstraZeneca,52957
2021-06-05,Poland,Pfizer/BioNTech,227304
2021-06-06,Poland,Moderna,32380
2021-06-06,Poland,Novavax,0
2021-06-06,Poland,Oxford/AstraZeneca,52957
2021-06-06,Poland,Pfizer/BioNTech,227304
2021-06-07,Poland,Moderna,32380
2021-06-07,Poland,Novavax,0
2021-06-07,Poland,Oxford/AstraZeneca,52957
2021-06-07,Poland,Pfizer/BioNTech,227304
2021-06-08,Poland,Moderna,32380
2021-06-08,Poland,Novavax,0
2021-06-08,Poland,Oxford/AstraZeneca,52957
2021-06-08,Poland,Pfizer/BioNTech,227304
2021-06-09,Poland,Moderna,32380
2021-06-09,Poland,Novavax,0
2021-06-09,Poland,Oxford/AstraZeneca,52957
2021-06-09,Poland,Pfizer/BioNTech,227304
2021-06-10,Poland,Moderna,32380
2021-06-10,Poland,Novavax,0
2021-06-10,Poland,Oxford/AstraZeneca,52957
2021-06-10,Poland,Pfizer/BioNTech,227304
2021-06-11,Poland,Moderna,27587
2021-06-11,Poland,Novavax,0
2021-06-11,Poland,Oxford/AstraZeneca,50547
2021-06-11,Poland,Pfizer/BioNTech,187989
2021-06-12,Poland,Moderna,27587
2021-06-12,Poland,Novavax,0
2021-06-12,Poland,Oxford/AstraZeneca,50547
2021-06-12,Poland,Pfizer/BioNTech,187989
2021-06-13,Poland,Moderna,27587
2021-06-13,Poland,Novavax,0
2021-06-13,Poland,Oxford/AstraZeneca,50547
2021-06-13,Poland,Pfizer/BioNTech,187989
2021-06-14,Poland,Moderna,27587
2021-06-14,Poland,Novavax,0
2021-06-14,Poland,Oxford/AstraZeneca,50547
2021-06-14,Poland,Pfizer/BioNTech,187989
2021-06-15,Poland,Moderna,27587
2021-06-15,Poland,Novavax,0
2021-06-15,Poland,Oxford/AstraZeneca,50547
2021-06-15,Poland,Pfizer/BioNTech,187989
2021-06-16,Poland,Moderna,27587
2021-06-16,Poland,Novavax,0
2021-06-16,Poland,Oxford/AstraZeneca,50547
2021-06-16,Poland,Pfizer/BioNTech,187989
2021-06-17,Poland,Moderna,27587
2021-06-17,Poland,Novavax,0
2021-06-17,Poland,Oxford/AstraZeneca,50547
2021-06-17,Poland,Pfizer/BioNTech,187989
2021-06-18,Poland,Moderna,25410
2021-06-18,Poland,Novavax,0
2021-06-18,Poland,Oxford/AstraZeneca,59536
2021-06-18,Poland,Pfizer/BioNTech,158109
2021-06-19,Poland,Moderna,25410
2021-06-19,Poland,Novavax,0
2021-06-19,Poland,Oxford/AstraZeneca,59536
2021-06-19,Poland,Pfizer/BioNTech,158109
2021-06-20,Poland,Moderna,25410
2021-06-20,Poland,Novavax,0
2021-06-20,Poland,Oxford/AstraZeneca,59536
2021-06-20,Poland,Pfizer/BioNTech,158109
2021-06-21,Poland,Moderna,25410
2021-06-21,Poland,Novavax,0
2021-06-21,Poland,Oxford/AstraZeneca,59536
2021-06-21,Poland,Pfizer/BioNTech,158109
2021-06-22,Poland,Moderna,25410
2021-06-22,Poland,Novavax,0
2021-06-22,Poland,Oxford/AstraZeneca,59536
2021-06-22,Poland,Pfizer/BioNTech,158109
2021-06-23,Poland,Moderna,25410
2021-06-23,Poland,Novavax,0
2021-06-23,Poland,Oxford/AstraZeneca,59536
2021-06-23,Poland,Pfizer/BioNTech,158109
2021-06-24,Poland,Moderna,25410
2021-06-24,Poland,Novavax,0
2021-06-24,Poland,Oxford/AstraZeneca,59536
2021-06-24,Poland,Pfizer/BioNTech,158109
2021-06-25,Poland,Moderna,12202
2021-06-25,Poland,Novavax,0
2021-06-25,Poland,Oxford/AstraZeneca,40983
2021-06-25,Poland,Pfizer/BioNTech,136696
2021-06-26,Poland,Moderna,12202
2021-06-26,Poland,Novavax,0
2021-06-26,Poland,Oxford/AstraZeneca,40983
2021-06-26,Poland,Pfizer/BioNTech,136696
2021-06-27,Poland,Moderna,12202
2021-06-27,Poland,Novavax,0
2021-06-27,Poland,Oxford/AstraZeneca,40983
2021-06-27,Poland,Pfizer/BioNTech,136696
2021-06-28,Poland,Moderna,12202
2021-06-28,Poland,Novavax,0
2021-06-28,Poland,Oxford/AstraZeneca,40983
2021-06-28,Poland,Pfizer/BioNTech,136696
2021-06-29,Poland,Moderna,12202
2021-06-29,Poland,Novavax,0
2021-06-29,Poland,Oxford/AstraZeneca,40983
2021-06-29,Poland,Pfizer/BioNTech,136696
2021-06-30,Poland,Moderna,12202
2021-06-30,Poland,Novavax,0
2021-06-30,Poland,Oxford/AstraZeneca,40983
2021-06-30,Poland,Pfizer/BioNTech,136696
2021-07-01,Poland,Moderna,12202
2021-07-01,Poland,Novavax,0
2021-07-01,Poland,Oxford/AstraZeneca,40983
2021-07-01,Poland,Pfizer/BioNTech,136696
2021-07-02,Poland,Moderna,3605
2021-07-02,Poland,Novavax,0
2021-07-02,Poland,Oxford/AstraZeneca,20993
2021-07-02,Poland,Pfizer/BioNTech,155021
2021-07-03,Poland,Moderna,3605
2021-07-03,Poland,Novavax,0
2021-07-03,Poland,Oxford/AstraZeneca,20993
2021-07-03,Poland,Pfizer/BioNTech,155021
2021-07-04,Poland,Moderna,3605
2021-07-04,Poland,Novavax,0
2021-07-04,Poland,Oxford/AstraZeneca,20993
2021-07-04,Poland,Pfizer/BioNTech,155021
2021-07-05,Poland,Moderna,3605
2021-07-05,Poland,Novavax,0
2021-07-05,Poland,Oxford/AstraZeneca,20993
2021-07-05,Poland,Pfizer/BioNTech,155021
2021-07-06,Poland,Moderna,3605
2021-07-06,Poland,Novavax,0
2021-07-06,Poland,Oxford/AstraZeneca,20993
2021-07-06,Poland,Pfizer/BioNTech,155021
2021-07-07,Poland,Moderna,3605
2021-07-07,Poland,Novavax,0
2021-07-07,Poland,Oxford/AstraZeneca,20993
2021-07-07,Poland,Pfizer/BioNTech,155021
2021-07-08,Poland,Moderna,3605
2021-07-08,Poland,Novavax,0
2021-07-08,Poland,Oxford/AstraZeneca,20993
2021-07-08,Poland,Pfizer/BioNTech,155021
2021-07-09,Poland,Moderna,2194
2021-07-09,Poland,Novavax,0
2021-07-09,Poland,Oxford/AstraZeneca,8906
2021-07-09,Poland,Pfizer/BioNTech,135528
2021-07-10,Poland,Moderna,2194
2021-07-10,Poland,Novavax,0
2021-07-10,Poland,Oxford/AstraZeneca,8906
2021-07-10,Poland,Pfizer/BioNTech,135528
2021-07-11,Poland,Moderna,2194
2021-07-11,Poland,Novavax,0
2021-07-11,Poland,Oxford/AstraZeneca,8906
2021-07-11,Poland,Pfizer/BioNTech,135528
2021-07-12,Poland,Moderna,2194
2021-07-12,Poland,Novavax,0
2021-07-12,Poland,Oxford/AstraZeneca,8906
2021-07-12,Poland,Pfizer/BioNTech,135528
2021-07-13,Poland,Moderna,2194
2021-07-13,Poland,Novavax,0
2021-07-13,Poland,Oxford/AstraZeneca,8906
2021-07-13,Poland,Pfizer/BioNTech,135528
2021-07-14,Poland,Moderna,2194
2021-07-14,Poland,Novavax,0
2021-07-14,Poland,Oxford/AstraZeneca,8906
2021-07-14,Poland,Pfizer/BioNTech,135528
2021-07-15,Poland,Moderna,2194
2021-07-15,Poland,Novavax,0
2021-07-15,Poland,Oxford/AstraZeneca,8906
2021-07-15,Poland,Pfizer/BioNTech,135528
2021-07-16,Poland,Moderna,1218
2021-07-16,Poland,Novavax,0
2021-07-16,Poland,Oxford/AstraZeneca,14234
2021-07-16,Poland,Pfizer/BioNTech,85302
2021-07-17,Poland,Moderna,1218
2021-07-17,Poland,Novavax,0
2021-07-17,Poland,Oxford/AstraZeneca,14234
2021-07-17,Poland,Pfizer/BioNTech,85302
2021-07-18,Poland,Moderna,1218
2021-07-18,Poland,Novavax,0
2021-07-18,Poland,Oxford/AstraZeneca,14234
2021-07-18,Poland,Pfizer/BioNTech,85302
2021-07-19,Poland,Moderna,1218
2021-07-19,Poland,Novavax,0
2021-07-19,Poland,Oxford/AstraZeneca,14234
2021-07-19,Poland,Pfizer/BioNTech,85302
2021-07-20,Poland,Moderna,1218
2021-07-20,Poland,Novavax,0
2021-07-20,Poland,Oxford/AstraZeneca,14234
2021-07-20,Poland,Pfizer/BioNTech,85302
2021-07-21,Poland,Moderna,1218
2021-07-21,Poland,Novavax,0
2021-07-21,Poland,Oxford/AstraZeneca,14234
2021-07-21,Poland,Pfizer/BioNTech,85302
2021-07-22,Poland,Moderna,1218
2021-07-22,Poland,Novavax,0
2021-07-22,Poland,Oxford/AstraZeneca,14234
2021-07-22,Poland,Pfizer/BioNTech,85302
2021-07-23,Poland,Moderna,715
2021-07-23,Poland,Novavax,0
2021-07-23,Poland,Oxford/AstraZeneca,9102
2021-07-23,Poland,Pfizer/BioNTech,61215
2021-07-24,Poland,Moderna,715
2021-07-24,Poland,Novavax,0
2021-07-24,Poland,Oxford/AstraZeneca,9102
2021-07-24,Poland,Pfizer/BioNTech,61215
2021-07-25,Poland,Moderna,715
2021-07-25,Poland,Novavax,0
2021-07-25,Poland,Oxford/AstraZeneca,9102
2021-07-25,Poland,Pfizer/BioNTech,61215
2021-07-26,Poland,Moderna,715
2021-07-26,Poland,Novavax,0
2021-07-26,Poland,Oxford/AstraZeneca,9102
2021-07-26,Poland,Pfizer/BioNTech,61215
2021-07-27,Poland,Moderna,715
2021-07-27,Poland,Novavax,0
2021-07-27,Poland,Oxford/AstraZeneca,9102
2021-07-27,Poland,Pfizer/BioNTech,61215
2021-07-28,Poland,Moderna,715
2021-07-28,Poland,Novavax,0
2021-07-28,Poland,Oxford/AstraZeneca,9102
2021-07-28,Poland,Pfizer/BioNTech,61215
2021-07-29,Poland,Moderna,715
2021-07-29,Poland,Novavax,0
2021-07-29,Poland,Oxford/AstraZeneca,9102
2021-07-29,Poland,Pfizer/BioNTech,61215
2021-07-30,Poland,Moderna,610
2021-07-30,Poland,Novavax,0
2021-07-30,Poland,Oxford/AstraZeneca,1351
2021-07-30,Poland,Pfizer/BioNTech,49977
2021-07-31,Poland,Moderna,610
2021-07-31,Poland,Novavax,0
2021-07-31,Poland,Oxford/AstraZeneca,1351
2021-07-31,Poland,Pfizer/BioNTech,49977
2021-08-01,Poland,Moderna,610
2021-08-01,Poland,Novavax,0
2021-08-01,Poland,Oxford/AstraZeneca,1351
2021-08-01,Poland,Pfizer/BioNTech,49977
2021-08-02,Poland,Moderna,610
2021-08-02,Poland,Novavax,0
2021-08-02,Poland,Oxford/AstraZeneca,1351
2021-08-02,Poland,Pfizer/BioNTech,49977
2021-08-03,Poland,Moderna,610
2021-08-03,Poland,Novavax,0
2021-08-03,Poland,Oxford/AstraZeneca,1351
2021-08-03,Poland,Pfizer/BioNTech,49977
2021-08-04,Poland,Moderna,610
2021-08-04,Poland,Novavax,0
2021-08-04,Poland,Oxford/AstraZeneca,1351
2021-08-04,Poland,Pfizer/BioNTech,49977
2021-08-05,Poland,Moderna,610
2021-08-05,Poland,Novavax,0
2021-08-05,Poland,Oxford/AstraZeneca,1351
2021-08-05,Poland,Pfizer/BioNTech,49977
2021-08-06,Poland,Moderna,490
2021-08-06,Poland,Novavax,0
2021-08-06,Poland,Oxford/AstraZeneca,657
2021-08-06,Poland,Pfizer/BioNTech,37293
2021-08-07,Poland,Moderna,490
2021-08-07,Poland,Novavax,0
2021-08-07,Poland,Oxford/AstraZeneca,657
2021-08-07,Poland,Pfizer/BioNTech,37293
2021-08-08,Poland,Moderna,490
2021-08-08,Poland,Novavax,0
2021-08-08,Poland,Oxford/AstraZeneca,657
2021-08-08,Poland,Pfizer/BioNTech,37293
2021-08-09,Poland,Moderna,490
2021-08-09,Poland,Novavax,0
2021-08-09,Poland,Oxford/AstraZeneca,657
2021-08-09,Poland,Pfizer/BioNTech,37293
2021-08-10,Poland,Moderna,490
2021-08-10,Poland,Novavax,0
2021-08-10,Poland,Oxford/AstraZeneca,657
2021-08-10,Poland,Pfizer/BioNTech,37293
2021-08-11,Poland,Moderna,490
2021-08-11,Poland,Novavax,0
2021-08-11,Poland,Oxford/AstraZeneca,657
2021-08-11,Poland,Pfizer/BioNTech,37293
2021-08-12,Poland,Moderna,490
2021-08-12,Poland,Novavax,0
2021-08-12,Poland,Oxford/AstraZeneca,657
2021-08-12,Poland,Pfizer/BioNTech,37293
2021-08-13,Poland,Moderna,488
2021-08-13,Poland,Novavax,0
2021-08-13,Poland,Oxford/AstraZeneca,404
2021-08-13,Poland,Pfizer/BioNTech,33709
2021-08-14,Poland,Moderna,488
2021-08-14,Poland,Novavax,0
2021-08-14,Poland,Oxford/AstraZeneca,404
2021-08-14,Poland,Pfizer/BioNTech,33709
2021-08-15,Poland,Moderna,488
2021-08-15,Poland,Novavax,0
2021-08-15,Poland,Oxford/AstraZeneca,404
2021-08-15,Poland,Pfizer/BioNTech,33709
2021-08-16,Poland,Moderna,488
2021-08-16,Poland,Novavax,0
2021-08-16,Poland,Oxford/AstraZeneca,404
2021-08-16,Poland,Pfizer/BioNTech,33709
2021-08-17,Poland,Moderna,488
2021-08-17,Poland,Novavax,0
2021-08-17,Poland,Oxford/AstraZeneca,404
2021-08-17,Poland,Pfizer/BioNTech,33709
2021-08-18,Poland,Moderna,488
2021-08-18,Poland,Novavax,0
2021-08-18,Poland,Oxford/AstraZeneca,404
2021-08-18,Poland,Pfizer/BioNTech,33709
2021-08-19,Poland,Moderna,488
2021-08-19,Poland,Novavax,0
2021-08-19,Poland,Oxford/AstraZeneca,404
2021-08-19,Poland,Pfizer/BioNTech,33709
2021-08-20,Poland,Moderna,359
2021-08-20,Poland,Novavax,0
2021-08-20,Poland,Oxford/AstraZeneca,314
2021-08-20,Poland,Pfizer/BioNTech,30739
2021-08-21,Poland,Moderna,359
2021-08-21,Poland,Novavax,0
2021-08-21,Poland,Oxford/AstraZeneca,314
2021-08-21,Poland,Pfizer/BioNTech,30739
2021-08-22,Poland,Moderna,359
2021-08-22,Poland,Novavax,0
2021-08-22,Poland,Oxford/AstraZeneca,314
2021-08-22,Poland,Pfizer/BioNTech,30739
2021-08-23,Poland,Moderna,359
2021-08-23,Poland,Novavax,0
2021-08-23,Poland,Oxford/AstraZeneca,314
2021-08-23,Poland,Pfizer/BioNTech,30739
2021-08-24,Poland,Moderna,359
2021-08-24,Poland,Novavax,0
2021-08-24,Poland,Oxford/AstraZeneca,314
2021-08-24,Poland,Pfizer/BioNTech,30739
2021-08-25,Poland,Moderna,359
2021-08-25,Poland,Novavax,0
2021-08-25,Poland,Oxford/AstraZeneca,314
2021-08-25,Poland,Pfizer/BioNTech,30739
2021-08-26,Poland,Moderna,359
2021-08-26,Poland,Novavax,0
2021-08-26,Poland,Oxford/AstraZeneca,314
2021-08-26,Poland,Pfizer/BioNTech,30739
2021-08-27,Poland,Moderna,341
2021-08-27,Poland,Novavax,0
2021-08-27,Poland,Oxford/AstraZeneca,259
2021-08-27,Poland,Pfizer/BioNTech,25566
2021-08-28,Poland,Moderna,341
2021-08-28,Poland,Novavax,0
2021-08-28,Poland,Oxford/AstraZeneca,259
2021-08-28,Poland,Pfizer/BioNTech,25566
2021-08-29,Poland,Moderna,341
2021-08-29,Poland,Novavax,0
2021-08-29,Poland,Oxford/AstraZeneca,259
2021-08-29,Poland,Pfizer/BioNTech,25566
2021-08-30,Poland,Moderna,341
2021-08-30,Poland,Novavax,0
2021-08-30,Poland,Oxford/AstraZeneca,259
2021-08-30,Poland,Pfizer/BioNTech,25566
2021-08-31,Poland,Moderna,341
2021-08-31,Poland,Novavax,0
2021-08-31,Poland,Oxford/AstraZeneca,259
2021-08-31,Poland,Pfizer/BioNTech,25566
2021-09-01,Poland,Moderna,341
2021-09-01,Poland,Novavax,0
2021-09-01,Poland,Oxford/AstraZeneca,259
2021-09-01,Poland,Pfizer/BioNTech,25566
2021-09-02,Poland,Moderna,341
2021-09-02,Poland,Novavax,0
2021-09-02,Poland,Oxford/AstraZeneca,259
2021-09-02,Poland,Pfizer/BioNTech,25566
2021-09-03,Poland,Moderna,298
2021-09-03,Poland,Novavax,0
2021-09-03,Poland,Oxford/AstraZeneca,170
2021-09-03,Poland,Pfizer/BioNTech,21270
2021-09-04,Poland,Moderna,298
2021-09-04,Poland,Novavax,0
2021-09-04,Poland,Oxford/AstraZeneca,170
2021-09-04,Poland,Pfizer/BioNTech,21270
2021-09-05,Poland,Moderna,298
2021-09-05,Poland,Novavax,0
2021-09-05,Poland,Oxford/AstraZeneca,170
2021-09-05,Poland,Pfizer/BioNTech,21270
2021-09-06,Poland,Moderna,298
2021-09-06,Poland,Novavax,0
2021-09-06,Poland,Oxford/AstraZeneca,170
2021-09-06,Poland,Pfizer/BioNTech,21270
2021-09-07,Poland,Moderna,298
2021-09-07,Poland,Novavax,0
2021-09-07,Poland,Oxford/AstraZeneca,170
2021-09-07,Poland,Pfizer/BioNTech,21270
2021-09-08,Poland,Moderna,298
2021-09-08,Poland,Novavax,0
2021-09-08,Poland,Oxford/AstraZeneca,170
2021-09-08,Poland,Pfizer/BioNTech,21270
2021-09-09,Poland,Moderna,298
2021-09-09,Poland,Novavax,0
2021-09-09,Poland,Oxford/AstraZeneca,170
2021-09-09,Poland,Pfizer/BioNTech,21270
2021-09-10,Poland,Moderna,292
2021-09-10,Poland,Novavax,0
2021-09-10,Poland,Oxford/AstraZeneca,166
2021-09-10,Poland,Pfizer/BioNTech,18848
2021-09-11,Poland,Moderna,292
2021-09-11,Poland,Novavax,0
2021-09-11,Poland,Oxford/AstraZeneca,166
2021-09-11,Poland,Pfizer/BioNTech,18848
2021-09-12,Poland,Moderna,292
2021-09-12,Poland,Novavax,0
2021-09-12,Poland,Oxford/AstraZeneca,166
2021-09-12,Poland,Pfizer/BioNTech,18848
2021-09-13,Poland,Moderna,292
2021-09-13,Poland,Novavax,0
2021-09-13,Poland,Oxford/AstraZeneca,166
2021-09-13,Poland,Pfizer/BioNTech,18848
2021-09-14,Poland,Moderna,292
2021-09-14,Poland,Novavax,0
2021-09-14,Poland,Oxford/AstraZeneca,166
2021-09-14,Poland,Pfizer/BioNTech,18848
2021-09-15,Poland,Moderna,292
2021-09-15,Poland,Novavax,0
2021-09-15,Poland,Oxford/AstraZeneca,166
2021-09-15,Poland,Pfizer/BioNTech,18848
2021-09-16,Poland,Moderna,292
2021-09-16,Poland,Novavax,0
2021-09-16,Poland,Oxford/AstraZeneca,166
2021-09-16,Poland,Pfizer/BioNTech,18848
2021-09-17,Poland,Moderna,333
2021-09-17,Poland,Novavax,0
2021-09-17,Poland,Oxford/AstraZeneca,161
2021-09-17,Poland,Pfizer/BioNTech,22196
2021-09-18,Poland,Moderna,333
2021-09-18,Poland,Novavax,0
2021-09-18,Poland,Oxford/AstraZeneca,161
2021-09-18,Poland,Pfizer/BioNTech,22196
2021-09-19,Poland,Moderna,333
2021-09-19,Poland,Novavax,0
2021-09-19,Poland,Oxford/AstraZeneca,161
2021-09-19,Poland,Pfizer/BioNTech,22196
2021-09-20,Poland,Moderna,333
2021-09-20,Poland,Novavax,0
2021-09-20,Poland,Oxford/AstraZeneca,161
2021-09-20,Poland,Pfizer/BioNTech,22196
2021-09-21,Poland,Moderna,333
2021-09-21,Poland,Novavax,0
2021-09-21,Poland,Oxford/AstraZeneca,161
2021-09-21,Poland,Pfizer/BioNTech,22196
2021-09-22,Poland,Moderna,333
2021-09-22,Poland,Novavax,0
2021-09-22,Poland,Oxford/AstraZeneca,161
2021-09-22,Poland,Pfizer/BioNTech,22196
2021-09-23,Poland,Moderna,333
2021-09-23,Poland,Novavax,0
2021-09-23,Poland,Oxford/AstraZeneca,161
2021-09-23,Poland,Pfizer/BioNTech,22196
2021-09-24,Poland,Moderna,342
2021-09-24,Poland,Novavax,0
2021-09-24,Poland,Oxford/AstraZeneca,119
2021-09-24,Poland,Pfizer/BioNTech,45756
2021-09-25,Poland,Moderna,342
2021-09-25,Poland,Novavax,0
2021-09-25,Poland,Oxford/AstraZeneca,119
2021-09-25,Poland,Pfizer/BioNTech,45756
2021-09-26,Poland,Moderna,342
2021-09-26,Poland,Novavax,0
2021-09-26,Poland,Oxford/AstraZeneca,119
2021-09-26,Poland,Pfizer/BioNTech,45756
2021-09-27,Poland,Moderna,342
2021-09-27,Poland,Novavax,0
2021-09-27,Poland,Oxford/AstraZeneca,119
2021-09-27,Poland,Pfizer/BioNTech,45756
2021-09-28,Poland,Moderna,342
2021-09-28,Poland,Novavax,0
2021-09-28,Poland,Oxford/AstraZeneca,119
2021-09-28,Poland,Pfizer/BioNTech,45756
2021-09-29,Poland,Moderna,342
2021-09-29,Poland,Novavax,0
2021-09-29,Poland,Oxford/AstraZeneca,119
2021-09-29,Poland,Pfizer/BioNTech,45756
2021-09-30,Poland,Moderna,342
2021-09-30,Poland,Novavax,0
2021-09-30,Poland,Oxford/AstraZeneca,119
2021-09-30,Poland,Pfizer/BioNTech,45756
2021-10-01,Poland,Moderna,258
2021-10-01,Poland,Novavax,0
2021-10-01,Poland,Oxford/AstraZeneca,99
2021-10-01,Poland,Pfizer/BioNTech,45734
2021-10-02,Poland,Moderna,258
2021-10-02,Poland,Novavax,0
2021-10-02,Poland,Oxford/AstraZeneca,99
2021-10-02,Poland,Pfizer/BioNTech,45734
2021-10-03,Poland,Moderna,258
2021-10-03,Poland,Novavax,0
2021-10-03,Poland,Oxford/AstraZeneca,99
2021-10-03,Poland,Pfizer/BioNTech,45734
2021-10-04,Poland,Moderna,258
2021-10-04,Poland,Novavax,0
2021-10-04,Poland,Oxford/AstraZeneca,99
2021-10-04,Poland,Pfizer/BioNTech,45734
2021-10-05,Poland,Moderna,258
2021-10-05,Poland,Novavax,0
2021-10-05,Poland,Oxford/AstraZeneca,99
2021-10-05,Poland,Pfizer/BioNTech,45734
2021-10-06,Poland,Moderna,258
2021-10-06,Poland,Novavax,0
2021-10-06,Poland,Oxford/AstraZeneca,99
2021-10-06,Poland,Pfizer/BioNTech,45734
2021-10-07,Poland,Moderna,258
2021-10-07,Poland,Novavax,0
2021-10-07,Poland,Oxford/AstraZeneca,99
2021-10-07,Poland,Pfizer/BioNTech,45734
2021-10-08,Poland,Moderna,218
2021-10-08,Poland,Novavax,0
2021-10-08,Poland,Oxford/AstraZeneca,98
2021-10-08,Poland,Pfizer/BioNTech,38417
2021-10-09,Poland,Moderna,218
2021-10-09,Poland,Novavax,0
2021-10-09,Poland,Oxford/AstraZeneca,98
2021-10-09,Poland,Pfizer/BioNTech,38417
2021-10-10,Poland,Moderna,218
2021-10-10,Poland,Novavax,0
2021-10-10,Poland,Oxford/AstraZeneca,98
2021-10-10,Poland,Pfizer/BioNTech,38417
2021-10-11,Poland,Moderna,218
2021-10-11,Poland,Novavax,0
2021-10-11,Poland,Oxford/AstraZeneca,98
2021-10-11,Poland,Pfizer/BioNTech,38417
2021-10-12,Poland,Moderna,218
2021-10-12,Poland,Novavax,0
2021-10-12,Poland,Oxford/AstraZeneca,98
2021-10-12,Poland,Pfizer/BioNTech,38417
2021-10-13,Poland,Moderna,218
2021-10-13,Poland,Novavax,0
2021-10-13,Poland,Oxford/AstraZeneca,98
2021-10-13,Poland,Pfizer/BioNTech,38417
2021-10-14,Poland,Moderna,218
2021-10-14,Poland,Novavax,0
2021-10-14,Poland,Oxford/AstraZeneca,98
2021-10-14,Poland,Pfizer/BioNTech,38417
2021-10-15,Poland,Moderna,264
2021-10-15,Poland,Novavax,0
2021-10-15,Poland,Oxford/AstraZeneca,92
2021-10-15,Poland,Pfizer/BioNTech,39265
2021-10-16,Poland,Moderna,264
2021-10-16,Poland,Novavax,0
2021-10-16,Poland,Oxford/AstraZeneca,92
2021-10-16,Poland,Pfizer/BioNTech,39265
2021-10-17,Poland,Moderna,264
2021-10-17,Poland,Novavax,0
2021-10-17,Poland,Oxford/AstraZeneca,92
2021-10-17,Poland,Pfizer/BioNTech,39265
2021-10-18,Poland,Moderna,264
2021-10-18,Poland,Novavax,0
2021-10-18,Poland,Oxford/AstraZeneca,92
2021-10-18,Poland,Pfizer/BioNTech,39265
2021-10-19,Poland,Moderna,264
2021-10-19,Poland,Novavax,0
2021-10-19,Poland,Oxford/AstraZeneca,92
2021-10-19,Poland,Pfizer/BioNTech,39265
2021-10-20,Poland,Moderna,264
2021-10-20,Poland,Novavax,0
2021-10-20,Poland,Oxford/AstraZeneca,92
2021-10-20,Poland,Pfizer/BioNTech,39265
2021-10-21,Poland,Moderna,264
2021-10-21,Poland,Novavax,0
2021-10-21,Poland,Oxford/AstraZeneca,92
2021-10-21,Poland,Pfizer/BioNTech,39265
2021-10-22,Poland,Moderna,314
2021-10-22,Poland,Novavax,0
2021-10-22,Poland,Oxford/AstraZeneca,117
2021-10-22,Poland,Pfizer/BioNTech,40757
2021-10-23,Poland,Moderna,314
2021-10-23,Poland,Novavax,0
2021-10-23,Poland,Oxford/AstraZeneca,117
2021-10-23,Poland,Pfizer/BioNTech,40757
2021-10-24,Poland,Moderna,314
2021-10-24,Poland,Novavax,0
2021-10-24,Poland,Oxford/AstraZeneca,117
2021-10-24,Poland,Pfizer/BioNTech,40757
2021-10-25,Poland,Moderna,314
2021-10-25,Poland,Novavax,0
2021-10-25,Poland,Oxford/AstraZeneca,117
2021-10-25,Poland,Pfizer/BioNTech,40757
2021-10-26,Poland,Moderna,314
2021-10-26,Poland,Novavax,0
2021-10-26,Poland,Oxford/AstraZeneca,117
2021-10-26,Poland,Pfizer/BioNTech,40757
2021-10-27,Poland,Moderna,314
2021-10-27,Poland,Novavax,0
2021-10-27,Poland,Oxford/AstraZeneca,117
2021-10-27,Poland,Pfizer/BioNTech,40757
2021-10-28,Poland,Moderna,314
2021-10-28,Poland,Novavax,0
2021-10-28,Poland,Oxford/AstraZeneca,117
2021-10-28,Poland,Pfizer/BioNTech,40757
2021-10-29,Poland,Moderna,915
2021-10-29,Poland,Novavax,0
2021-10-29,Poland,Oxford/AstraZeneca,40
2021-10-29,Poland,Pfizer/BioNTech,47833
2021-10-30,Poland,Moderna,915
2021-10-30,Poland,Novavax,0
2021-10-30,Poland,Oxford/AstraZeneca,40
2021-10-30,Poland,Pfizer/BioNTech,47833
2021-10-31,Poland,Moderna,915
2021-10-31,Poland,Novavax,0
2021-10-31,Poland,Oxford/AstraZeneca,40
2021-10-31,Poland,Pfizer/BioNTech,47833
2021-11-01,Poland,Moderna,915
2021-11-01,Poland,Novavax,0
2021-11-01,Poland,Oxford/AstraZeneca,40
2021-11-01,Poland,Pfizer/BioNTech,47833
2021-11-02,Poland,Moderna,915
2021-11-02,Poland,Novavax,0
2021-11-02,Poland,Oxford/AstraZeneca,40
2021-11-02,Poland,Pfizer/BioNTech,47833
2021-11-03,Poland,Moderna,915
2021-11-03,Poland,Novavax,0
2021-11-03,Poland,Oxford/AstraZeneca,40
2021-11-03,Poland,Pfizer/BioNTech,47833
2021-11-04,Poland,Moderna,915
2021-11-04,Poland,Novavax,0
2021-11-04,Poland,Oxford/AstraZeneca,40
2021-11-04,Poland,Pfizer/BioNTech,47833
2021-11-05,Poland,Moderna,1386
2021-11-05,Poland,Novavax,0
2021-11-05,Poland,Oxford/AstraZeneca,37
2021-11-05,Poland,Pfizer/BioNTech,50579
2021-11-06,Poland,Moderna,1386
2021-11-06,Poland,Novavax,0
2021-11-06,Poland,Oxford/AstraZeneca,37
2021-11-06,Poland,Pfizer/BioNTech,50579
2021-11-07,Poland,Moderna,1386
2021-11-07,Poland,Novavax,0
2021-11-07,Poland,Oxford/AstraZeneca,37
2021-11-07,Poland,Pfizer/BioNTech,50579
2021-11-08,Poland,Moderna,1386
2021-11-08,Poland,Novavax,0
2021-11-08,Poland,Oxford/AstraZeneca,37
2021-11-08,Poland,Pfizer/BioNTech,50579
2021-11-09,Poland,Moderna,1386
2021-11-09,Poland,Novavax,0
2021-11-09,Poland,Oxford/AstraZeneca,37
2021-11-09,Poland,Pfizer/BioNTech,50579
2021-11-10,Poland,Moderna,1386
2021-11-10,Poland,Novavax,0
2021-11-10,Poland,Oxford/AstraZeneca,37
2021-11-10,Poland,Pfizer/BioNTech,50579
2021-11-11,Poland,Moderna,1386
2021-11-11,Poland,Novavax,0
2021-11-11,Poland,Oxford/AstraZeneca,37
2021-11-11,Poland,Pfizer/BioNTech,50579
2021-11-12,Poland,Moderna,2629
2021-11-12,Poland,Novavax,0
2021-11-12,Poland,Oxford/AstraZeneca,50
2021-11-12,Poland,Pfizer/BioNTech,82966
2021-11-13,Poland,Moderna,2629
2021-11-13,Poland,Novavax,0
2021-11-13,Poland,Oxford/AstraZeneca,50
2021-11-13,Poland,Pfizer/BioNTech,82966
2021-11-14,Poland,Moderna,2629
2021-11-14,Poland,Novavax,0
2021-11-14,Poland,Oxford/AstraZeneca,50
2021-11-14,Poland,Pfizer/BioNTech,82966
2021-11-15,Poland,Moderna,2629
2021-11-15,Poland,Novavax,0
2021-11-15,Poland,Oxford/AstraZeneca,50
2021-11-15,Poland,Pfizer/BioNTech,82966
2021-11-16,Poland,Moderna,2629
2021-11-16,Poland,Novavax,0
2021-11-16,Poland,Oxford/AstraZeneca,50
2021-11-16,Poland,Pfizer/BioNTech,82966
2021-11-17,Poland,Moderna,2629
2021-11-17,Poland,Novavax,0
2021-11-17,Poland,Oxford/AstraZeneca,50
2021-11-17,Poland,Pfizer/BioNTech,82966
2021-11-18,Poland,Moderna,2629
2021-11-18,Poland,Novavax,0
2021-11-18,Poland,Oxford/AstraZeneca,50
2021-11-18,Poland,Pfizer/BioNTech,82966
2021-11-19,Poland,Moderna,5758
2021-11-19,Poland,Novavax,0
2021-11-19,Poland,Oxford/AstraZeneca,32
2021-11-19,Poland,Pfizer/BioNTech,119797
2021-11-20,Poland,Moderna,5758
2021-11-20,Poland,Novavax,0
2021-11-20,Poland,Oxford/AstraZeneca,32
2021-11-20,Poland,Pfizer/BioNTech,119797
2021-11-21,Poland,Moderna,5758
2021-11-21,Poland,Novavax,0
2021-11-21,Poland,Oxford/AstraZeneca,32
2021-11-21,Poland,Pfizer/BioNTech,119797
2021-11-22,Poland,Moderna,5758
2021-11-22,Poland,Novavax,0
2021-11-22,Poland,Oxford/AstraZeneca,32
2021-11-22,Poland,Pfizer/BioNTech,119797
2021-11-23,Poland,Moderna,5758
2021-11-23,Poland,Novavax,0
2021-11-23,Poland,Oxford/AstraZeneca,32
2021-11-23,Poland,Pfizer/BioNTech,119797
2021-11-24,Poland,Moderna,5758
2021-11-24,Poland,Novavax,0
2021-11-24,Poland,Oxford/AstraZeneca,32
2021-11-24,Poland,Pfizer/BioNTech,119797
2021-11-25,Poland,Moderna,5758
2021-11-25,Poland,Novavax,0
2021-11-25,Poland,Oxford/AstraZeneca,32
2021-11-25,Poland,Pfizer/BioNTech,119797
2021-11-26,Poland,Moderna,8189
2021-11-26,Poland,Novavax,0
2021-11-26,Poland,Oxford/AstraZeneca,25
2021-11-26,Poland,Pfizer/BioNTech,165610
2021-11-27,Poland,Moderna,8189
2021-11-27,Poland,Novavax,0
2021-11-27,Poland,Oxford/AstraZeneca,25
2021-11-27,Poland,Pfizer/BioNTech,165610
2021-11-28,Poland,Moderna,8189
2021-11-28,Poland,Novavax,0
2021-11-28,Poland,Oxford/AstraZeneca,25
2021-11-28,Poland,Pfizer/BioNTech,165610
2021-11-29,Poland,Moderna,8189
2021-11-29,Poland,Novavax,0
2021-11-29,Poland,Oxford/AstraZeneca,25
2021-11-29,Poland,Pfizer/BioNTech,165610
2021-11-30,Poland,Moderna,8189
2021-11-30,Poland,Novavax,0
2021-11-30,Poland,Oxford/AstraZeneca,25
2021-11-30,Poland,Pfizer/BioNTech,165610
2021-12-01,Poland,Moderna,8189
2021-12-01,Poland,Novavax,0
2021-12-01,Poland,Oxford/AstraZeneca,25
2021-12-01,Poland,Pfizer/BioNTech,165610
2021-12-02,Poland,Moderna,8189
2021-12-02,Poland,Novavax,0
2021-12-02,Poland,Oxford/AstraZeneca,25
2021-12-02,Poland,Pfizer/BioNTech,165610
2021-12-03,Poland,Moderna,8443
2021-12-03,Poland,Novavax,0
2021-12-03,Poland,Oxford/AstraZeneca,23
2021-12-03,Poland,Pfizer/BioNTech,171743
2021-12-04,Poland,Moderna,8443
2021-12-04,Poland,Novavax,0
2021-12-04,Poland,Oxford/AstraZeneca,23
2021-12-04,Poland,Pfizer/BioNTech,171743
2021-12-05,Poland,Moderna,8443
2021-12-05,Poland,Novavax,0
2021-12-05,Poland,Oxford/AstraZeneca,23
2021-12-05,Poland,Pfizer/BioNTech,171743
2021-12-06,Poland,Moderna,8443
2021-12-06,Poland,Novavax,0
2021-12-06,Poland,Oxford/AstraZeneca,23
2021-12-06,Poland,Pfizer/BioNTech,171743
2021-12-07,Poland,Moderna,8443
2021-12-07,Poland,Novavax,0
2021-12-07,Poland,Oxford/AstraZeneca,23
2021-12-07,Poland,Pfizer/BioNTech,171743
2021-12-08,Poland,Moderna,8443
2021-12-08,Poland,Novavax,0
2021-12-08,Poland,Oxford/AstraZeneca,23
2021-12-08,Poland,Pfizer/BioNTech,171743
2021-12-09,Poland,Moderna,8443
2021-12-09,Poland,Novavax,0
2021-12-09,Poland,Oxford/AstraZeneca,23
2021-12-09,Poland,Pfizer/BioNTech,171743
2021-12-10,Poland,Moderna,8671
2021-12-10,Poland,Novavax,0
2021-12-10,Poland,Oxford/AstraZeneca,21
2021-12-10,Poland,Pfizer/BioNTech,157487
2021-12-11,Poland,Moderna,8671
2021-12-11,Poland,Novavax,0
2021-12-11,Poland,Oxford/AstraZeneca,21
2021-12-11,Poland,Pfizer/BioNTech,157487
2021-12-12,Poland,Moderna,8671
2021-12-12,Poland,Novavax,0
2021-12-12,Poland,Oxford/AstraZeneca,21
2021-12-12,Poland,Pfizer/BioNTech,157487
2021-12-13,Poland,Moderna,8671
2021-12-13,Poland,Novavax,0
2021-12-13,Poland,Oxford/AstraZeneca,21
2021-12-13,Poland,Pfizer/BioNTech,157487
2021-12-14,Poland,Moderna,8671
2021-12-14,Poland,Novavax,0
2021-12-14,Poland,Oxford/AstraZeneca,21
2021-12-14,Poland,Pfizer/BioNTech,157487
2021-12-15,Poland,Moderna,8671
2021-12-15,Poland,Novavax,0
2021-12-15,Poland,Oxford/AstraZeneca,21
2021-12-15,Poland,Pfizer/BioNTech,157487
2021-12-16,Poland,Moderna,8671
2021-12-16,Poland,Novavax,0
2021-12-16,Poland,Oxford/AstraZeneca,21
2021-12-16,Poland,Pfizer/BioNTech,157487
2021-12-17,Poland,Moderna,4326
2021-12-17,Poland,Novavax,0
2021-12-17,Poland,Oxford/AstraZeneca,13
2021-12-17,Poland,Pfizer/BioNTech,69506
2021-12-18,Poland,Moderna,4326
2021-12-18,Poland,Novavax,0
2021-12-18,Poland,Oxford/AstraZeneca,13
2021-12-18,Poland,Pfizer/BioNTech,69506
2021-12-19,Poland,Moderna,4326
2021-12-19,Poland,Novavax,0
2021-12-19,Poland,Oxford/AstraZeneca,13
2021-12-19,Poland,Pfizer/BioNTech,69506
2021-12-20,Poland,Moderna,4326
2021-12-20,Poland,Novavax,0
2021-12-20,Poland,Oxford/AstraZeneca,13
2021-12-20,Poland,Pfizer/BioNTech,69506
2021-12-21,Poland,Moderna,4326
2021-12-21,Poland,Novavax,0
2021-12-21,Poland,Oxford/AstraZeneca,13
2021-12-21,Poland,Pfizer/BioNTech,69506
2021-12-22,Poland,Moderna,4326
2021-12-22,Poland,Novavax,0
2021-12-22,Poland,Oxford/AstraZeneca,13
2021-12-22,Poland,Pfizer/BioNTech,69506
2021-12-23,Poland,Moderna,4326
2021-12-23,Poland,Novavax,0
2021-12-23,Poland,Oxford/AstraZeneca,13
2021-12-23,Poland,Pfizer/BioNTech,69506
2021-12-24,Poland,Moderna,6551
2021-12-24,Poland,Novavax,0
2021-12-24,Poland,Oxford/AstraZeneca,15
2021-12-24,Poland,Pfizer/BioNTech,92955
2021-12-25,Poland,Moderna,6551
2021-12-25,Poland,Novavax,0
2021-12-25,Poland,Oxford/AstraZeneca,15
2021-12-25,Poland,Pfizer/BioNTech,92955
2021-12-26,Poland,Moderna,6551
2021-12-26,Poland,Novavax,0
2021-12-26,Poland,Oxford/AstraZeneca,15
2021-12-26,Poland,Pfizer/BioNTech,92955
2021-12-27,Poland,Moderna,6551
2021-12-27,Poland,Novavax,0
2021-12-27,Poland,Oxford/AstraZeneca,15
2021-12-27,Poland,Pfizer/BioNTech,92955
2021-12-28,Poland,Moderna,6551
2021-12-28,Poland,Novavax,0
2021-12-28,Poland,Oxford/AstraZeneca,15
2021-12-28,Poland,Pfizer/BioNTech,92955
2021-12-29,Poland,Moderna,6551
2021-12-29,Poland,Novavax,0
2021-12-29,Poland,Oxford/AstraZeneca,15
2021-12-29,Poland,Pfizer/BioNTech,92955
2021-12-30,Poland,Moderna,6551
2021-12-30,Poland,Novavax,0
2021-12-30,Poland,Oxford/AstraZeneca,15
2021-12-30,Poland,Pfizer/BioNTech,92955
2021-12-31,Poland,Moderna,9727
2021-12-31,Poland,Novavax,0
2021-12-31,Poland,Oxford/AstraZeneca,9
2021-12-31,Poland,Pfizer/BioNTech,132314
