date,location,vaccine,total_vaccinations
2021-01-01,Finland,Moderna,2
2021-01-01,Finland,Novavax,0
2021-01-01,Finland,Oxford/AstraZeneca,1
2021-01-01,Finland,Pfizer/BioNTech,3093
2021-01-01,Finland,Valneva,0
2021-01-02,Finland,Moderna,2
2021-01-02,Finland,Novavax,0
2021-01-02,Finland,Oxford/AstraZeneca,1
2021-01-02,Finland,Pfizer/BioNTech,3093
2021-01-02,Finland,Valneva,0
2021-01-03,Finland,Moderna,2
2021-01-03,Finland,Novavax,0
2021-01-03,Finland,Oxford/AstraZeneca,1
2021-01-03,Finland,Pfizer/BioNTech,3093
2021-01-03,Finland,Valneva,0
2021-01-04,Finland,Moderna,2
2021-01-04,Finland,Novavax,0
2021-01-04,Finland,Oxford/AstraZeneca,1
2021-01-04,Finland,Pfizer/BioNTech,3093
2021-01-04,Finland,Valneva,0
2021-01-05,Finland,Moderna,2
2021-01-05,Finland,Novavax,0
2021-01-05,Finland,Oxford/AstraZeneca,1
2021-01-05,Finland,Pfizer/BioNTech,3093
2021-01-05,Finland,Valneva,0
2021-01-06,Finland,Moderna,2
2021-01-06,Finland,Novavax,0
2021-01-06,Finland,Oxford/AstraZeneca,1
2021-01-06,Finland,Pfizer/BioNTech,3093
2021-01-06,Finland,Valneva,0
2021-01-07,Finland,Moderna,2
2021-01-07,Finland,Novavax,0
2021-01-07,Finland,Oxford/AstraZeneca,1
2021-01-07,Finland,Pfizer/BioNTech,3093
2021-01-07,Finland,Valneva,0
2021-01-08,Finland,Moderna,0
2021-01-08,Finland,Novavax,0
2021-01-08,Finland,Oxford/AstraZeneca,0
2021-01-08,Finland,Pfizer/BioNTech,5831
2021-01-08,Finland,Valneva,0
2021-01-09,Finland,Moderna,0
2021-01-09,Finland,Novavax,0
2021-01-09,Finland,Oxford/AstraZeneca,0
2021-01-09,Finland,Pfizer/BioNTech,5831
2021-01-09,Finland,Valneva,0
2021-01-10,Finland,Moderna,0
2021-01-10,Finland,Novavax,0
2021-01-10,Finland,Oxford/AstraZeneca,0
2021-01-10,Finland,Pfizer/BioNTech,5831
2021-01-10,Finland,Valneva,0
2021-01-11,Finland,Moderna,0
2021-01-11,Finland,Novavax,0
2021-01-11,Finland,Oxford/AstraZeneca,0
2021-01-11,Finland,Pfizer/BioNTech,5831
2021-01-11,Finland,Valneva,0
2021-01-12,Finland,Moderna,0
2021-01-12,Finland,Novavax,0
2021-01-12,Finland,Oxford/AstraZeneca,0
2021-01-12,Finland,Pfizer/BioNTech,5831
2021-01-12,Finland,Valneva,0
2021-01-13,Finland,Moderna,0
2021-01-13,Finland,Novavax,0
2021-01-13,Finland,Oxford/AstraZeneca,0
2021-01-13,Finland,Pfizer/BioNTech,5831
2021-01-13,Finland,Valneva,0
2021-01-14,Finland,Moderna,0
2021-01-14,Finland,Novavax,0
2021-01-14,Finland,Oxford/AstraZeneca,0
2021-01-14,Finland,Pfizer/BioNTech,5831
2021-01-14,Finland,Valneva,0
2021-01-15,Finland,Moderna,133
2021-01-15,Finland,Novavax,0
2021-01-15,Finland,Oxford/AstraZeneca,0
2021-01-15,Finland,Pfizer/BioNTech,8176
2021-01-15,Finland,Valneva,0
2021-01-16,Finland,Moderna,133
2021-01-16,Finland,Novavax,0
2021-01-16,Finland,Oxford/AstraZeneca,0
2021-01-16,Finland,Pfizer/BioNTech,8176
2021-01-16,Finland,Valneva,0
2021-01-17,Finland,Moderna,133
2021-01-17,Finland,Novavax,0
2021-01-17,Finland,Oxford/AstraZeneca,0
2021-01-17,Finland,Pfizer/BioNTech,8176
2021-01-17,Finland,Valneva,0
2021-01-18,Finland,Moderna,133
2021-01-18,Finland,Novavax,0
2021-01-18,Finland,Oxford/AstraZeneca,0
2021-01-18,Finland,Pfizer/BioNTech,8176
2021-01-18,Finland,Valneva,0
2021-01-19,Finland,Moderna,133
2021-01-19,Finland,Novavax,0
2021-01-19,Finland,Oxford/AstraZeneca,0
2021-01-19,Finland,Pfizer/BioNTech,8176
2021-01-19,Finland,Valneva,0
2021-01-20,Finland,Moderna,133
2021-01-20,Finland,Novavax,0
2021-01-20,Finland,Oxford/AstraZeneca,0
2021-01-20,Finland,Pfizer/BioNTech,8176
2021-01-20,Finland,Valneva,0
2021-01-21,Finland,Moderna,133
2021-01-21,Finland,Novavax,0
2021-01-21,Finland,Oxford/AstraZeneca,0
2021-01-21,Finland,Pfizer/BioNTech,8176
2021-01-21,Finland,Valneva,0
2021-01-22,Finland,Moderna,367
2021-01-22,Finland,Novavax,0
2021-01-22,Finland,Oxford/AstraZeneca,0
2021-01-22,Finland,Pfizer/BioNTech,7712
2021-01-22,Finland,Valneva,0
2021-01-23,Finland,Moderna,367
2021-01-23,Finland,Novavax,0
2021-01-23,Finland,Oxford/AstraZeneca,0
2021-01-23,Finland,Pfizer/BioNTech,7712
2021-01-23,Finland,Valneva,0
2021-01-24,Finland,Moderna,367
2021-01-24,Finland,Novavax,0
2021-01-24,Finland,Oxford/AstraZeneca,0
2021-01-24,Finland,Pfizer/BioNTech,7712
2021-01-24,Finland,Valneva,0
2021-01-25,Finland,Moderna,367
2021-01-25,Finland,Novavax,0
2021-01-25,Finland,Oxford/AstraZeneca,0
2021-01-25,Finland,Pfizer/BioNTech,7712
2021-01-25,Finland,Valneva,0
2021-01-26,Finland,Moderna,367
2021-01-26,Finland,Novavax,0
2021-01-26,Finland,Oxford/AstraZeneca,0
2021-01-26,Finland,Pfizer/BioNTech,7712
2021-01-26,Finland,Valneva,0
2021-01-27,Finland,Moderna,367
2021-01-27,Finland,Novavax,0
2021-01-27,Finland,Oxford/AstraZeneca,0
2021-01-27,Finland,Pfizer/BioNTech,7712
2021-01-27,Finland,Valneva,0
2021-01-28,Finland,Moderna,367
2021-01-28,Finland,Novavax,0
2021-01-28,Finland,Oxford/AstraZeneca,0
2021-01-28,Finland,Pfizer/BioNTech,7712
2021-01-28,Finland,Valneva,0
2021-01-29,Finland,Moderna,124
2021-01-29,Finland,Novavax,0
2021-01-29,Finland,Oxford/AstraZeneca,1
2021-01-29,Finland,Pfizer/BioNTech,7886
2021-01-29,Finland,Valneva,0
2021-01-30,Finland,Moderna,124
2021-01-30,Finland,Novavax,0
2021-01-30,Finland,Oxford/AstraZeneca,1
2021-01-30,Finland,Pfizer/BioNTech,7886
2021-01-30,Finland,Valneva,0
2021-01-31,Finland,Moderna,124
2021-01-31,Finland,Novavax,0
2021-01-31,Finland,Oxford/AstraZeneca,1
2021-01-31,Finland,Pfizer/BioNTech,7886
2021-01-31,Finland,Valneva,0
2021-02-01,Finland,Moderna,124
2021-02-01,Finland,Novavax,0
2021-02-01,Finland,Oxford/AstraZeneca,1
2021-02-01,Finland,Pfizer/BioNTech,7886
2021-02-01,Finland,Valneva,0
2021-02-02,Finland,Moderna,124
2021-02-02,Finland,Novavax,0
2021-02-02,Finland,Oxford/AstraZeneca,1
2021-02-02,Finland,Pfizer/BioNTech,7886
2021-02-02,Finland,Valneva,0
2021-02-03,Finland,Moderna,124
2021-02-03,Finland,Novavax,0
2021-02-03,Finland,Oxford/AstraZeneca,1
2021-02-03,Finland,Pfizer/BioNTech,7886
2021-02-03,Finland,Valneva,0
2021-02-04,Finland,Moderna,124
2021-02-04,Finland,Novavax,0
2021-02-04,Finland,Oxford/AstraZeneca,1
2021-02-04,Finland,Pfizer/BioNTech,7886
2021-02-04,Finland,Valneva,0
2021-02-05,Finland,Moderna,193
2021-02-05,Finland,Novavax,0
2021-02-05,Finland,Oxford/AstraZeneca,573
2021-02-05,Finland,Pfizer/BioNTech,7350
2021-02-05,Finland,Valneva,0
2021-02-06,Finland,Moderna,193
2021-02-06,Finland,Novavax,0
2021-02-06,Finland,Oxford/AstraZeneca,573
2021-02-06,Finland,Pfizer/BioNTech,7350
2021-02-06,Finland,Valneva,0
2021-02-07,Finland,Moderna,193
2021-02-07,Finland,Novavax,0
2021-02-07,Finland,Oxford/AstraZeneca,573
2021-02-07,Finland,Pfizer/BioNTech,7350
2021-02-07,Finland,Valneva,0
2021-02-08,Finland,Moderna,193
2021-02-08,Finland,Novavax,0
2021-02-08,Finland,Oxford/AstraZeneca,573
2021-02-08,Finland,Pfizer/BioNTech,7350
2021-02-08,Finland,Valneva,0
2021-02-09,Finland,Moderna,193
2021-02-09,Finland,Novavax,0
2021-02-09,Finland,Oxford/AstraZeneca,573
2021-02-09,Finland,Pfizer/BioNTech,7350
2021-02-09,Finland,Valneva,0
2021-02-10,Finland,Moderna,193
2021-02-10,Finland,Novavax,0
2021-02-10,Finland,Oxford/AstraZeneca,573
2021-02-10,Finland,Pfizer/BioNTech,7350
2021-02-10,Finland,Valneva,0
2021-02-11,Finland,Moderna,193
2021-02-11,Finland,Novavax,0
2021-02-11,Finland,Oxford/AstraZeneca,573
2021-02-11,Finland,Pfizer/BioNTech,7350
2021-02-11,Finland,Valneva,0
2021-02-12,Finland,Moderna,663
2021-02-12,Finland,Novavax,0
2021-02-12,Finland,Oxford/AstraZeneca,2897
2021-02-12,Finland,Pfizer/BioNTech,8576
2021-02-12,Finland,Valneva,0
2021-02-13,Finland,Moderna,663
2021-02-13,Finland,Novavax,0
2021-02-13,Finland,Oxford/AstraZeneca,2897
2021-02-13,Finland,Pfizer/BioNTech,8576
2021-02-13,Finland,Valneva,0
2021-02-14,Finland,Moderna,663
2021-02-14,Finland,Novavax,0
2021-02-14,Finland,Oxford/AstraZeneca,2897
2021-02-14,Finland,Pfizer/BioNTech,8576
2021-02-14,Finland,Valneva,0
2021-02-15,Finland,Moderna,663
2021-02-15,Finland,Novavax,0
2021-02-15,Finland,Oxford/AstraZeneca,2897
2021-02-15,Finland,Pfizer/BioNTech,8576
2021-02-15,Finland,Valneva,0
2021-02-16,Finland,Moderna,663
2021-02-16,Finland,Novavax,0
2021-02-16,Finland,Oxford/AstraZeneca,2897
2021-02-16,Finland,Pfizer/BioNTech,8576
2021-02-16,Finland,Valneva,0
2021-02-17,Finland,Moderna,663
2021-02-17,Finland,Novavax,0
2021-02-17,Finland,Oxford/AstraZeneca,2897
2021-02-17,Finland,Pfizer/BioNTech,8576
2021-02-17,Finland,Valneva,0
2021-02-18,Finland,Moderna,663
2021-02-18,Finland,Novavax,0
2021-02-18,Finland,Oxford/AstraZeneca,2897
2021-02-18,Finland,Pfizer/BioNTech,8576
2021-02-18,Finland,Valneva,0
2021-02-19,Finland,Moderna,1254
2021-02-19,Finland,Novavax,0
2021-02-19,Finland,Oxford/AstraZeneca,4537
2021-02-19,Finland,Pfizer/BioNTech,8975
2021-02-19,Finland,Valneva,0
2021-02-20,Finland,Moderna,1254
2021-02-20,Finland,Novavax,0
2021-02-20,Finland,Oxford/AstraZeneca,4537
2021-02-20,Finland,Pfizer/BioNTech,8975
2021-02-20,Finland,Valneva,0
2021-02-21,Finland,Moderna,1254
2021-02-21,Finland,Novavax,0
2021-02-21,Finland,Oxford/AstraZeneca,4537
2021-02-21,Finland,Pfizer/BioNTech,8975
2021-02-21,Finland,Valneva,0
2021-02-22,Finland,Moderna,1254
2021-02-22,Finland,Novavax,0
2021-02-22,Finland,Oxford/AstraZeneca,4537
2021-02-22,Finland,Pfizer/BioNTech,8975
2021-02-22,Finland,Valneva,0
2021-02-23,Finland,Moderna,1254
2021-02-23,Finland,Novavax,0
2021-02-23,Finland,Oxford/AstraZeneca,4537
2021-02-23,Finland,Pfizer/BioNTech,8975
2021-02-23,Finland,Valneva,0
2021-02-24,Finland,Moderna,1254
2021-02-24,Finland,Novavax,0
2021-02-24,Finland,Oxford/AstraZeneca,4537
2021-02-24,Finland,Pfizer/BioNTech,8975
2021-02-24,Finland,Valneva,0
2021-02-25,Finland,Moderna,1254
2021-02-25,Finland,Novavax,0
2021-02-25,Finland,Oxford/AstraZeneca,4537
2021-02-25,Finland,Pfizer/BioNTech,8975
2021-02-25,Finland,Valneva,0
2021-02-26,Finland,Moderna,1125
2021-02-26,Finland,Novavax,0
2021-02-26,Finland,Oxford/AstraZeneca,5751
2021-02-26,Finland,Pfizer/BioNTech,9426
2021-02-26,Finland,Valneva,0
2021-02-27,Finland,Moderna,1125
2021-02-27,Finland,Novavax,0
2021-02-27,Finland,Oxford/AstraZeneca,5751
2021-02-27,Finland,Pfizer/BioNTech,9426
2021-02-27,Finland,Valneva,0
2021-02-28,Finland,Moderna,1125
2021-02-28,Finland,Novavax,0
2021-02-28,Finland,Oxford/AstraZeneca,5751
2021-02-28,Finland,Pfizer/BioNTech,9426
2021-02-28,Finland,Valneva,0
2021-03-01,Finland,Moderna,1125
2021-03-01,Finland,Novavax,0
2021-03-01,Finland,Oxford/AstraZeneca,5751
2021-03-01,Finland,Pfizer/BioNTech,9426
2021-03-01,Finland,Valneva,0
2021-03-02,Finland,Moderna,1125
2021-03-02,Finland,Novavax,0
2021-03-02,Finland,Oxford/AstraZeneca,5751
2021-03-02,Finland,Pfizer/BioNTech,9426
2021-03-02,Finland,Valneva,0
2021-03-03,Finland,Moderna,1125
2021-03-03,Finland,Novavax,0
2021-03-03,Finland,Oxford/AstraZeneca,5751
2021-03-03,Finland,Pfizer/BioNTech,9426
2021-03-03,Finland,Valneva,0
2021-03-04,Finland,Moderna,1125
2021-03-04,Finland,Novavax,0
2021-03-04,Finland,Oxford/AstraZeneca,5751
2021-03-04,Finland,Pfizer/BioNTech,9426
2021-03-04,Finland,Valneva,0
2021-03-05,Finland,Moderna,1687
2021-03-05,Finland,Novavax,0
2021-03-05,Finland,Oxford/AstraZeneca,6362
2021-03-05,Finland,Pfizer/BioNTech,9733
2021-03-05,Finland,Valneva,0
2021-03-06,Finland,Moderna,1687
2021-03-06,Finland,Novavax,0
2021-03-06,Finland,Oxford/AstraZeneca,6362
2021-03-06,Finland,Pfizer/BioNTech,9733
2021-03-06,Finland,Valneva,0
2021-03-07,Finland,Moderna,1687
2021-03-07,Finland,Novavax,0
2021-03-07,Finland,Oxford/AstraZeneca,6362
2021-03-07,Finland,Pfizer/BioNTech,9733
2021-03-07,Finland,Valneva,0
2021-03-08,Finland,Moderna,1687
2021-03-08,Finland,Novavax,0
2021-03-08,Finland,Oxford/AstraZeneca,6362
2021-03-08,Finland,Pfizer/BioNTech,9733
2021-03-08,Finland,Valneva,0
2021-03-09,Finland,Moderna,1687
2021-03-09,Finland,Novavax,0
2021-03-09,Finland,Oxford/AstraZeneca,6362
2021-03-09,Finland,Pfizer/BioNTech,9733
2021-03-09,Finland,Valneva,0
2021-03-10,Finland,Moderna,1687
2021-03-10,Finland,Novavax,0
2021-03-10,Finland,Oxford/AstraZeneca,6362
2021-03-10,Finland,Pfizer/BioNTech,9733
2021-03-10,Finland,Valneva,0
2021-03-11,Finland,Moderna,1687
2021-03-11,Finland,Novavax,0
2021-03-11,Finland,Oxford/AstraZeneca,6362
2021-03-11,Finland,Pfizer/BioNTech,9733
2021-03-11,Finland,Valneva,0
2021-03-12,Finland,Moderna,547
2021-03-12,Finland,Novavax,0
2021-03-12,Finland,Oxford/AstraZeneca,6352
2021-03-12,Finland,Pfizer/BioNTech,11331
2021-03-12,Finland,Valneva,0
2021-03-13,Finland,Moderna,547
2021-03-13,Finland,Novavax,0
2021-03-13,Finland,Oxford/AstraZeneca,6352
2021-03-13,Finland,Pfizer/BioNTech,11331
2021-03-13,Finland,Valneva,0
2021-03-14,Finland,Moderna,547
2021-03-14,Finland,Novavax,0
2021-03-14,Finland,Oxford/AstraZeneca,6352
2021-03-14,Finland,Pfizer/BioNTech,11331
2021-03-14,Finland,Valneva,0
2021-03-15,Finland,Moderna,547
2021-03-15,Finland,Novavax,0
2021-03-15,Finland,Oxford/AstraZeneca,6352
2021-03-15,Finland,Pfizer/BioNTech,11331
2021-03-15,Finland,Valneva,0
2021-03-16,Finland,Moderna,547
2021-03-16,Finland,Novavax,0
2021-03-16,Finland,Oxford/AstraZeneca,6352
2021-03-16,Finland,Pfizer/BioNTech,11331
2021-03-16,Finland,Valneva,0
2021-03-17,Finland,Moderna,547
2021-03-17,Finland,Novavax,0
2021-03-17,Finland,Oxford/AstraZeneca,6352
2021-03-17,Finland,Pfizer/BioNTech,11331
2021-03-17,Finland,Valneva,0
2021-03-18,Finland,Moderna,547
2021-03-18,Finland,Novavax,0
2021-03-18,Finland,Oxford/AstraZeneca,6352
2021-03-18,Finland,Pfizer/BioNTech,11331
2021-03-18,Finland,Valneva,0
2021-03-19,Finland,Moderna,1441
2021-03-19,Finland,Novavax,0
2021-03-19,Finland,Oxford/AstraZeneca,3
2021-03-19,Finland,Pfizer/BioNTech,14365
2021-03-19,Finland,Valneva,0
2021-03-20,Finland,Moderna,1441
2021-03-20,Finland,Novavax,0
2021-03-20,Finland,Oxford/AstraZeneca,3
2021-03-20,Finland,Pfizer/BioNTech,14365
2021-03-20,Finland,Valneva,0
2021-03-21,Finland,Moderna,1441
2021-03-21,Finland,Novavax,0
2021-03-21,Finland,Oxford/AstraZeneca,3
2021-03-21,Finland,Pfizer/BioNTech,14365
2021-03-21,Finland,Valneva,0
2021-03-22,Finland,Moderna,1441
2021-03-22,Finland,Novavax,0
2021-03-22,Finland,Oxford/AstraZeneca,3
2021-03-22,Finland,Pfizer/BioNTech,14365
2021-03-22,Finland,Valneva,0
2021-03-23,Finland,Moderna,1441
2021-03-23,Finland,Novavax,0
2021-03-23,Finland,Oxford/AstraZeneca,3
2021-03-23,Finland,Pfizer/BioNTech,14365
2021-03-23,Finland,Valneva,0
2021-03-24,Finland,Moderna,1441
2021-03-24,Finland,Novavax,0
2021-03-24,Finland,Oxford/AstraZeneca,3
2021-03-24,Finland,Pfizer/BioNTech,14365
2021-03-24,Finland,Valneva,0
2021-03-25,Finland,Moderna,1441
2021-03-25,Finland,Novavax,0
2021-03-25,Finland,Oxford/AstraZeneca,3
2021-03-25,Finland,Pfizer/BioNTech,14365
2021-03-25,Finland,Valneva,0
2021-03-26,Finland,Moderna,2412
2021-03-26,Finland,Novavax,0
2021-03-26,Finland,Oxford/AstraZeneca,2472
2021-03-26,Finland,Pfizer/BioNTech,14226
2021-03-26,Finland,Valneva,0
2021-03-27,Finland,Moderna,2412
2021-03-27,Finland,Novavax,0
2021-03-27,Finland,Oxford/AstraZeneca,2472
2021-03-27,Finland,Pfizer/BioNTech,14226
2021-03-27,Finland,Valneva,0
2021-03-28,Finland,Moderna,2412
2021-03-28,Finland,Novavax,0
2021-03-28,Finland,Oxford/AstraZeneca,2472
2021-03-28,Finland,Pfizer/BioNTech,14226
2021-03-28,Finland,Valneva,0
2021-03-29,Finland,Moderna,2412
2021-03-29,Finland,Novavax,0
2021-03-29,Finland,Oxford/AstraZeneca,2472
2021-03-29,Finland,Pfizer/BioNTech,14226
2021-03-29,Finland,Valneva,0
2021-03-30,Finland,Moderna,2412
2021-03-30,Finland,Novavax,0
2021-03-30,Finland,Oxford/AstraZeneca,2472
2021-03-30,Finland,Pfizer/BioNTech,14226
2021-03-30,Finland,Valneva,0
2021-03-31,Finland,Moderna,2412
2021-03-31,Finland,Novavax,0
2021-03-31,Finland,Oxford/AstraZeneca,2472
2021-03-31,Finland,Pfizer/BioNTech,14226
2021-03-31,Finland,Valneva,0
2021-04-01,Finland,Moderna,2412
2021-04-01,Finland,Novavax,0
2021-04-01,Finland,Oxford/AstraZeneca,2472
2021-04-01,Finland,Pfizer/BioNTech,14226
2021-04-01,Finland,Valneva,0
2021-04-02,Finland,Moderna,1722
2021-04-02,Finland,Novavax,0
2021-04-02,Finland,Oxford/AstraZeneca,5846
2021-04-02,Finland,Pfizer/BioNTech,17318
2021-04-02,Finland,Valneva,0
2021-04-03,Finland,Moderna,1722
2021-04-03,Finland,Novavax,0
2021-04-03,Finland,Oxford/AstraZeneca,5846
2021-04-03,Finland,Pfizer/BioNTech,17318
2021-04-03,Finland,Valneva,0
2021-04-04,Finland,Moderna,1722
2021-04-04,Finland,Novavax,0
2021-04-04,Finland,Oxford/AstraZeneca,5846
2021-04-04,Finland,Pfizer/BioNTech,17318
2021-04-04,Finland,Valneva,0
2021-04-05,Finland,Moderna,1722
2021-04-05,Finland,Novavax,0
2021-04-05,Finland,Oxford/AstraZeneca,5846
2021-04-05,Finland,Pfizer/BioNTech,17318
2021-04-05,Finland,Valneva,0
2021-04-06,Finland,Moderna,1722
2021-04-06,Finland,Novavax,0
2021-04-06,Finland,Oxford/AstraZeneca,5846
2021-04-06,Finland,Pfizer/BioNTech,17318
2021-04-06,Finland,Valneva,0
2021-04-07,Finland,Moderna,1722
2021-04-07,Finland,Novavax,0
2021-04-07,Finland,Oxford/AstraZeneca,5846
2021-04-07,Finland,Pfizer/BioNTech,17318
2021-04-07,Finland,Valneva,0
2021-04-08,Finland,Moderna,1722
2021-04-08,Finland,Novavax,0
2021-04-08,Finland,Oxford/AstraZeneca,5846
2021-04-08,Finland,Pfizer/BioNTech,17318
2021-04-08,Finland,Valneva,0
2021-04-09,Finland,Moderna,3180
2021-04-09,Finland,Novavax,0
2021-04-09,Finland,Oxford/AstraZeneca,8030
2021-04-09,Finland,Pfizer/BioNTech,22813
2021-04-09,Finland,Valneva,0
2021-04-10,Finland,Moderna,3180
2021-04-10,Finland,Novavax,0
2021-04-10,Finland,Oxford/AstraZeneca,8030
2021-04-10,Finland,Pfizer/BioNTech,22813
2021-04-10,Finland,Valneva,0
2021-04-11,Finland,Moderna,3180
2021-04-11,Finland,Novavax,0
2021-04-11,Finland,Oxford/AstraZeneca,8030
2021-04-11,Finland,Pfizer/BioNTech,22813
2021-04-11,Finland,Valneva,0
2021-04-12,Finland,Moderna,3180
2021-04-12,Finland,Novavax,0
2021-04-12,Finland,Oxford/AstraZeneca,8030
2021-04-12,Finland,Pfizer/BioNTech,22813
2021-04-12,Finland,Valneva,0
2021-04-13,Finland,Moderna,3180
2021-04-13,Finland,Novavax,0
2021-04-13,Finland,Oxford/AstraZeneca,8030
2021-04-13,Finland,Pfizer/BioNTech,22813
2021-04-13,Finland,Valneva,0
2021-04-14,Finland,Moderna,3180
2021-04-14,Finland,Novavax,0
2021-04-14,Finland,Oxford/AstraZeneca,8030
2021-04-14,Finland,Pfizer/BioNTech,22813
2021-04-14,Finland,Valneva,0
2021-04-15,Finland,Moderna,3180
2021-04-15,Finland,Novavax,0
2021-04-15,Finland,Oxford/AstraZeneca,8030
2021-04-15,Finland,Pfizer/BioNTech,22813
2021-04-15,Finland,Valneva,0
2021-04-16,Finland,Moderna,2143
2021-04-16,Finland,Novavax,0
2021-04-16,Finland,Oxford/AstraZeneca,5338
2021-04-16,Finland,Pfizer/BioNTech,24311
2021-04-16,Finland,Valneva,0
2021-04-17,Finland,Moderna,2143
2021-04-17,Finland,Novavax,0
2021-04-17,Finland,Oxford/AstraZeneca,5338
2021-04-17,Finland,Pfizer/BioNTech,24311
2021-04-17,Finland,Valneva,0
2021-04-18,Finland,Moderna,2143
2021-04-18,Finland,Novavax,0
2021-04-18,Finland,Oxford/AstraZeneca,5338
2021-04-18,Finland,Pfizer/BioNTech,24311
2021-04-18,Finland,Valneva,0
2021-04-19,Finland,Moderna,2143
2021-04-19,Finland,Novavax,0
2021-04-19,Finland,Oxford/AstraZeneca,5338
2021-04-19,Finland,Pfizer/BioNTech,24311
2021-04-19,Finland,Valneva,0
2021-04-20,Finland,Moderna,2143
2021-04-20,Finland,Novavax,0
2021-04-20,Finland,Oxford/AstraZeneca,5338
2021-04-20,Finland,Pfizer/BioNTech,24311
2021-04-20,Finland,Valneva,0
2021-04-21,Finland,Moderna,2143
2021-04-21,Finland,Novavax,0
2021-04-21,Finland,Oxford/AstraZeneca,5338
2021-04-21,Finland,Pfizer/BioNTech,24311
2021-04-21,Finland,Valneva,0
2021-04-22,Finland,Moderna,2143
2021-04-22,Finland,Novavax,0
2021-04-22,Finland,Oxford/AstraZeneca,5338
2021-04-22,Finland,Pfizer/BioNTech,24311
2021-04-22,Finland,Valneva,0
2021-04-23,Finland,Moderna,2782
2021-04-23,Finland,Novavax,0
2021-04-23,Finland,Oxford/AstraZeneca,2491
2021-04-23,Finland,Pfizer/BioNTech,25413
2021-04-23,Finland,Valneva,0
2021-04-24,Finland,Moderna,2782
2021-04-24,Finland,Novavax,0
2021-04-24,Finland,Oxford/AstraZeneca,2491
2021-04-24,Finland,Pfizer/BioNTech,25413
2021-04-24,Finland,Valneva,0
2021-04-25,Finland,Moderna,2782
2021-04-25,Finland,Novavax,0
2021-04-25,Finland,Oxford/AstraZeneca,2491
2021-04-25,Finland,Pfizer/BioNTech,25413
2021-04-25,Finland,Valneva,0
2021-04-26,Finland,Moderna,2782
2021-04-26,Finland,Novavax,0
2021-04-26,Finland,Oxford/AstraZeneca,2491
2021-04-26,Finland,Pfizer/BioNTech,25413
2021-04-26,Finland,Valneva,0
2021-04-27,Finland,Moderna,2782
2021-04-27,Finland,Novavax,0
2021-04-27,Finland,Oxford/AstraZeneca,2491
2021-04-27,Finland,Pfizer/BioNTech,25413
2021-04-27,Finland,Valneva,0
2021-04-28,Finland,Moderna,2782
2021-04-28,Finland,Novavax,0
2021-04-28,Finland,Oxford/AstraZeneca,2491
2021-04-28,Finland,Pfizer/BioNTech,25413
2021-04-28,Finland,Valneva,0
2021-04-29,Finland,Moderna,2782
2021-04-29,Finland,Novavax,0
2021-04-29,Finland,Oxford/AstraZeneca,2491
2021-04-29,Finland,Pfizer/BioNTech,25413
2021-04-29,Finland,Valneva,0
2021-04-30,Finland,Moderna,3498
2021-04-30,Finland,Novavax,0
2021-04-30,Finland,Oxford/AstraZeneca,820
2021-04-30,Finland,Pfizer/BioNTech,30684
2021-04-30,Finland,Valneva,0
2021-05-01,Finland,Moderna,3498
2021-05-01,Finland,Novavax,0
2021-05-01,Finland,Oxford/AstraZeneca,820
2021-05-01,Finland,Pfizer/BioNTech,30684
2021-05-01,Finland,Valneva,0
2021-05-02,Finland,Moderna,3498
2021-05-02,Finland,Novavax,0
2021-05-02,Finland,Oxford/AstraZeneca,820
2021-05-02,Finland,Pfizer/BioNTech,30684
2021-05-02,Finland,Valneva,0
2021-05-03,Finland,Moderna,3498
2021-05-03,Finland,Novavax,0
2021-05-03,Finland,Oxford/AstraZeneca,820
2021-05-03,Finland,Pfizer/BioNTech,30684
2021-05-03,Finland,Valneva,0
2021-05-04,Finland,Moderna,3498
2021-05-04,Finland,Novavax,0
2021-05-04,Finland,Oxford/AstraZeneca,820
2021-05-04,Finland,Pfizer/BioNTech,30684
2021-05-04,Finland,Valneva,0
2021-05-05,Finland,Moderna,3498
2021-05-05,Finland,Novavax,0
2021-05-05,Finland,Oxford/AstraZeneca,820
2021-05-05,Finland,Pfizer/BioNTech,30684
2021-05-05,Finland,Valneva,0
2021-05-06,Finland,Moderna,3498
2021-05-06,Finland,Novavax,0
2021-05-06,Finland,Oxford/AstraZeneca,820
2021-05-06,Finland,Pfizer/BioNTech,30684
2021-05-06,Finland,Valneva,0
2021-05-07,Finland,Moderna,3749
2021-05-07,Finland,Novavax,0
2021-05-07,Finland,Oxford/AstraZeneca,1093
2021-05-07,Finland,Pfizer/BioNTech,29060
2021-05-07,Finland,Valneva,0
2021-05-08,Finland,Moderna,3749
2021-05-08,Finland,Novavax,0
2021-05-08,Finland,Oxford/AstraZeneca,1093
2021-05-08,Finland,Pfizer/BioNTech,29060
2021-05-08,Finland,Valneva,0
2021-05-09,Finland,Moderna,3749
2021-05-09,Finland,Novavax,0
2021-05-09,Finland,Oxford/AstraZeneca,1093
2021-05-09,Finland,Pfizer/BioNTech,29060
2021-05-09,Finland,Valneva,0
2021-05-10,Finland,Moderna,3749
2021-05-10,Finland,Novavax,0
2021-05-10,Finland,Oxford/AstraZeneca,1093
2021-05-10,Finland,Pfizer/BioNTech,29060
2021-05-10,Finland,Valneva,0
2021-05-11,Finland,Moderna,3749
2021-05-11,Finland,Novavax,0
2021-05-11,Finland,Oxford/AstraZeneca,1093
2021-05-11,Finland,Pfizer/BioNTech,29060
2021-05-11,Finland,Valneva,0
2021-05-12,Finland,Moderna,3749
2021-05-12,Finland,Novavax,0
2021-05-12,Finland,Oxford/AstraZeneca,1093
2021-05-12,Finland,Pfizer/BioNTech,29060
2021-05-12,Finland,Valneva,0
2021-05-13,Finland,Moderna,3749
2021-05-13,Finland,Novavax,0
2021-05-13,Finland,Oxford/AstraZeneca,1093
2021-05-13,Finland,Pfizer/BioNTech,29060
2021-05-13,Finland,Valneva,0
2021-05-14,Finland,Moderna,4841
2021-05-14,Finland,Novavax,0
2021-05-14,Finland,Oxford/AstraZeneca,1867
2021-05-14,Finland,Pfizer/BioNTech,32823
2021-05-14,Finland,Valneva,0
2021-05-15,Finland,Moderna,4841
2021-05-15,Finland,Novavax,0
2021-05-15,Finland,Oxford/AstraZeneca,1867
2021-05-15,Finland,Pfizer/BioNTech,32823
2021-05-15,Finland,Valneva,0
2021-05-16,Finland,Moderna,4841
2021-05-16,Finland,Novavax,0
2021-05-16,Finland,Oxford/AstraZeneca,1867
2021-05-16,Finland,Pfizer/BioNTech,32823
2021-05-16,Finland,Valneva,0
2021-05-17,Finland,Moderna,4841
2021-05-17,Finland,Novavax,0
2021-05-17,Finland,Oxford/AstraZeneca,1867
2021-05-17,Finland,Pfizer/BioNTech,32823
2021-05-17,Finland,Valneva,0
2021-05-18,Finland,Moderna,4841
2021-05-18,Finland,Novavax,0
2021-05-18,Finland,Oxford/AstraZeneca,1867
2021-05-18,Finland,Pfizer/BioNTech,32823
2021-05-18,Finland,Valneva,0
2021-05-19,Finland,Moderna,4841
2021-05-19,Finland,Novavax,0
2021-05-19,Finland,Oxford/AstraZeneca,1867
2021-05-19,Finland,Pfizer/BioNTech,32823
2021-05-19,Finland,Valneva,0
2021-05-20,Finland,Moderna,4841
2021-05-20,Finland,Novavax,0
2021-05-20,Finland,Oxford/AstraZeneca,1867
2021-05-20,Finland,Pfizer/BioNTech,32823
2021-05-20,Finland,Valneva,0
2021-05-21,Finland,Moderna,5237
2021-05-21,Finland,Novavax,0
2021-05-21,Finland,Oxford/AstraZeneca,1668
2021-05-21,Finland,Pfizer/BioNTech,32200
2021-05-21,Finland,Valneva,0
2021-05-22,Finland,Moderna,5237
2021-05-22,Finland,Novavax,0
2021-05-22,Finland,Oxford/AstraZeneca,1668
2021-05-22,Finland,Pfizer/BioNTech,32200
2021-05-22,Finland,Valneva,0
2021-05-23,Finland,Moderna,5237
2021-05-23,Finland,Novavax,0
2021-05-23,Finland,Oxford/AstraZeneca,1668
2021-05-23,Finland,Pfizer/BioNTech,32200
2021-05-23,Finland,Valneva,0
2021-05-24,Finland,Moderna,5237
2021-05-24,Finland,Novavax,0
2021-05-24,Finland,Oxford/AstraZeneca,1668
2021-05-24,Finland,Pfizer/BioNTech,32200
2021-05-24,Finland,Valneva,0
2021-05-25,Finland,Moderna,5237
2021-05-25,Finland,Novavax,0
2021-05-25,Finland,Oxford/AstraZeneca,1668
2021-05-25,Finland,Pfizer/BioNTech,32200
2021-05-25,Finland,Valneva,0
2021-05-26,Finland,Moderna,5237
2021-05-26,Finland,Novavax,0
2021-05-26,Finland,Oxford/AstraZeneca,1668
2021-05-26,Finland,Pfizer/BioNTech,32200
2021-05-26,Finland,Valneva,0
2021-05-27,Finland,Moderna,5237
2021-05-27,Finland,Novavax,0
2021-05-27,Finland,Oxford/AstraZeneca,1668
2021-05-27,Finland,Pfizer/BioNTech,32200
2021-05-27,Finland,Valneva,0
2021-05-28,Finland,Moderna,5479
2021-05-28,Finland,Novavax,0
2021-05-28,Finland,Oxford/AstraZeneca,1796
2021-05-28,Finland,Pfizer/BioNTech,35559
2021-05-28,Finland,Valneva,0
2021-05-29,Finland,Moderna,5479
2021-05-29,Finland,Novavax,0
2021-05-29,Finland,Oxford/AstraZeneca,1796
2021-05-29,Finland,Pfizer/BioNTech,35559
2021-05-29,Finland,Valneva,0
2021-05-30,Finland,Moderna,5479
2021-05-30,Finland,Novavax,0
2021-05-30,Finland,Oxford/AstraZeneca,1796
2021-05-30,Finland,Pfizer/BioNTech,35559
2021-05-30,Finland,Valneva,0
2021-05-31,Finland,Moderna,5479
2021-05-31,Finland,Novavax,0
2021-05-31,Finland,Oxford/AstraZeneca,1796
2021-05-31,Finland,Pfizer/BioNTech,35559
2021-05-31,Finland,Valneva,0
2021-06-01,Finland,Moderna,5479
2021-06-01,Finland,Novavax,0
2021-06-01,Finland,Oxford/AstraZeneca,1796
2021-06-01,Finland,Pfizer/BioNTech,35559
2021-06-01,Finland,Valneva,0
2021-06-02,Finland,Moderna,5479
2021-06-02,Finland,Novavax,0
2021-06-02,Finland,Oxford/AstraZeneca,1796
2021-06-02,Finland,Pfizer/BioNTech,35559
2021-06-02,Finland,Valneva,0
2021-06-03,Finland,Moderna,5479
2021-06-03,Finland,Novavax,0
2021-06-03,Finland,Oxford/AstraZeneca,1796
2021-06-03,Finland,Pfizer/BioNTech,35559
2021-06-03,Finland,Valneva,0
2021-06-04,Finland,Moderna,4156
2021-06-04,Finland,Novavax,0
2021-06-04,Finland,Oxford/AstraZeneca,2424
2021-06-04,Finland,Pfizer/BioNTech,42712
2021-06-04,Finland,Valneva,0
2021-06-05,Finland,Moderna,4156
2021-06-05,Finland,Novavax,0
2021-06-05,Finland,Oxford/AstraZeneca,2424
2021-06-05,Finland,Pfizer/BioNTech,42712
2021-06-05,Finland,Valneva,0
2021-06-06,Finland,Moderna,4156
2021-06-06,Finland,Novavax,0
2021-06-06,Finland,Oxford/AstraZeneca,2424
2021-06-06,Finland,Pfizer/BioNTech,42712
2021-06-06,Finland,Valneva,0
2021-06-07,Finland,Moderna,4156
2021-06-07,Finland,Novavax,0
2021-06-07,Finland,Oxford/AstraZeneca,2424
2021-06-07,Finland,Pfizer/BioNTech,42712
2021-06-07,Finland,Valneva,0
2021-06-08,Finland,Moderna,4156
2021-06-08,Finland,Novavax,0
2021-06-08,Finland,Oxford/AstraZeneca,2424
2021-06-08,Finland,Pfizer/BioNTech,42712
2021-06-08,Finland,Valneva,0
2021-06-09,Finland,Moderna,4156
2021-06-09,Finland,Novavax,0
2021-06-09,Finland,Oxford/AstraZeneca,2424
2021-06-09,Finland,Pfizer/BioNTech,42712
2021-06-09,Finland,Valneva,0
2021-06-10,Finland,Moderna,4156
2021-06-10,Finland,Novavax,0
2021-06-10,Finland,Oxford/AstraZeneca,2424
2021-06-10,Finland,Pfizer/BioNTech,42712
2021-06-10,Finland,Valneva,0
2021-06-11,Finland,Moderna,4710
2021-06-11,Finland,Novavax,0
2021-06-11,Finland,Oxford/AstraZeneca,564
2021-06-11,Finland,Pfizer/BioNTech,44019
2021-06-11,Finland,Valneva,0
2021-06-12,Finland,Moderna,4710
2021-06-12,Finland,Novavax,0
2021-06-12,Finland,Oxford/AstraZeneca,564
2021-06-12,Finland,Pfizer/BioNTech,44019
2021-06-12,Finland,Valneva,0
2021-06-13,Finland,Moderna,4710
2021-06-13,Finland,Novavax,0
2021-06-13,Finland,Oxford/AstraZeneca,564
2021-06-13,Finland,Pfizer/BioNTech,44019
2021-06-13,Finland,Valneva,0
2021-06-14,Finland,Moderna,4710
2021-06-14,Finland,Novavax,0
2021-06-14,Finland,Oxford/AstraZeneca,564
2021-06-14,Finland,Pfizer/BioNTech,44019
2021-06-14,Finland,Valneva,0
2021-06-15,Finland,Moderna,4710
2021-06-15,Finland,Novavax,0
2021-06-15,Finland,Oxford/AstraZeneca,564
2021-06-15,Finland,Pfizer/BioNTech,44019
2021-06-15,Finland,Valneva,0
2021-06-16,Finland,Moderna,4710
2021-06-16,Finland,Novavax,0
2021-06-16,Finland,Oxford/AstraZeneca,564
2021-06-16,Finland,Pfizer/BioNTech,44019
2021-06-16,Finland,Valneva,0
2021-06-17,Finland,Moderna,4710
2021-06-17,Finland,Novavax,0
2021-06-17,Finland,Oxford/AstraZeneca,564
2021-06-17,Finland,Pfizer/BioNTech,44019
2021-06-17,Finland,Valneva,0
2021-06-18,Finland,Moderna,3626
2021-06-18,Finland,Novavax,0
2021-06-18,Finland,Oxford/AstraZeneca,1837
2021-06-18,Finland,Pfizer/BioNTech,32051
2021-06-18,Finland,Valneva,0
2021-06-19,Finland,Moderna,3626
2021-06-19,Finland,Novavax,0
2021-06-19,Finland,Oxford/AstraZeneca,1837
2021-06-19,Finland,Pfizer/BioNTech,32051
2021-06-19,Finland,Valneva,0
2021-06-20,Finland,Moderna,3626
2021-06-20,Finland,Novavax,0
2021-06-20,Finland,Oxford/AstraZeneca,1837
2021-06-20,Finland,Pfizer/BioNTech,32051
2021-06-20,Finland,Valneva,0
2021-06-21,Finland,Moderna,3626
2021-06-21,Finland,Novavax,0
2021-06-21,Finland,Oxford/AstraZeneca,1837
2021-06-21,Finland,Pfizer/BioNTech,32051
2021-06-21,Finland,Valneva,0
2021-06-22,Finland,Moderna,3626
2021-06-22,Finland,Novavax,0
2021-06-22,Finland,Oxford/AstraZeneca,1837
2021-06-22,Finland,Pfizer/BioNTech,32051
2021-06-22,Finland,Valneva,0
2021-06-23,Finland,Moderna,3626
2021-06-23,Finland,Novavax,0
2021-06-23,Finland,Oxford/AstraZeneca,1837
2021-06-23,Finland,Pfizer/BioNTech,32051
2021-06-23,Finland,Valneva,0
2021-06-24,Finland,Moderna,3626
2021-06-24,Finland,Novavax,0
2021-06-24,Finland,Oxford/AstraZeneca,1837
2021-06-24,Finland,Pfizer/BioNTech,32051
2021-06-24,Finland,Valneva,0
2021-06-25,Finland,Moderna,3738
2021-06-25,Finland,Novavax,0
2021-06-25,Finland,Oxford/AstraZeneca,4633
2021-06-25,Finland,Pfizer/BioNTech,38227
2021-06-25,Finland,Valneva,0
2021-06-26,Finland,Moderna,3738
2021-06-26,Finland,Novavax,0
2021-06-26,Finland,Oxford/AstraZeneca,4633
2021-06-26,Finland,Pfizer/BioNTech,38227
2021-06-26,Finland,Valneva,0
2021-06-27,Finland,Moderna,3738
2021-06-27,Finland,Novavax,0
2021-06-27,Finland,Oxford/AstraZeneca,4633
2021-06-27,Finland,Pfizer/BioNTech,38227
2021-06-27,Finland,Valneva,0
2021-06-28,Finland,Moderna,3738
2021-06-28,Finland,Novavax,0
2021-06-28,Finland,Oxford/AstraZeneca,4633
2021-06-28,Finland,Pfizer/BioNTech,38227
2021-06-28,Finland,Valneva,0
2021-06-29,Finland,Moderna,3738
2021-06-29,Finland,Novavax,0
2021-06-29,Finland,Oxford/AstraZeneca,4633
2021-06-29,Finland,Pfizer/BioNTech,38227
2021-06-29,Finland,Valneva,0
2021-06-30,Finland,Moderna,3738
2021-06-30,Finland,Novavax,0
2021-06-30,Finland,Oxford/AstraZeneca,4633
2021-06-30,Finland,Pfizer/BioNTech,38227
2021-06-30,Finland,Valneva,0
2021-07-01,Finland,Moderna,3738
2021-07-01,Finland,Novavax,0
2021-07-01,Finland,Oxford/AstraZeneca,4633
2021-07-01,Finland,Pfizer/BioNTech,38227
2021-07-01,Finland,Valneva,0
2021-07-02,Finland,Moderna,4581
2021-07-02,Finland,Novavax,0
2021-07-02,Finland,Oxford/AstraZeneca,5229
2021-07-02,Finland,Pfizer/BioNTech,35100
2021-07-02,Finland,Valneva,0
2021-07-03,Finland,Moderna,4581
2021-07-03,Finland,Novavax,0
2021-07-03,Finland,Oxford/AstraZeneca,5229
2021-07-03,Finland,Pfizer/BioNTech,35100
2021-07-03,Finland,Valneva,0
2021-07-04,Finland,Moderna,4581
2021-07-04,Finland,Novavax,0
2021-07-04,Finland,Oxford/AstraZeneca,5229
2021-07-04,Finland,Pfizer/BioNTech,35100
2021-07-04,Finland,Valneva,0
2021-07-05,Finland,Moderna,4581
2021-07-05,Finland,Novavax,0
2021-07-05,Finland,Oxford/AstraZeneca,5229
2021-07-05,Finland,Pfizer/BioNTech,35100
2021-07-05,Finland,Valneva,0
2021-07-06,Finland,Moderna,4581
2021-07-06,Finland,Novavax,0
2021-07-06,Finland,Oxford/AstraZeneca,5229
2021-07-06,Finland,Pfizer/BioNTech,35100
2021-07-06,Finland,Valneva,0
2021-07-07,Finland,Moderna,4581
2021-07-07,Finland,Novavax,0
2021-07-07,Finland,Oxford/AstraZeneca,5229
2021-07-07,Finland,Pfizer/BioNTech,35100
2021-07-07,Finland,Valneva,0
2021-07-08,Finland,Moderna,4581
2021-07-08,Finland,Novavax,0
2021-07-08,Finland,Oxford/AstraZeneca,5229
2021-07-08,Finland,Pfizer/BioNTech,35100
2021-07-08,Finland,Valneva,0
2021-07-09,Finland,Moderna,3730
2021-07-09,Finland,Novavax,0
2021-07-09,Finland,Oxford/AstraZeneca,4029
2021-07-09,Finland,Pfizer/BioNTech,30795
2021-07-09,Finland,Valneva,0
2021-07-10,Finland,Moderna,3730
2021-07-10,Finland,Novavax,0
2021-07-10,Finland,Oxford/AstraZeneca,4029
2021-07-10,Finland,Pfizer/BioNTech,30795
2021-07-10,Finland,Valneva,0
2021-07-11,Finland,Moderna,3730
2021-07-11,Finland,Novavax,0
2021-07-11,Finland,Oxford/AstraZeneca,4029
2021-07-11,Finland,Pfizer/BioNTech,30795
2021-07-11,Finland,Valneva,0
2021-07-12,Finland,Moderna,3730
2021-07-12,Finland,Novavax,0
2021-07-12,Finland,Oxford/AstraZeneca,4029
2021-07-12,Finland,Pfizer/BioNTech,30795
2021-07-12,Finland,Valneva,0
2021-07-13,Finland,Moderna,3730
2021-07-13,Finland,Novavax,0
2021-07-13,Finland,Oxford/AstraZeneca,4029
2021-07-13,Finland,Pfizer/BioNTech,30795
2021-07-13,Finland,Valneva,0
2021-07-14,Finland,Moderna,3730
2021-07-14,Finland,Novavax,0
2021-07-14,Finland,Oxford/AstraZeneca,4029
2021-07-14,Finland,Pfizer/BioNTech,30795
2021-07-14,Finland,Valneva,0
2021-07-15,Finland,Moderna,3730
2021-07-15,Finland,Novavax,0
2021-07-15,Finland,Oxford/AstraZeneca,4029
2021-07-15,Finland,Pfizer/BioNTech,30795
2021-07-15,Finland,Valneva,0
2021-07-16,Finland,Moderna,4556
2021-07-16,Finland,Novavax,0
2021-07-16,Finland,Oxford/AstraZeneca,1899
2021-07-16,Finland,Pfizer/BioNTech,32551
2021-07-16,Finland,Valneva,0
2021-07-17,Finland,Moderna,4556
2021-07-17,Finland,Novavax,0
2021-07-17,Finland,Oxford/AstraZeneca,1899
2021-07-17,Finland,Pfizer/BioNTech,32551
2021-07-17,Finland,Valneva,0
2021-07-18,Finland,Moderna,4556
2021-07-18,Finland,Novavax,0
2021-07-18,Finland,Oxford/AstraZeneca,1899
2021-07-18,Finland,Pfizer/BioNTech,32551
2021-07-18,Finland,Valneva,0
2021-07-19,Finland,Moderna,4556
2021-07-19,Finland,Novavax,0
2021-07-19,Finland,Oxford/AstraZeneca,1899
2021-07-19,Finland,Pfizer/BioNTech,32551
2021-07-19,Finland,Valneva,0
2021-07-20,Finland,Moderna,4556
2021-07-20,Finland,Novavax,0
2021-07-20,Finland,Oxford/AstraZeneca,1899
2021-07-20,Finland,Pfizer/BioNTech,32551
2021-07-20,Finland,Valneva,0
2021-07-21,Finland,Moderna,4556
2021-07-21,Finland,Novavax,0
2021-07-21,Finland,Oxford/AstraZeneca,1899
2021-07-21,Finland,Pfizer/BioNTech,32551
2021-07-21,Finland,Valneva,0
2021-07-22,Finland,Moderna,4556
2021-07-22,Finland,Novavax,0
2021-07-22,Finland,Oxford/AstraZeneca,1899
2021-07-22,Finland,Pfizer/BioNTech,32551
2021-07-22,Finland,Valneva,0
2021-07-23,Finland,Moderna,5301
2021-07-23,Finland,Novavax,0
2021-07-23,Finland,Oxford/AstraZeneca,402
2021-07-23,Finland,Pfizer/BioNTech,33459
2021-07-23,Finland,Valneva,0
2021-07-24,Finland,Moderna,5301
2021-07-24,Finland,Novavax,0
2021-07-24,Finland,Oxford/AstraZeneca,402
2021-07-24,Finland,Pfizer/BioNTech,33459
2021-07-24,Finland,Valneva,0
2021-07-25,Finland,Moderna,5301
2021-07-25,Finland,Novavax,0
2021-07-25,Finland,Oxford/AstraZeneca,402
2021-07-25,Finland,Pfizer/BioNTech,33459
2021-07-25,Finland,Valneva,0
2021-07-26,Finland,Moderna,5301
2021-07-26,Finland,Novavax,0
2021-07-26,Finland,Oxford/AstraZeneca,402
2021-07-26,Finland,Pfizer/BioNTech,33459
2021-07-26,Finland,Valneva,0
2021-07-27,Finland,Moderna,5301
2021-07-27,Finland,Novavax,0
2021-07-27,Finland,Oxford/AstraZeneca,402
2021-07-27,Finland,Pfizer/BioNTech,33459
2021-07-27,Finland,Valneva,0
2021-07-28,Finland,Moderna,5301
2021-07-28,Finland,Novavax,0
2021-07-28,Finland,Oxford/AstraZeneca,402
2021-07-28,Finland,Pfizer/BioNTech,33459
2021-07-28,Finland,Valneva,0
2021-07-29,Finland,Moderna,5301
2021-07-29,Finland,Novavax,0
2021-07-29,Finland,Oxford/AstraZeneca,402
2021-07-29,Finland,Pfizer/BioNTech,33459
2021-07-29,Finland,Valneva,0
2021-07-30,Finland,Moderna,6536
2021-07-30,Finland,Novavax,0
2021-07-30,Finland,Oxford/AstraZeneca,99
2021-07-30,Finland,Pfizer/BioNTech,31253
2021-07-30,Finland,Valneva,0
2021-07-31,Finland,Moderna,6536
2021-07-31,Finland,Novavax,0
2021-07-31,Finland,Oxford/AstraZeneca,99
2021-07-31,Finland,Pfizer/BioNTech,31253
2021-07-31,Finland,Valneva,0
2021-08-01,Finland,Moderna,6536
2021-08-01,Finland,Novavax,0
2021-08-01,Finland,Oxford/AstraZeneca,99
2021-08-01,Finland,Pfizer/BioNTech,31253
2021-08-01,Finland,Valneva,0
2021-08-02,Finland,Moderna,6536
2021-08-02,Finland,Novavax,0
2021-08-02,Finland,Oxford/AstraZeneca,99
2021-08-02,Finland,Pfizer/BioNTech,31253
2021-08-02,Finland,Valneva,0
2021-08-03,Finland,Moderna,6536
2021-08-03,Finland,Novavax,0
2021-08-03,Finland,Oxford/AstraZeneca,99
2021-08-03,Finland,Pfizer/BioNTech,31253
2021-08-03,Finland,Valneva,0
2021-08-04,Finland,Moderna,6536
2021-08-04,Finland,Novavax,0
2021-08-04,Finland,Oxford/AstraZeneca,99
2021-08-04,Finland,Pfizer/BioNTech,31253
2021-08-04,Finland,Valneva,0
2021-08-05,Finland,Moderna,6536
2021-08-05,Finland,Novavax,0
2021-08-05,Finland,Oxford/AstraZeneca,99
2021-08-05,Finland,Pfizer/BioNTech,31253
2021-08-05,Finland,Valneva,0
2021-08-06,Finland,Moderna,8921
2021-08-06,Finland,Novavax,0
2021-08-06,Finland,Oxford/AstraZeneca,17
2021-08-06,Finland,Pfizer/BioNTech,34763
2021-08-06,Finland,Valneva,0
2021-08-07,Finland,Moderna,8921
2021-08-07,Finland,Novavax,0
2021-08-07,Finland,Oxford/AstraZeneca,17
2021-08-07,Finland,Pfizer/BioNTech,34763
2021-08-07,Finland,Valneva,0
2021-08-08,Finland,Moderna,8921
2021-08-08,Finland,Novavax,0
2021-08-08,Finland,Oxford/AstraZeneca,17
2021-08-08,Finland,Pfizer/BioNTech,34763
2021-08-08,Finland,Valneva,0
2021-08-09,Finland,Moderna,8921
2021-08-09,Finland,Novavax,0
2021-08-09,Finland,Oxford/AstraZeneca,17
2021-08-09,Finland,Pfizer/BioNTech,34763
2021-08-09,Finland,Valneva,0
2021-08-10,Finland,Moderna,8921
2021-08-10,Finland,Novavax,0
2021-08-10,Finland,Oxford/AstraZeneca,17
2021-08-10,Finland,Pfizer/BioNTech,34763
2021-08-10,Finland,Valneva,0
2021-08-11,Finland,Moderna,8921
2021-08-11,Finland,Novavax,0
2021-08-11,Finland,Oxford/AstraZeneca,17
2021-08-11,Finland,Pfizer/BioNTech,34763
2021-08-11,Finland,Valneva,0
2021-08-12,Finland,Moderna,8921
2021-08-12,Finland,Novavax,0
2021-08-12,Finland,Oxford/AstraZeneca,17
2021-08-12,Finland,Pfizer/BioNTech,34763
2021-08-12,Finland,Valneva,0
2021-08-13,Finland,Moderna,9955
2021-08-13,Finland,Novavax,0
2021-08-13,Finland,Oxford/AstraZeneca,17
2021-08-13,Finland,Pfizer/BioNTech,33316
2021-08-13,Finland,Valneva,0
2021-08-14,Finland,Moderna,9955
2021-08-14,Finland,Novavax,0
2021-08-14,Finland,Oxford/AstraZeneca,17
2021-08-14,Finland,Pfizer/BioNTech,33316
2021-08-14,Finland,Valneva,0
2021-08-15,Finland,Moderna,9955
2021-08-15,Finland,Novavax,0
2021-08-15,Finland,Oxford/AstraZeneca,17
2021-08-15,Finland,Pfizer/BioNTech,33316
2021-08-15,Finland,Valneva,0
2021-08-16,Finland,Moderna,9955
2021-08-16,Finland,Novavax,0
2021-08-16,Finland,Oxford/AstraZeneca,17
2021-08-16,Finland,Pfizer/BioNTech,33316
2021-08-16,Finland,Valneva,0
2021-08-17,Finland,Moderna,9955
2021-08-17,Finland,Novavax,0
2021-08-17,Finland,Oxford/AstraZeneca,17
2021-08-17,Finland,Pfizer/BioNTech,33316
2021-08-17,Finland,Valneva,0
2021-08-18,Finland,Moderna,9955
2021-08-18,Finland,Novavax,0
2021-08-18,Finland,Oxford/AstraZeneca,17
2021-08-18,Finland,Pfizer/BioNTech,33316
2021-08-18,Finland,Valneva,0
2021-08-19,Finland,Moderna,9955
2021-08-19,Finland,Novavax,0
2021-08-19,Finland,Oxford/AstraZeneca,17
2021-08-19,Finland,Pfizer/BioNTech,33316
2021-08-19,Finland,Valneva,0
2021-08-20,Finland,Moderna,6932
2021-08-20,Finland,Novavax,0
2021-08-20,Finland,Oxford/AstraZeneca,8
2021-08-20,Finland,Pfizer/BioNTech,29428
2021-08-20,Finland,Valneva,0
2021-08-21,Finland,Moderna,6932
2021-08-21,Finland,Novavax,0
2021-08-21,Finland,Oxford/AstraZeneca,8
2021-08-21,Finland,Pfizer/BioNTech,29428
2021-08-21,Finland,Valneva,0
2021-08-22,Finland,Moderna,6932
2021-08-22,Finland,Novavax,0
2021-08-22,Finland,Oxford/AstraZeneca,8
2021-08-22,Finland,Pfizer/BioNTech,29428
2021-08-22,Finland,Valneva,0
2021-08-23,Finland,Moderna,6932
2021-08-23,Finland,Novavax,0
2021-08-23,Finland,Oxford/AstraZeneca,8
2021-08-23,Finland,Pfizer/BioNTech,29428
2021-08-23,Finland,Valneva,0
2021-08-24,Finland,Moderna,6932
2021-08-24,Finland,Novavax,0
2021-08-24,Finland,Oxford/AstraZeneca,8
2021-08-24,Finland,Pfizer/BioNTech,29428
2021-08-24,Finland,Valneva,0
2021-08-25,Finland,Moderna,6932
2021-08-25,Finland,Novavax,0
2021-08-25,Finland,Oxford/AstraZeneca,8
2021-08-25,Finland,Pfizer/BioNTech,29428
2021-08-25,Finland,Valneva,0
2021-08-26,Finland,Moderna,6932
2021-08-26,Finland,Novavax,0
2021-08-26,Finland,Oxford/AstraZeneca,8
2021-08-26,Finland,Pfizer/BioNTech,29428
2021-08-26,Finland,Valneva,0
2021-08-27,Finland,Moderna,5124
2021-08-27,Finland,Novavax,0
2021-08-27,Finland,Oxford/AstraZeneca,4
2021-08-27,Finland,Pfizer/BioNTech,28552
2021-08-27,Finland,Valneva,0
2021-08-28,Finland,Moderna,5124
2021-08-28,Finland,Novavax,0
2021-08-28,Finland,Oxford/AstraZeneca,4
2021-08-28,Finland,Pfizer/BioNTech,28552
2021-08-28,Finland,Valneva,0
2021-08-29,Finland,Moderna,5124
2021-08-29,Finland,Novavax,0
2021-08-29,Finland,Oxford/AstraZeneca,4
2021-08-29,Finland,Pfizer/BioNTech,28552
2021-08-29,Finland,Valneva,0
2021-08-30,Finland,Moderna,5124
2021-08-30,Finland,Novavax,0
2021-08-30,Finland,Oxford/AstraZeneca,4
2021-08-30,Finland,Pfizer/BioNTech,28552
2021-08-30,Finland,Valneva,0
2021-08-31,Finland,Moderna,5124
2021-08-31,Finland,Novavax,0
2021-08-31,Finland,Oxford/AstraZeneca,4
2021-08-31,Finland,Pfizer/BioNTech,28552
2021-08-31,Finland,Valneva,0
2021-09-01,Finland,Moderna,5124
2021-09-01,Finland,Novavax,0
2021-09-01,Finland,Oxford/AstraZeneca,4
2021-09-01,Finland,Pfizer/BioNTech,28552
2021-09-01,Finland,Valneva,0
2021-09-02,Finland,Moderna,5124
2021-09-02,Finland,Novavax,0
2021-09-02,Finland,Oxford/AstraZeneca,4
2021-09-02,Finland,Pfizer/BioNTech,28552
2021-09-02,Finland,Valneva,0
2021-09-03,Finland,Moderna,4842
2021-09-03,Finland,Novavax,0
2021-09-03,Finland,Oxford/AstraZeneca,4
2021-09-03,Finland,Pfizer/BioNTech,24173
2021-09-03,Finland,Valneva,0
2021-09-04,Finland,Moderna,4842
2021-09-04,Finland,Novavax,0
2021-09-04,Finland,Oxford/AstraZeneca,4
2021-09-04,Finland,Pfizer/BioNTech,24173
2021-09-04,Finland,Valneva,0
2021-09-05,Finland,Moderna,4842
2021-09-05,Finland,Novavax,0
2021-09-05,Finland,Oxford/AstraZeneca,4
2021-09-05,Finland,Pfizer/BioNTech,24173
2021-09-05,Finland,Valneva,0
2021-09-06,Finland,Moderna,4842
2021-09-06,Finland,Novavax,0
2021-09-06,Finland,Oxford/AstraZeneca,4
2021-09-06,Finland,Pfizer/BioNTech,24173
2021-09-06,Finland,Valneva,0
2021-09-07,Finland,Moderna,4842
2021-09-07,Finland,Novavax,0
2021-09-07,Finland,Oxford/AstraZeneca,4
2021-09-07,Finland,Pfizer/BioNTech,24173
2021-09-07,Finland,Valneva,0
2021-09-08,Finland,Moderna,4842
2021-09-08,Finland,Novavax,0
2021-09-08,Finland,Oxford/AstraZeneca,4
2021-09-08,Finland,Pfizer/BioNTech,24173
2021-09-08,Finland,Valneva,0
2021-09-09,Finland,Moderna,4842
2021-09-09,Finland,Novavax,0
2021-09-09,Finland,Oxford/AstraZeneca,4
2021-09-09,Finland,Pfizer/BioNTech,24173
2021-09-09,Finland,Valneva,0
2021-09-10,Finland,Moderna,4510
2021-09-10,Finland,Novavax,0
2021-09-10,Finland,Oxford/AstraZeneca,3
2021-09-10,Finland,Pfizer/BioNTech,16442
2021-09-10,Finland,Valneva,0
2021-09-11,Finland,Moderna,4510
2021-09-11,Finland,Novavax,0
2021-09-11,Finland,Oxford/AstraZeneca,3
2021-09-11,Finland,Pfizer/BioNTech,16442
2021-09-11,Finland,Valneva,0
2021-09-12,Finland,Moderna,4510
2021-09-12,Finland,Novavax,0
2021-09-12,Finland,Oxford/AstraZeneca,3
2021-09-12,Finland,Pfizer/BioNTech,16442
2021-09-12,Finland,Valneva,0
2021-09-13,Finland,Moderna,4510
2021-09-13,Finland,Novavax,0
2021-09-13,Finland,Oxford/AstraZeneca,3
2021-09-13,Finland,Pfizer/BioNTech,16442
2021-09-13,Finland,Valneva,0
2021-09-14,Finland,Moderna,4510
2021-09-14,Finland,Novavax,0
2021-09-14,Finland,Oxford/AstraZeneca,3
2021-09-14,Finland,Pfizer/BioNTech,16442
2021-09-14,Finland,Valneva,0
2021-09-15,Finland,Moderna,4510
2021-09-15,Finland,Novavax,0
2021-09-15,Finland,Oxford/AstraZeneca,3
2021-09-15,Finland,Pfizer/BioNTech,16442
2021-09-15,Finland,Valneva,0
2021-09-16,Finland,Moderna,4510
2021-09-16,Finland,Novavax,0
2021-09-16,Finland,Oxford/AstraZeneca,3
2021-09-16,Finland,Pfizer/BioNTech,16442
2021-09-16,Finland,Valneva,0
2021-09-17,Finland,Moderna,6269
2021-09-17,Finland,Novavax,0
2021-09-17,Finland,Oxford/AstraZeneca,4
2021-09-17,Finland,Pfizer/BioNTech,16737
2021-09-17,Finland,Valneva,0
2021-09-18,Finland,Moderna,6269
2021-09-18,Finland,Novavax,0
2021-09-18,Finland,Oxford/AstraZeneca,4
2021-09-18,Finland,Pfizer/BioNTech,16737
2021-09-18,Finland,Valneva,0
2021-09-19,Finland,Moderna,6269
2021-09-19,Finland,Novavax,0
2021-09-19,Finland,Oxford/AstraZeneca,4
2021-09-19,Finland,Pfizer/BioNTech,16737
2021-09-19,Finland,Valneva,0
2021-09-20,Finland,Moderna,6269
2021-09-20,Finland,Novavax,0
2021-09-20,Finland,Oxford/AstraZeneca,4
2021-09-20,Finland,Pfizer/BioNTech,16737
2021-09-20,Finland,Valneva,0
2021-09-21,Finland,Moderna,6269
2021-09-21,Finland,Novavax,0
2021-09-21,Finland,Oxford/AstraZeneca,4
2021-09-21,Finland,Pfizer/BioNTech,16737
2021-09-21,Finland,Valneva,0
2021-09-22,Finland,Moderna,6269
2021-09-22,Finland,Novavax,0
2021-09-22,Finland,Oxford/AstraZeneca,4
2021-09-22,Finland,Pfizer/BioNTech,16737
2021-09-22,Finland,Valneva,0
2021-09-23,Finland,Moderna,6269
2021-09-23,Finland,Novavax,0
2021-09-23,Finland,Oxford/AstraZeneca,4
2021-09-23,Finland,Pfizer/BioNTech,16737
2021-09-23,Finland,Valneva,0
2021-09-24,Finland,Moderna,5712
2021-09-24,Finland,Novavax,0
2021-09-24,Finland,Oxford/AstraZeneca,6
2021-09-24,Finland,Pfizer/BioNTech,16968
2021-09-24,Finland,Valneva,0
2021-09-25,Finland,Moderna,5712
2021-09-25,Finland,Novavax,0
2021-09-25,Finland,Oxford/AstraZeneca,6
2021-09-25,Finland,Pfizer/BioNTech,16968
2021-09-25,Finland,Valneva,0
2021-09-26,Finland,Moderna,5712
2021-09-26,Finland,Novavax,0
2021-09-26,Finland,Oxford/AstraZeneca,6
2021-09-26,Finland,Pfizer/BioNTech,16968
2021-09-26,Finland,Valneva,0
2021-09-27,Finland,Moderna,5712
2021-09-27,Finland,Novavax,0
2021-09-27,Finland,Oxford/AstraZeneca,6
2021-09-27,Finland,Pfizer/BioNTech,16968
2021-09-27,Finland,Valneva,0
2021-09-28,Finland,Moderna,5712
2021-09-28,Finland,Novavax,0
2021-09-28,Finland,Oxford/AstraZeneca,6
2021-09-28,Finland,Pfizer/BioNTech,16968
2021-09-28,Finland,Valneva,0
2021-09-29,Finland,Moderna,5712
2021-09-29,Finland,Novavax,0
2021-09-29,Finland,Oxford/AstraZeneca,6
2021-09-29,Finland,Pfizer/BioNTech,16968
2021-09-29,Finland,Valneva,0
2021-09-30,Finland,Moderna,5712
2021-09-30,Finland,Novavax,0
2021-09-30,Finland,Oxford/AstraZeneca,6
2021-09-30,Finland,Pfizer/BioNTech,16968
2021-09-30,Finland,Valneva,0
2021-10-01,Finland,Moderna,4477
2021-10-01,Finland,Novavax,0
2021-10-01,Finland,Oxford/AstraZeneca,4
2021-10-01,Finland,Pfizer/BioNTech,15393
2021-10-01,Finland,Valneva,0
2021-10-02,Finland,Moderna,4477
2021-10-02,Finland,Novavax,0
2021-10-02,Finland,Oxford/AstraZeneca,4
2021-10-02,Finland,Pfizer/BioNTech,15393
2021-10-02,Finland,Valneva,0
2021-10-03,Finland,Moderna,4477
2021-10-03,Finland,Novavax,0
2021-10-03,Finland,Oxford/AstraZeneca,4
2021-10-03,Finland,Pfizer/BioNTech,15393
2021-10-03,Finland,Valneva,0
2021-10-04,Finland,Moderna,4477
2021-10-04,Finland,Novavax,0
2021-10-04,Finland,Oxford/AstraZeneca,4
2021-10-04,Finland,Pfizer/BioNTech,15393
2021-10-04,Finland,Valneva,0
2021-10-05,Finland,Moderna,4477
2021-10-05,Finland,Novavax,0
2021-10-05,Finland,Oxford/AstraZeneca,4
2021-10-05,Finland,Pfizer/BioNTech,15393
2021-10-05,Finland,Valneva,0
2021-10-06,Finland,Moderna,4477
2021-10-06,Finland,Novavax,0
2021-10-06,Finland,Oxford/AstraZeneca,4
2021-10-06,Finland,Pfizer/BioNTech,15393
2021-10-06,Finland,Valneva,0
2021-10-07,Finland,Moderna,4477
2021-10-07,Finland,Novavax,0
2021-10-07,Finland,Oxford/AstraZeneca,4
2021-10-07,Finland,Pfizer/BioNTech,15393
2021-10-07,Finland,Valneva,0
2021-10-08,Finland,Moderna,2598
2021-10-08,Finland,Novavax,0
2021-10-08,Finland,Oxford/AstraZeneca,3
2021-10-08,Finland,Pfizer/BioNTech,16706
2021-10-08,Finland,Valneva,0
2021-10-09,Finland,Moderna,2598
2021-10-09,Finland,Novavax,0
2021-10-09,Finland,Oxford/AstraZeneca,3
2021-10-09,Finland,Pfizer/BioNTech,16706
2021-10-09,Finland,Valneva,0
2021-10-10,Finland,Moderna,2598
2021-10-10,Finland,Novavax,0
2021-10-10,Finland,Oxford/AstraZeneca,3
2021-10-10,Finland,Pfizer/BioNTech,16706
2021-10-10,Finland,Valneva,0
2021-10-11,Finland,Moderna,2598
2021-10-11,Finland,Novavax,0
2021-10-11,Finland,Oxford/AstraZeneca,3
2021-10-11,Finland,Pfizer/BioNTech,16706
2021-10-11,Finland,Valneva,0
2021-10-12,Finland,Moderna,2598
2021-10-12,Finland,Novavax,0
2021-10-12,Finland,Oxford/AstraZeneca,3
2021-10-12,Finland,Pfizer/BioNTech,16706
2021-10-12,Finland,Valneva,0
2021-10-13,Finland,Moderna,2598
2021-10-13,Finland,Novavax,0
2021-10-13,Finland,Oxford/AstraZeneca,3
2021-10-13,Finland,Pfizer/BioNTech,16706
2021-10-13,Finland,Valneva,0
2021-10-14,Finland,Moderna,2598
2021-10-14,Finland,Novavax,0
2021-10-14,Finland,Oxford/AstraZeneca,3
2021-10-14,Finland,Pfizer/BioNTech,16706
2021-10-14,Finland,Valneva,0
2021-10-15,Finland,Moderna,2193
2021-10-15,Finland,Novavax,0
2021-10-15,Finland,Oxford/AstraZeneca,4
2021-10-15,Finland,Pfizer/BioNTech,13831
2021-10-15,Finland,Valneva,0
2021-10-16,Finland,Moderna,2193
2021-10-16,Finland,Novavax,0
2021-10-16,Finland,Oxford/AstraZeneca,4
2021-10-16,Finland,Pfizer/BioNTech,13831
2021-10-16,Finland,Valneva,0
2021-10-17,Finland,Moderna,2193
2021-10-17,Finland,Novavax,0
2021-10-17,Finland,Oxford/AstraZeneca,4
2021-10-17,Finland,Pfizer/BioNTech,13831
2021-10-17,Finland,Valneva,0
2021-10-18,Finland,Moderna,2193
2021-10-18,Finland,Novavax,0
2021-10-18,Finland,Oxford/AstraZeneca,4
2021-10-18,Finland,Pfizer/BioNTech,13831
2021-10-18,Finland,Valneva,0
2021-10-19,Finland,Moderna,2193
2021-10-19,Finland,Novavax,0
2021-10-19,Finland,Oxford/AstraZeneca,4
2021-10-19,Finland,Pfizer/BioNTech,13831
2021-10-19,Finland,Valneva,0
2021-10-20,Finland,Moderna,2193
2021-10-20,Finland,Novavax,0
2021-10-20,Finland,Oxford/AstraZeneca,4
2021-10-20,Finland,Pfizer/BioNTech,13831
2021-10-20,Finland,Valneva,0
2021-10-21,Finland,Moderna,2193
2021-10-21,Finland,Novavax,0
2021-10-21,Finland,Oxford/AstraZeneca,4
2021-10-21,Finland,Pfizer/BioNTech,13831
2021-10-21,Finland,Valneva,0
2021-10-22,Finland,Moderna,2487
2021-10-22,Finland,Novavax,0
2021-10-22,Finland,Oxford/AstraZeneca,1
2021-10-22,Finland,Pfizer/BioNTech,14254
2021-10-22,Finland,Valneva,0
2021-10-23,Finland,Moderna,2487
2021-10-23,Finland,Novavax,0
2021-10-23,Finland,Oxford/AstraZeneca,1
2021-10-23,Finland,Pfizer/BioNTech,14254
2021-10-23,Finland,Valneva,0
2021-10-24,Finland,Moderna,2487
2021-10-24,Finland,Novavax,0
2021-10-24,Finland,Oxford/AstraZeneca,1
2021-10-24,Finland,Pfizer/BioNTech,14254
2021-10-24,Finland,Valneva,0
2021-10-25,Finland,Moderna,2487
2021-10-25,Finland,Novavax,0
2021-10-25,Finland,Oxford/AstraZeneca,1
2021-10-25,Finland,Pfizer/BioNTech,14254
2021-10-25,Finland,Valneva,0
2021-10-26,Finland,Moderna,2487
2021-10-26,Finland,Novavax,0
2021-10-26,Finland,Oxford/AstraZeneca,1
2021-10-26,Finland,Pfizer/BioNTech,14254
2021-10-26,Finland,Valneva,0
2021-10-27,Finland,Moderna,2487
2021-10-27,Finland,Novavax,0
2021-10-27,Finland,Oxford/AstraZeneca,1
2021-10-27,Finland,Pfizer/BioNTech,14254
2021-10-27,Finland,Valneva,0
2021-10-28,Finland,Moderna,2487
2021-10-28,Finland,Novavax,0
2021-10-28,Finland,Oxford/AstraZeneca,1
2021-10-28,Finland,Pfizer/BioNTech,14254
2021-10-28,Finland,Valneva,0
2021-10-29,Finland,Moderna,1777
2021-10-29,Finland,Novavax,0
2021-10-29,Finland,Oxford/AstraZeneca,3
2021-10-29,Finland,Pfizer/BioNTech,10977
2021-10-29,Finland,Valneva,0
2021-10-30,Finland,Moderna,1777
2021-10-30,Finland,Novavax,0
2021-10-30,Finland,Oxford/AstraZeneca,3
2021-10-30,Finland,Pfizer/BioNTech,10977
2021-10-30,Finland,Valneva,0
2021-10-31,Finland,Moderna,1777
2021-10-31,Finland,Novavax,0
2021-10-31,Finland,Oxford/AstraZeneca,3
2021-10-31,Finland,Pfizer/BioNTech,10977
2021-10-31,Finland,Valneva,0
2021-11-01,Finland,Moderna,1777
2021-11-01,Finland,Novavax,0
2021-11-01,Finland,Oxford/AstraZeneca,3
2021-11-01,Finland,Pfizer/BioNTech,10977
2021-11-01,Finland,Valneva,0
2021-11-02,Finland,Moderna,1777
2021-11-02,Finland,Novavax,0
2021-11-02,Finland,Oxford/AstraZeneca,3
2021-11-02,Finland,Pfizer/BioNTech,10977
2021-11-02,Finland,Valneva,0
2021-11-03,Finland,Moderna,1777
2021-11-03,Finland,Novavax,0
2021-11-03,Finland,Oxford/AstraZeneca,3
2021-11-03,Finland,Pfizer/BioNTech,10977
2021-11-03,Finland,Valneva,0
2021-11-04,Finland,Moderna,1777
2021-11-04,Finland,Novavax,0
2021-11-04,Finland,Oxford/AstraZeneca,3
2021-11-04,Finland,Pfizer/BioNTech,10977
2021-11-04,Finland,Valneva,0
2021-11-05,Finland,Moderna,1575
2021-11-05,Finland,Novavax,0
2021-11-05,Finland,Oxford/AstraZeneca,1
2021-11-05,Finland,Pfizer/BioNTech,10980
2021-11-05,Finland,Valneva,0
2021-11-06,Finland,Moderna,1575
2021-11-06,Finland,Novavax,0
2021-11-06,Finland,Oxford/AstraZeneca,1
2021-11-06,Finland,Pfizer/BioNTech,10980
2021-11-06,Finland,Valneva,0
2021-11-07,Finland,Moderna,1575
2021-11-07,Finland,Novavax,0
2021-11-07,Finland,Oxford/AstraZeneca,1
2021-11-07,Finland,Pfizer/BioNTech,10980
2021-11-07,Finland,Valneva,0
2021-11-08,Finland,Moderna,1575
2021-11-08,Finland,Novavax,0
2021-11-08,Finland,Oxford/AstraZeneca,1
2021-11-08,Finland,Pfizer/BioNTech,10980
2021-11-08,Finland,Valneva,0
2021-11-09,Finland,Moderna,1575
2021-11-09,Finland,Novavax,0
2021-11-09,Finland,Oxford/AstraZeneca,1
2021-11-09,Finland,Pfizer/BioNTech,10980
2021-11-09,Finland,Valneva,0
2021-11-10,Finland,Moderna,1575
2021-11-10,Finland,Novavax,0
2021-11-10,Finland,Oxford/AstraZeneca,1
2021-11-10,Finland,Pfizer/BioNTech,10980
2021-11-10,Finland,Valneva,0
2021-11-11,Finland,Moderna,1575
2021-11-11,Finland,Novavax,0
2021-11-11,Finland,Oxford/AstraZeneca,1
2021-11-11,Finland,Pfizer/BioNTech,10980
2021-11-11,Finland,Valneva,0
2021-11-12,Finland,Moderna,1487
2021-11-12,Finland,Novavax,0
2021-11-12,Finland,Oxford/AstraZeneca,5
2021-11-12,Finland,Pfizer/BioNTech,12666
2021-11-12,Finland,Valneva,0
2021-11-13,Finland,Moderna,1487
2021-11-13,Finland,Novavax,0
2021-11-13,Finland,Oxford/AstraZeneca,5
2021-11-13,Finland,Pfizer/BioNTech,12666
2021-11-13,Finland,Valneva,0
2021-11-14,Finland,Moderna,1487
2021-11-14,Finland,Novavax,0
2021-11-14,Finland,Oxford/AstraZeneca,5
2021-11-14,Finland,Pfizer/BioNTech,12666
2021-11-14,Finland,Valneva,0
2021-11-15,Finland,Moderna,1487
2021-11-15,Finland,Novavax,0
2021-11-15,Finland,Oxford/AstraZeneca,5
2021-11-15,Finland,Pfizer/BioNTech,12666
2021-11-15,Finland,Valneva,0
2021-11-16,Finland,Moderna,1487
2021-11-16,Finland,Novavax,0
2021-11-16,Finland,Oxford/AstraZeneca,5
2021-11-16,Finland,Pfizer/BioNTech,12666
2021-11-16,Finland,Valneva,0
2021-11-17,Finland,Moderna,1487
2021-11-17,Finland,Novavax,0
2021-11-17,Finland,Oxford/AstraZeneca,5
2021-11-17,Finland,Pfizer/BioNTech,12666
2021-11-17,Finland,Valneva,0
2021-11-18,Finland,Moderna,1487
2021-11-18,Finland,Novavax,0
2021-11-18,Finland,Oxford/AstraZeneca,5
2021-11-18,Finland,Pfizer/BioNTech,12666
2021-11-18,Finland,Valneva,0
2021-11-19,Finland,Moderna,1487
2021-11-19,Finland,Novavax,0
2021-11-19,Finland,Oxford/AstraZeneca,8
2021-11-19,Finland,Pfizer/BioNTech,15835
2021-11-19,Finland,Valneva,0
2021-11-20,Finland,Moderna,1487
2021-11-20,Finland,Novavax,0
2021-11-20,Finland,Oxford/AstraZeneca,8
2021-11-20,Finland,Pfizer/BioNTech,15835
2021-11-20,Finland,Valneva,0
2021-11-21,Finland,Moderna,1487
2021-11-21,Finland,Novavax,0
2021-11-21,Finland,Oxford/AstraZeneca,8
2021-11-21,Finland,Pfizer/BioNTech,15835
2021-11-21,Finland,Valneva,0
2021-11-22,Finland,Moderna,1487
2021-11-22,Finland,Novavax,0
2021-11-22,Finland,Oxford/AstraZeneca,8
2021-11-22,Finland,Pfizer/BioNTech,15835
2021-11-22,Finland,Valneva,0
2021-11-23,Finland,Moderna,1487
2021-11-23,Finland,Novavax,0
2021-11-23,Finland,Oxford/AstraZeneca,8
2021-11-23,Finland,Pfizer/BioNTech,15835
2021-11-23,Finland,Valneva,0
2021-11-24,Finland,Moderna,1487
2021-11-24,Finland,Novavax,0
2021-11-24,Finland,Oxford/AstraZeneca,8
2021-11-24,Finland,Pfizer/BioNTech,15835
2021-11-24,Finland,Valneva,0
2021-11-25,Finland,Moderna,1487
2021-11-25,Finland,Novavax,0
2021-11-25,Finland,Oxford/AstraZeneca,8
2021-11-25,Finland,Pfizer/BioNTech,15835
2021-11-25,Finland,Valneva,0
2021-11-26,Finland,Moderna,2024
2021-11-26,Finland,Novavax,0
2021-11-26,Finland,Oxford/AstraZeneca,0
2021-11-26,Finland,Pfizer/BioNTech,20689
2021-11-26,Finland,Valneva,0
2021-11-27,Finland,Moderna,2024
2021-11-27,Finland,Novavax,0
2021-11-27,Finland,Oxford/AstraZeneca,0
2021-11-27,Finland,Pfizer/BioNTech,20689
2021-11-27,Finland,Valneva,0
2021-11-28,Finland,Moderna,2024
2021-11-28,Finland,Novavax,0
2021-11-28,Finland,Oxford/AstraZeneca,0
2021-11-28,Finland,Pfizer/BioNTech,20689
2021-11-28,Finland,Valneva,0
2021-11-29,Finland,Moderna,2024
2021-11-29,Finland,Novavax,0
2021-11-29,Finland,Oxford/AstraZeneca,0
2021-11-29,Finland,Pfizer/BioNTech,20689
2021-11-29,Finland,Valneva,0
2021-11-30,Finland,Moderna,2024
2021-11-30,Finland,Novavax,0
2021-11-30,Finland,Oxford/AstraZeneca,0
2021-11-30,Finland,Pfizer/BioNTech,20689
2021-11-30,Finland,Valneva,0
2021-12-01,Finland,Moderna,2024
2021-12-01,Finland,Novavax,0
2021-12-01,Finland,Oxford/AstraZeneca,0
2021-12-01,Finland,Pfizer/BioNTech,20689
2021-12-01,Finland,Valneva,0
2021-12-02,Finland,Moderna,2024
2021-12-02,Finland,Novavax,0
2021-12-02,Finland,Oxford/AstraZeneca,0
2021-12-02,Finland,Pfizer/BioNTech,20689
2021-12-02,Finland,Valneva,0
2021-12-03,Finland,Moderna,2773
2021-12-03,Finland,Novavax,0
2021-12-03,Finland,Oxford/AstraZeneca,0
2021-12-03,Finland,Pfizer/BioNTech,25283
2021-12-03,Finland,Valneva,0
2021-12-04,Finland,Moderna,2773
2021-12-04,Finland,Novavax,0
2021-12-04,Finland,Oxford/AstraZeneca,0
2021-12-04,Finland,Pfizer/BioNTech,25283
2021-12-04,Finland,Valneva,0
2021-12-05,Finland,Moderna,2773
2021-12-05,Finland,Novavax,0
2021-12-05,Finland,Oxford/AstraZeneca,0
2021-12-05,Finland,Pfizer/BioNTech,25283
2021-12-05,Finland,Valneva,0
2021-12-06,Finland,Moderna,2773
2021-12-06,Finland,Novavax,0
2021-12-06,Finland,Oxford/AstraZeneca,0
2021-12-06,Finland,Pfizer/BioNTech,25283
2021-12-06,Finland,Valneva,0
2021-12-07,Finland,Moderna,2773
2021-12-07,Finland,Novavax,0
2021-12-07,Finland,Oxford/AstraZeneca,0
2021-12-07,Finland,Pfizer/BioNTech,25283
2021-12-07,Finland,Valneva,0
2021-12-08,Finland,Moderna,2773
2021-12-08,Finland,Novavax,0
2021-12-08,Finland,Oxford/AstraZeneca,0
2021-12-08,Finland,Pfizer/BioNTech,25283
2021-12-08,Finland,Valneva,0
2021-12-09,Finland,Moderna,2773
2021-12-09,Finland,Novavax,0
2021-12-09,Finland,Oxford/AstraZeneca,0
2021-12-09,Finland,Pfizer/BioNTech,25283
2021-12-09,Finland,Valneva,0
2021-12-10,Finland,Moderna,5958
2021-12-10,Finland,Novavax,0
2021-12-10,Finland,Oxford/AstraZeneca,0
2021-12-10,Finland,Pfizer/BioNTech,37186
2021-12-10,Finland,Valneva,0
2021-12-11,Finland,Moderna,5958
2021-12-11,Finland,Novavax,0
2021-12-11,Finland,Oxford/AstraZeneca,0
2021-12-11,Finland,Pfizer/BioNTech,37186
2021-12-11,Finland,Valneva,0
2021-12-12,Finland,Moderna,5958
2021-12-12,Finland,Novavax,0
2021-12-12,Finland,Oxford/AstraZeneca,0
2021-12-12,Finland,Pfizer/BioNTech,37186
2021-12-12,Finland,Valneva,0
2021-12-13,Finland,Moderna,5958
2021-12-13,Finland,Novavax,0
2021-12-13,Finland,Oxford/AstraZeneca,0
2021-12-13,Finland,Pfizer/BioNTech,37186
2021-12-13,Finland,Valneva,0
2021-12-14,Finland,Moderna,5958
2021-12-14,Finland,Novavax,0
2021-12-14,Finland,Oxford/AstraZeneca,0
2021-12-14,Finland,Pfizer/BioNTech,37186
2021-12-14,Finland,Valneva,0
2021-12-15,Finland,Moderna,5958
2021-12-15,Finland,Novavax,0
2021-12-15,Finland,Oxford/AstraZeneca,0
2021-12-15,Finland,Pfizer/BioNTech,37186
2021-12-15,Finland,Valneva,0
2021-12-16,Finland,Moderna,5958
2021-12-16,Finland,Novavax,0
2021-12-16,Finland,Oxford/AstraZeneca,0
2021-12-16,Finland,Pfizer/BioNTech,37186
2021-12-16,Finland,Valneva,0
2021-12-17,Finland,Moderna,6654
2021-12-17,Finland,Novavax,0
2021-12-17,Finland,Oxford/AstraZeneca,0
2021-12-17,Finland,Pfizer/BioNTech,25519
2021-12-17,Finland,Valneva,0
2021-12-18,Finland,Moderna,6654
2021-12-18,Finland,Novavax,0
2021-12-18,Finland,Oxford/AstraZeneca,0
2021-12-18,Finland,Pfizer/BioNTech,25519
2021-12-18,Finland,Valneva,0
2021-12-19,Finland,Moderna,6654
2021-12-19,Finland,Novavax,0
2021-12-19,Finland,Oxford/AstraZeneca,0
2021-12-19,Finland,Pfizer/BioNTech,25519
2021-12-19,Finland,Valneva,0
2021-12-20,Finland,Moderna,6654
2021-12-20,Finland,Novavax,0
2021-12-20,Finland,Oxford/AstraZeneca,0
2021-12-20,Finland,Pfizer/BioNTech,25519
2021-12-20,Finland,Valneva,0
2021-12-21,Finland,Moderna,6654
2021-12-21,Finland,Novavax,0
2021-12-21,Finland,Oxford/AstraZeneca,0
2021-12-21,Finland,Pfizer/BioNTech,25519
2021-12-21,Finland,Valneva,0
2021-12-22,Finland,Moderna,6654
2021-12-22,Finland,Novavax,0
2021-12-22,Finland,Oxford/AstraZeneca,0
2021-12-22,Finland,Pfizer/BioNTech,25519
2021-12-22,Finland,Valneva,0
2021-12-23,Finland,Moderna,6654
2021-12-23,Finland,Novavax,0
2021-12-23,Finland,Oxford/AstraZeneca,0
2021-12-23,Finland,Pfizer/BioNTech,25519
2021-12-23,Finland,Valneva,0
2021-12-24,Finland,Moderna,14136
2021-12-24,Finland,Novavax,0
2021-12-24,Finland,Oxford/AstraZeneca,0
2021-12-24,Finland,Pfizer/BioNTech,28087
2021-12-24,Finland,Valneva,0
2021-12-25,Finland,Moderna,14136
2021-12-25,Finland,Novavax,0
2021-12-25,Finland,Oxford/AstraZeneca,0
2021-12-25,Finland,Pfizer/BioNTech,28087
2021-12-25,Finland,Valneva,0
2021-12-26,Finland,Moderna,14136
2021-12-26,Finland,Novavax,0
2021-12-26,Finland,Oxford/AstraZeneca,0
2021-12-26,Finland,Pfizer/BioNTech,28087
2021-12-26,Finland,Valneva,0
2021-12-27,Finland,Moderna,14136
2021-12-27,Finland,Novavax,0
2021-12-27,Finland,Oxford/AstraZeneca,0
2021-12-27,Finland,Pfizer/BioNTech,28087
2021-12-27,Finland,Valneva,0
2021-12-28,Finland,Moderna,14136
2021-12-28,Finland,Novavax,0
2021-12-28,Finland,Oxford/AstraZeneca,0
2021-12-28,Finland,Pfizer/BioNTech,28087
2021-12-28,Finland,Valneva,0
2021-12-29,Finland,Moderna,14136
2021-12-29,Finland,Novavax,0
2021-12-29,Finland,Oxford/AstraZeneca,0
2021-12-29,Finland,Pfizer/BioNTech,28087
2021-12-29,Finland,Valneva,0
2021-12-30,Finland,Moderna,14136
2021-12-30,Finland,Novavax,0
2021-12-30,Finland,Oxford/AstraZeneca,0
2021-12-30,Finland,Pfizer/BioNTech,28087
2021-12-30,Finland,Valneva,0
2021-12-31,Finland,Moderna,18830
2021-12-31,Finland,Novavax,0
2021-12-31,Finland,Oxford/AstraZeneca,0
2021-12-31,Finland,Pfizer/BioNTech,38666
2021-12-31,Finland,Valneva,0
