date,location,vaccine,total_vaccinations
2021-01-01,Germany,Moderna,1
2021-01-01,Germany,Oxford/AstraZeneca,0
2021-01-01,Germany,Pfizer/BioNTech,47832
2021-01-02,Germany,Moderna,7
2021-01-02,Germany,Oxford/AstraZeneca,0
2021-01-02,Germany,Pfizer/BioNTech,22607
2021-01-03,Germany,Moderna,11
2021-01-03,Germany,Oxford/AstraZeneca,0
2021-01-03,Germany,Pfizer/BioNTech,46332
2021-01-04,Germany,Moderna,4
2021-01-04,Germany,Oxford/AstraZeneca,1
2021-01-04,Germany,Pfizer/BioNTech,52518
2021-01-05,Germany,Moderna,7
2021-01-05,Germany,Oxford/AstraZeneca,1
2021-01-05,Germany,Pfizer/BioNTech,63119
2021-01-06,Germany,Moderna,8
2021-01-06,Germany,Oxford/AstraZeneca,3
2021-01-06,Germany,Pfizer/BioNTech,54909
2021-01-07,Germany,Moderna,53
2021-01-07,Germany,Oxford/AstraZeneca,3
2021-01-07,Germany,Pfizer/BioNTech,62850
2021-01-08,Germany,Moderna,8
2021-01-08,Germany,Oxford/AstraZeneca,0
2021-01-08,Germany,Pfizer/BioNTech,60596
2021-01-09,Germany,Moderna,10
2021-01-09,Germany,Oxford/AstraZeneca,0
2021-01-09,Germany,Pfizer/BioNTech,35846
2021-01-10,Germany,Moderna,10
2021-01-10,Germany,Oxford/AstraZeneca,3
2021-01-10,Germany,Pfizer/BioNTech,68790
2021-01-11,Germany,Moderna,21
2021-01-11,Germany,Oxford/AstraZeneca,3
2021-01-11,Germany,Pfizer/BioNTech,79340
2021-01-12,Germany,Moderna,1183
2021-01-12,Germany,Oxford/AstraZeneca,1
2021-01-12,Germany,Pfizer/BioNTech,111295
2021-01-13,Germany,Moderna,5122
2021-01-13,Germany,Oxford/AstraZeneca,1
2021-01-13,Germany,Pfizer/BioNTech,79055
2021-01-14,Germany,Moderna,5286
2021-01-14,Germany,Oxford/AstraZeneca,19
2021-01-14,Germany,Pfizer/BioNTech,86635
2021-01-15,Germany,Moderna,1694
2021-01-15,Germany,Oxford/AstraZeneca,1
2021-01-15,Germany,Pfizer/BioNTech,56429
2021-01-16,Germany,Moderna,1265
2021-01-16,Germany,Oxford/AstraZeneca,1
2021-01-16,Germany,Pfizer/BioNTech,46587
2021-01-17,Germany,Moderna,4263
2021-01-17,Germany,Oxford/AstraZeneca,3
2021-01-17,Germany,Pfizer/BioNTech,79061
2021-01-18,Germany,Moderna,3769
2021-01-18,Germany,Oxford/AstraZeneca,51
2021-01-18,Germany,Pfizer/BioNTech,116116
2021-01-19,Germany,Moderna,2844
2021-01-19,Germany,Oxford/AstraZeneca,4
2021-01-19,Germany,Pfizer/BioNTech,130167
2021-01-20,Germany,Moderna,2826
2021-01-20,Germany,Oxford/AstraZeneca,4
2021-01-20,Germany,Pfizer/BioNTech,102839
2021-01-21,Germany,Moderna,2197
2021-01-21,Germany,Oxford/AstraZeneca,14
2021-01-21,Germany,Pfizer/BioNTech,100248
2021-01-22,Germany,Moderna,361
2021-01-22,Germany,Oxford/AstraZeneca,5
2021-01-22,Germany,Pfizer/BioNTech,86753
2021-01-23,Germany,Moderna,204
2021-01-23,Germany,Oxford/AstraZeneca,4
2021-01-23,Germany,Pfizer/BioNTech,47660
2021-01-24,Germany,Moderna,1455
2021-01-24,Germany,Oxford/AstraZeneca,3
2021-01-24,Germany,Pfizer/BioNTech,89646
2021-01-25,Germany,Moderna,1443
2021-01-25,Germany,Oxford/AstraZeneca,7
2021-01-25,Germany,Pfizer/BioNTech,97303
2021-01-26,Germany,Moderna,1794
2021-01-26,Germany,Oxford/AstraZeneca,8
2021-01-26,Germany,Pfizer/BioNTech,107898
2021-01-27,Germany,Moderna,1635
2021-01-27,Germany,Oxford/AstraZeneca,4
2021-01-27,Germany,Pfizer/BioNTech,91171
2021-01-28,Germany,Moderna,1487
2021-01-28,Germany,Oxford/AstraZeneca,71
2021-01-28,Germany,Pfizer/BioNTech,106297
2021-01-29,Germany,Moderna,884
2021-01-29,Germany,Oxford/AstraZeneca,4
2021-01-29,Germany,Pfizer/BioNTech,87307
2021-01-30,Germany,Moderna,385
2021-01-30,Germany,Oxford/AstraZeneca,5
2021-01-30,Germany,Pfizer/BioNTech,56901
2021-01-31,Germany,Moderna,2224
2021-01-31,Germany,Oxford/AstraZeneca,56
2021-01-31,Germany,Pfizer/BioNTech,118289
2021-02-01,Germany,Moderna,3140
2021-02-01,Germany,Oxford/AstraZeneca,25
2021-02-01,Germany,Pfizer/BioNTech,129791
2021-02-02,Germany,Moderna,6402
2021-02-02,Germany,Oxford/AstraZeneca,27
2021-02-02,Germany,Pfizer/BioNTech,156856
2021-02-03,Germany,Moderna,5902
2021-02-03,Germany,Oxford/AstraZeneca,8
2021-02-03,Germany,Pfizer/BioNTech,128877
2021-02-04,Germany,Moderna,6477
2021-02-04,Germany,Oxford/AstraZeneca,9
2021-02-04,Germany,Pfizer/BioNTech,141196
2021-02-05,Germany,Moderna,2639
2021-02-05,Germany,Oxford/AstraZeneca,1
2021-02-05,Germany,Pfizer/BioNTech,91601
2021-02-06,Germany,Moderna,2342
2021-02-06,Germany,Oxford/AstraZeneca,3
2021-02-06,Germany,Pfizer/BioNTech,51245
2021-02-07,Germany,Moderna,3842
2021-02-07,Germany,Oxford/AstraZeneca,30
2021-02-07,Germany,Pfizer/BioNTech,105650
2021-02-08,Germany,Moderna,3472
2021-02-08,Germany,Oxford/AstraZeneca,187
2021-02-08,Germany,Pfizer/BioNTech,131199
2021-02-09,Germany,Moderna,4319
2021-02-09,Germany,Oxford/AstraZeneca,8399
2021-02-09,Germany,Pfizer/BioNTech,142806
2021-02-10,Germany,Moderna,7347
2021-02-10,Germany,Oxford/AstraZeneca,16518
2021-02-10,Germany,Pfizer/BioNTech,120968
2021-02-11,Germany,Moderna,9385
2021-02-11,Germany,Oxford/AstraZeneca,14421
2021-02-11,Germany,Pfizer/BioNTech,132575
2021-02-12,Germany,Moderna,3279
2021-02-12,Germany,Oxford/AstraZeneca,13415
2021-02-12,Germany,Pfizer/BioNTech,91244
2021-02-13,Germany,Moderna,2485
2021-02-13,Germany,Oxford/AstraZeneca,7303
2021-02-13,Germany,Pfizer/BioNTech,55722
2021-02-14,Germany,Moderna,5326
2021-02-14,Germany,Oxford/AstraZeneca,15549
2021-02-14,Germany,Pfizer/BioNTech,105108
2021-02-15,Germany,Moderna,6218
2021-02-15,Germany,Oxford/AstraZeneca,19741
2021-02-15,Germany,Pfizer/BioNTech,109105
2021-02-16,Germany,Moderna,8073
2021-02-16,Germany,Oxford/AstraZeneca,20986
2021-02-16,Germany,Pfizer/BioNTech,122932
2021-02-17,Germany,Moderna,8294
2021-02-17,Germany,Oxford/AstraZeneca,24029
2021-02-17,Germany,Pfizer/BioNTech,113015
2021-02-18,Germany,Moderna,10049
2021-02-18,Germany,Oxford/AstraZeneca,27661
2021-02-18,Germany,Pfizer/BioNTech,121310
2021-02-19,Germany,Moderna,4485
2021-02-19,Germany,Oxford/AstraZeneca,21365
2021-02-19,Germany,Pfizer/BioNTech,86769
2021-02-20,Germany,Moderna,3651
2021-02-20,Germany,Oxford/AstraZeneca,15812
2021-02-20,Germany,Pfizer/BioNTech,66634
2021-02-21,Germany,Moderna,9079
2021-02-21,Germany,Oxford/AstraZeneca,24023
2021-02-21,Germany,Pfizer/BioNTech,123651
2021-02-22,Germany,Moderna,7368
2021-02-22,Germany,Oxford/AstraZeneca,28921
2021-02-22,Germany,Pfizer/BioNTech,134389
2021-02-23,Germany,Moderna,7665
2021-02-23,Germany,Oxford/AstraZeneca,37339
2021-02-23,Germany,Pfizer/BioNTech,132267
2021-02-24,Germany,Moderna,6796
2021-02-24,Germany,Oxford/AstraZeneca,51562
2021-02-24,Germany,Pfizer/BioNTech,132157
2021-02-25,Germany,Moderna,8889
2021-02-25,Germany,Oxford/AstraZeneca,63414
2021-02-25,Germany,Pfizer/BioNTech,142104
2021-02-26,Germany,Moderna,4093
2021-02-26,Germany,Oxford/AstraZeneca,51503
2021-02-26,Germany,Pfizer/BioNTech,92864
2021-02-27,Germany,Moderna,3975
2021-02-27,Germany,Oxford/AstraZeneca,38034
2021-02-27,Germany,Pfizer/BioNTech,61705
2021-02-28,Germany,Moderna,9720
2021-02-28,Germany,Oxford/AstraZeneca,58682
2021-02-28,Germany,Pfizer/BioNTech,131142
2021-03-01,Germany,Moderna,10111
2021-03-01,Germany,Oxford/AstraZeneca,69218
2021-03-01,Germany,Pfizer/BioNTech,141063
2021-03-02,Germany,Moderna,15190
2021-03-02,Germany,Oxford/AstraZeneca,74818
2021-03-02,Germany,Pfizer/BioNTech,158814
2021-03-03,Germany,Moderna,14525
2021-03-03,Germany,Oxford/AstraZeneca,89502
2021-03-03,Germany,Pfizer/BioNTech,141923
2021-03-04,Germany,Moderna,13420
2021-03-04,Germany,Oxford/AstraZeneca,113988
2021-03-04,Germany,Pfizer/BioNTech,148848
2021-03-05,Germany,Moderna,8870
2021-03-05,Germany,Oxford/AstraZeneca,84633
2021-03-05,Germany,Pfizer/BioNTech,109645
2021-03-06,Germany,Moderna,6691
2021-03-06,Germany,Oxford/AstraZeneca,61410
2021-03-06,Germany,Pfizer/BioNTech,79974
2021-03-07,Germany,Moderna,10995
2021-03-07,Germany,Oxford/AstraZeneca,93042
2021-03-07,Germany,Pfizer/BioNTech,134792
2021-03-08,Germany,Moderna,12844
2021-03-08,Germany,Oxford/AstraZeneca,99844
2021-03-08,Germany,Pfizer/BioNTech,140821
2021-03-09,Germany,Moderna,12283
2021-03-09,Germany,Oxford/AstraZeneca,118141
2021-03-09,Germany,Pfizer/BioNTech,159432
2021-03-10,Germany,Moderna,13830
2021-03-10,Germany,Oxford/AstraZeneca,123743
2021-03-10,Germany,Pfizer/BioNTech,147580
2021-03-11,Germany,Moderna,17414
2021-03-11,Germany,Oxford/AstraZeneca,159408
2021-03-11,Germany,Pfizer/BioNTech,152116
2021-03-12,Germany,Moderna,9626
2021-03-12,Germany,Oxford/AstraZeneca,115836
2021-03-12,Germany,Pfizer/BioNTech,116409
2021-03-13,Germany,Moderna,5524
2021-03-13,Germany,Oxford/AstraZeneca,76775
2021-03-13,Germany,Pfizer/BioNTech,88411
2021-03-14,Germany,Moderna,12870
2021-03-14,Germany,Oxford/AstraZeneca,83511
2021-03-14,Germany,Pfizer/BioNTech,153390
2021-03-15,Germany,Moderna,11325
2021-03-15,Germany,Oxford/AstraZeneca,1209
2021-03-15,Germany,Pfizer/BioNTech,167201
2021-03-16,Germany,Moderna,18071
2021-03-16,Germany,Oxford/AstraZeneca,817
2021-03-16,Germany,Pfizer/BioNTech,187335
2021-03-17,Germany,Moderna,18256
2021-03-17,Germany,Oxford/AstraZeneca,1401
2021-03-17,Germany,Pfizer/BioNTech,174813
2021-03-18,Germany,Moderna,20933
2021-03-18,Germany,Oxford/AstraZeneca,39157
2021-03-18,Germany,Pfizer/BioNTech,186319
2021-03-19,Germany,Moderna,15361
2021-03-19,Germany,Oxford/AstraZeneca,70106
2021-03-19,Germany,Pfizer/BioNTech,136054
2021-03-20,Germany,Moderna,9214
2021-03-20,Germany,Oxford/AstraZeneca,53307
2021-03-20,Germany,Pfizer/BioNTech,102567
2021-03-21,Germany,Moderna,24001
2021-03-21,Germany,Oxford/AstraZeneca,79516
2021-03-21,Germany,Pfizer/BioNTech,166678
2021-03-22,Germany,Moderna,20020
2021-03-22,Germany,Oxford/AstraZeneca,100528
2021-03-22,Germany,Pfizer/BioNTech,178939
2021-03-23,Germany,Moderna,33423
2021-03-23,Germany,Oxford/AstraZeneca,108113
2021-03-23,Germany,Pfizer/BioNTech,198315
2021-03-24,Germany,Moderna,27855
2021-03-24,Germany,Oxford/AstraZeneca,120635
2021-03-24,Germany,Pfizer/BioNTech,184577
2021-03-25,Germany,Moderna,37429
2021-03-25,Germany,Oxford/AstraZeneca,137737
2021-03-25,Germany,Pfizer/BioNTech,199785
2021-03-26,Germany,Moderna,27723
2021-03-26,Germany,Oxford/AstraZeneca,104830
2021-03-26,Germany,Pfizer/BioNTech,150107
2021-03-27,Germany,Moderna,18571
2021-03-27,Germany,Oxford/AstraZeneca,62735
2021-03-27,Germany,Pfizer/BioNTech,115619
2021-03-28,Germany,Moderna,25187
2021-03-28,Germany,Oxford/AstraZeneca,91734
2021-03-28,Germany,Pfizer/BioNTech,188958
2021-03-29,Germany,Moderna,24595
2021-03-29,Germany,Oxford/AstraZeneca,86483
2021-03-29,Germany,Pfizer/BioNTech,215314
2021-03-30,Germany,Moderna,36526
2021-03-30,Germany,Oxford/AstraZeneca,51863
2021-03-30,Germany,Pfizer/BioNTech,246090
2021-03-31,Germany,Moderna,32664
2021-03-31,Germany,Oxford/AstraZeneca,59289
2021-03-31,Germany,Pfizer/BioNTech,240688
2021-04-01,Germany,Moderna,14470
2021-04-01,Germany,Oxford/AstraZeneca,32076
2021-04-01,Germany,Pfizer/BioNTech,180055
2021-04-02,Germany,Moderna,15923
2021-04-02,Germany,Oxford/AstraZeneca,42388
2021-04-02,Germany,Pfizer/BioNTech,174361
2021-04-03,Germany,Moderna,10107
2021-04-03,Germany,Oxford/AstraZeneca,50784
2021-04-03,Germany,Pfizer/BioNTech,132764
2021-04-04,Germany,Moderna,17910
2021-04-04,Germany,Oxford/AstraZeneca,65088
2021-04-04,Germany,Pfizer/BioNTech,165690
2021-04-05,Germany,Moderna,32299
2021-04-05,Germany,Oxford/AstraZeneca,88054
2021-04-05,Germany,Pfizer/BioNTech,272188
2021-04-06,Germany,Moderna,37447
2021-04-06,Germany,Oxford/AstraZeneca,89572
2021-04-06,Germany,Pfizer/BioNTech,598855
2021-04-07,Germany,Moderna,35928
2021-04-07,Germany,Oxford/AstraZeneca,92332
2021-04-07,Germany,Pfizer/BioNTech,590215
2021-04-08,Germany,Moderna,36904
2021-04-08,Germany,Oxford/AstraZeneca,105704
2021-04-08,Germany,Pfizer/BioNTech,479145
2021-04-09,Germany,Moderna,23346
2021-04-09,Germany,Oxford/AstraZeneca,101790
2021-04-09,Germany,Pfizer/BioNTech,244415
2021-04-10,Germany,Moderna,18759
2021-04-10,Germany,Oxford/AstraZeneca,74557
2021-04-10,Germany,Pfizer/BioNTech,167930
2021-04-11,Germany,Moderna,29478
2021-04-11,Germany,Oxford/AstraZeneca,112251
2021-04-11,Germany,Pfizer/BioNTech,270526
2021-04-12,Germany,Moderna,27440
2021-04-12,Germany,Oxford/AstraZeneca,117467
2021-04-12,Germany,Pfizer/BioNTech,459061
2021-04-13,Germany,Moderna,33871
2021-04-13,Germany,Oxford/AstraZeneca,124951
2021-04-13,Germany,Pfizer/BioNTech,649580
2021-04-14,Germany,Moderna,36480
2021-04-14,Germany,Oxford/AstraZeneca,109162
2021-04-14,Germany,Pfizer/BioNTech,536824
2021-04-15,Germany,Moderna,32740
2021-04-15,Germany,Oxford/AstraZeneca,126317
2021-04-15,Germany,Pfizer/BioNTech,423699
2021-04-16,Germany,Moderna,22733
2021-04-16,Germany,Oxford/AstraZeneca,118378
2021-04-16,Germany,Pfizer/BioNTech,218170
2021-04-17,Germany,Moderna,15434
2021-04-17,Germany,Oxford/AstraZeneca,82563
2021-04-17,Germany,Pfizer/BioNTech,169285
2021-04-18,Germany,Moderna,33439
2021-04-18,Germany,Oxford/AstraZeneca,77390
2021-04-18,Germany,Pfizer/BioNTech,287691
2021-04-19,Germany,Moderna,39597
2021-04-19,Germany,Oxford/AstraZeneca,150658
2021-04-19,Germany,Pfizer/BioNTech,399064
2021-04-20,Germany,Moderna,42348
2021-04-20,Germany,Oxford/AstraZeneca,236324
2021-04-20,Germany,Pfizer/BioNTech,470820
2021-04-21,Germany,Moderna,44638
2021-04-21,Germany,Oxford/AstraZeneca,214292
2021-04-21,Germany,Pfizer/BioNTech,380749
2021-04-22,Germany,Moderna,43930
2021-04-22,Germany,Oxford/AstraZeneca,152413
2021-04-22,Germany,Pfizer/BioNTech,345458
2021-04-23,Germany,Moderna,49654
2021-04-23,Germany,Oxford/AstraZeneca,80129
2021-04-23,Germany,Pfizer/BioNTech,232953
2021-04-24,Germany,Moderna,33734
2021-04-24,Germany,Oxford/AstraZeneca,59761
2021-04-24,Germany,Pfizer/BioNTech,186958
2021-04-25,Germany,Moderna,42602
2021-04-25,Germany,Oxford/AstraZeneca,67594
2021-04-25,Germany,Pfizer/BioNTech,326362
2021-04-26,Germany,Moderna,51737
2021-04-26,Germany,Oxford/AstraZeneca,53299
2021-04-26,Germany,Pfizer/BioNTech,753860
2021-04-27,Germany,Moderna,60968
2021-04-27,Germany,Oxford/AstraZeneca,50109
2021-04-27,Germany,Pfizer/BioNTech,1050771
2021-04-28,Germany,Moderna,63890
2021-04-28,Germany,Oxford/AstraZeneca,56054
2021-04-28,Germany,Pfizer/BioNTech,825614
2021-04-29,Germany,Moderna,57501
2021-04-29,Germany,Oxford/AstraZeneca,64559
2021-04-29,Germany,Pfizer/BioNTech,643799
2021-04-30,Germany,Moderna,41718
2021-04-30,Germany,Oxford/AstraZeneca,39648
2021-04-30,Germany,Pfizer/BioNTech,240082
2021-05-01,Germany,Moderna,37516
2021-05-01,Germany,Oxford/AstraZeneca,30040
2021-05-01,Germany,Pfizer/BioNTech,189611
2021-05-02,Germany,Moderna,70864
2021-05-02,Germany,Oxford/AstraZeneca,66725
2021-05-02,Germany,Pfizer/BioNTech,315246
2021-05-03,Germany,Moderna,63416
2021-05-03,Germany,Oxford/AstraZeneca,161306
2021-05-03,Germany,Pfizer/BioNTech,670171
2021-05-04,Germany,Moderna,79399
2021-05-04,Germany,Oxford/AstraZeneca,225582
2021-05-04,Germany,Pfizer/BioNTech,901240
2021-05-05,Germany,Moderna,92780
2021-05-05,Germany,Oxford/AstraZeneca,207115
2021-05-05,Germany,Pfizer/BioNTech,696988
2021-05-06,Germany,Moderna,87047
2021-05-06,Germany,Oxford/AstraZeneca,208430
2021-05-06,Germany,Pfizer/BioNTech,557877
2021-05-07,Germany,Moderna,72154
2021-05-07,Germany,Oxford/AstraZeneca,82029
2021-05-07,Germany,Pfizer/BioNTech,257251
2021-05-08,Germany,Moderna,56581
2021-05-08,Germany,Oxford/AstraZeneca,32196
2021-05-08,Germany,Pfizer/BioNTech,191034
2021-05-09,Germany,Moderna,82096
2021-05-09,Germany,Oxford/AstraZeneca,137200
2021-05-09,Germany,Pfizer/BioNTech,380286
2021-05-10,Germany,Moderna,80817
2021-05-10,Germany,Oxford/AstraZeneca,181417
2021-05-10,Germany,Pfizer/BioNTech,901179
2021-05-11,Germany,Moderna,92466
2021-05-11,Germany,Oxford/AstraZeneca,230546
2021-05-11,Germany,Pfizer/BioNTech,1140744
2021-05-12,Germany,Moderna,67025
2021-05-12,Germany,Oxford/AstraZeneca,44460
2021-05-12,Germany,Pfizer/BioNTech,300257
2021-05-13,Germany,Moderna,65126
2021-05-13,Germany,Oxford/AstraZeneca,136401
2021-05-13,Germany,Pfizer/BioNTech,532066
2021-05-14,Germany,Moderna,60935
2021-05-14,Germany,Oxford/AstraZeneca,59797
2021-05-14,Germany,Pfizer/BioNTech,268951
2021-05-15,Germany,Moderna,52592
2021-05-15,Germany,Oxford/AstraZeneca,22046
2021-05-15,Germany,Pfizer/BioNTech,194830
2021-05-16,Germany,Moderna,86084
2021-05-16,Germany,Oxford/AstraZeneca,128085
2021-05-16,Germany,Pfizer/BioNTech,327771
2021-05-17,Germany,Moderna,101378
2021-05-17,Germany,Oxford/AstraZeneca,181150
2021-05-17,Germany,Pfizer/BioNTech,641706
2021-05-18,Germany,Moderna,100901
2021-05-18,Germany,Oxford/AstraZeneca,200239
2021-05-18,Germany,Pfizer/BioNTech,876531
2021-05-19,Germany,Moderna,97496
2021-05-19,Germany,Oxford/AstraZeneca,166561
2021-05-19,Germany,Pfizer/BioNTech,710246
2021-05-20,Germany,Moderna,86186
2021-05-20,Germany,Oxford/AstraZeneca,165155
2021-05-20,Germany,Pfizer/BioNTech,580015
2021-05-21,Germany,Moderna,69023
2021-05-21,Germany,Oxford/AstraZeneca,64541
2021-05-21,Germany,Pfizer/BioNTech,249321
2021-05-22,Germany,Moderna,59600
2021-05-22,Germany,Oxford/AstraZeneca,14802
2021-05-22,Germany,Pfizer/BioNTech,188982
2021-05-23,Germany,Moderna,61714
2021-05-23,Germany,Oxford/AstraZeneca,15198
2021-05-23,Germany,Pfizer/BioNTech,231110
2021-05-24,Germany,Moderna,79989
2021-05-24,Germany,Oxford/AstraZeneca,106911
2021-05-24,Germany,Pfizer/BioNTech,470253
2021-05-25,Germany,Moderna,83266
2021-05-25,Germany,Oxford/AstraZeneca,138996
2021-05-25,Germany,Pfizer/BioNTech,965260
2021-05-26,Germany,Moderna,89871
2021-05-26,Germany,Oxford/AstraZeneca,133352
2021-05-26,Germany,Pfizer/BioNTech,747377
2021-05-27,Germany,Moderna,86240
2021-05-27,Germany,Oxford/AstraZeneca,128621
2021-05-27,Germany,Pfizer/BioNTech,586706
2021-05-28,Germany,Moderna,62657
2021-05-28,Germany,Oxford/AstraZeneca,62216
2021-05-28,Germany,Pfizer/BioNTech,251742
2021-05-29,Germany,Moderna,47176
2021-05-29,Germany,Oxford/AstraZeneca,26805
2021-05-29,Germany,Pfizer/BioNTech,190324
2021-05-30,Germany,Moderna,68019
2021-05-30,Germany,Oxford/AstraZeneca,80749
2021-05-30,Germany,Pfizer/BioNTech,380870
2021-05-31,Germany,Moderna,79911
2021-05-31,Germany,Oxford/AstraZeneca,75450
2021-05-31,Germany,Pfizer/BioNTech,787125
2021-06-01,Germany,Moderna,73225
2021-06-01,Germany,Oxford/AstraZeneca,81054
2021-06-01,Germany,Pfizer/BioNTech,1048489
2021-06-02,Germany,Moderna,64757
2021-06-02,Germany,Oxford/AstraZeneca,50314
2021-06-02,Germany,Pfizer/BioNTech,472557
2021-06-03,Germany,Moderna,71209
2021-06-03,Germany,Oxford/AstraZeneca,77746
2021-06-03,Germany,Pfizer/BioNTech,572434
2021-06-04,Germany,Moderna,66993
2021-06-04,Germany,Oxford/AstraZeneca,43630
2021-06-04,Germany,Pfizer/BioNTech,263702
2021-06-05,Germany,Moderna,40752
2021-06-05,Germany,Oxford/AstraZeneca,24858
2021-06-05,Germany,Pfizer/BioNTech,194192
2021-06-06,Germany,Moderna,85126
2021-06-06,Germany,Oxford/AstraZeneca,76376
2021-06-06,Germany,Pfizer/BioNTech,394667
2021-06-07,Germany,Moderna,75548
2021-06-07,Germany,Oxford/AstraZeneca,62526
2021-06-07,Germany,Pfizer/BioNTech,936647
2021-06-08,Germany,Moderna,87387
2021-06-08,Germany,Oxford/AstraZeneca,64619
2021-06-08,Germany,Pfizer/BioNTech,1257020
2021-06-09,Germany,Moderna,89665
2021-06-09,Germany,Oxford/AstraZeneca,58197
2021-06-09,Germany,Pfizer/BioNTech,978338
2021-06-10,Germany,Moderna,89727
2021-06-10,Germany,Oxford/AstraZeneca,68396
2021-06-10,Germany,Pfizer/BioNTech,780851
2021-06-11,Germany,Moderna,72854
2021-06-11,Germany,Oxford/AstraZeneca,45464
2021-06-11,Germany,Pfizer/BioNTech,276629
2021-06-12,Germany,Moderna,63530
2021-06-12,Germany,Oxford/AstraZeneca,23626
2021-06-12,Germany,Pfizer/BioNTech,163731
2021-06-13,Germany,Moderna,101550
2021-06-13,Germany,Oxford/AstraZeneca,72023
2021-06-13,Germany,Pfizer/BioNTech,411567
2021-06-14,Germany,Moderna,104502
2021-06-14,Germany,Oxford/AstraZeneca,85233
2021-06-14,Germany,Pfizer/BioNTech,892413
2021-06-15,Germany,Moderna,106010
2021-06-15,Germany,Oxford/AstraZeneca,99335
2021-06-15,Germany,Pfizer/BioNTech,1158433
2021-06-16,Germany,Moderna,103834
2021-06-16,Germany,Oxford/AstraZeneca,92642
2021-06-16,Germany,Pfizer/BioNTech,891264
2021-06-17,Germany,Moderna,94903
2021-06-17,Germany,Oxford/AstraZeneca,95796
2021-06-17,Germany,Pfizer/BioNTech,705926
2021-06-18,Germany,Moderna,82567
2021-06-18,Germany,Oxford/AstraZeneca,51274
2021-06-18,Germany,Pfizer/BioNTech,265194
2021-06-19,Germany,Moderna,71337
2021-06-19,Germany,Oxford/AstraZeneca,30408
2021-06-19,Germany,Pfizer/BioNTech,166073
2021-06-20,Germany,Moderna,97905
2021-06-20,Germany,Oxford/AstraZeneca,87278
2021-06-20,Germany,Pfizer/BioNTech,403148
2021-06-21,Germany,Moderna,96169
2021-06-21,Germany,Oxford/AstraZeneca,106791
2021-06-21,Germany,Pfizer/BioNTech,926617
2021-06-22,Germany,Moderna,96594
2021-06-22,Germany,Oxford/AstraZeneca,120371
2021-06-22,Germany,Pfizer/BioNTech,1171584
2021-06-23,Germany,Moderna,87606
2021-06-23,Germany,Oxford/AstraZeneca,113779
2021-06-23,Germany,Pfizer/BioNTech,793801
2021-06-24,Germany,Moderna,76463
2021-06-24,Germany,Oxford/AstraZeneca,105979
2021-06-24,Germany,Pfizer/BioNTech,674809
2021-06-25,Germany,Moderna,69332
2021-06-25,Germany,Oxford/AstraZeneca,74597
2021-06-25,Germany,Pfizer/BioNTech,250003
2021-06-26,Germany,Moderna,58232
2021-06-26,Germany,Oxford/AstraZeneca,55597
2021-06-26,Germany,Pfizer/BioNTech,160916
2021-06-27,Germany,Moderna,89886
2021-06-27,Germany,Oxford/AstraZeneca,114867
2021-06-27,Germany,Pfizer/BioNTech,390131
2021-06-28,Germany,Moderna,92595
2021-06-28,Germany,Oxford/AstraZeneca,139559
2021-06-28,Germany,Pfizer/BioNTech,749951
2021-06-29,Germany,Moderna,94414
2021-06-29,Germany,Oxford/AstraZeneca,143210
2021-06-29,Germany,Pfizer/BioNTech,869994
2021-06-30,Germany,Moderna,82660
2021-06-30,Germany,Oxford/AstraZeneca,126707
2021-06-30,Germany,Pfizer/BioNTech,724143
2021-07-01,Germany,Moderna,93949
2021-07-01,Germany,Oxford/AstraZeneca,75558
2021-07-01,Germany,Pfizer/BioNTech,634864
2021-07-02,Germany,Moderna,79642
2021-07-02,Germany,Oxford/AstraZeneca,27996
2021-07-02,Germany,Pfizer/BioNTech,255778
2021-07-03,Germany,Moderna,68253
2021-07-03,Germany,Oxford/AstraZeneca,12036
2021-07-03,Germany,Pfizer/BioNTech,167516
2021-07-04,Germany,Moderna,94073
2021-07-04,Germany,Oxford/AstraZeneca,37548
2021-07-04,Germany,Pfizer/BioNTech,382493
2021-07-05,Germany,Moderna,98421
2021-07-05,Germany,Oxford/AstraZeneca,46810
2021-07-05,Germany,Pfizer/BioNTech,683842
2021-07-06,Germany,Moderna,94863
2021-07-06,Germany,Oxford/AstraZeneca,52842
2021-07-06,Germany,Pfizer/BioNTech,903152
2021-07-07,Germany,Moderna,100266
2021-07-07,Germany,Oxford/AstraZeneca,43463
2021-07-07,Germany,Pfizer/BioNTech,708525
2021-07-08,Germany,Moderna,97802
2021-07-08,Germany,Oxford/AstraZeneca,40454
2021-07-08,Germany,Pfizer/BioNTech,571454
2021-07-09,Germany,Moderna,85117
2021-07-09,Germany,Oxford/AstraZeneca,21532
2021-07-09,Germany,Pfizer/BioNTech,219526
2021-07-10,Germany,Moderna,63942
2021-07-10,Germany,Oxford/AstraZeneca,9972
2021-07-10,Germany,Pfizer/BioNTech,136990
2021-07-11,Germany,Moderna,78879
2021-07-11,Germany,Oxford/AstraZeneca,25191
2021-07-11,Germany,Pfizer/BioNTech,347487
2021-07-12,Germany,Moderna,76704
2021-07-12,Germany,Oxford/AstraZeneca,36955
2021-07-12,Germany,Pfizer/BioNTech,694423
2021-07-13,Germany,Moderna,71642
2021-07-13,Germany,Oxford/AstraZeneca,48895
2021-07-13,Germany,Pfizer/BioNTech,914239
2021-07-14,Germany,Moderna,70359
2021-07-14,Germany,Oxford/AstraZeneca,39227
2021-07-14,Germany,Pfizer/BioNTech,652132
2021-07-15,Germany,Moderna,64141
2021-07-15,Germany,Oxford/AstraZeneca,28604
2021-07-15,Germany,Pfizer/BioNTech,527397
2021-07-16,Germany,Moderna,63399
2021-07-16,Germany,Oxford/AstraZeneca,15379
2021-07-16,Germany,Pfizer/BioNTech,182213
2021-07-17,Germany,Moderna,41873
2021-07-17,Germany,Oxford/AstraZeneca,10361
2021-07-17,Germany,Pfizer/BioNTech,116661
2021-07-18,Germany,Moderna,50589
2021-07-18,Germany,Oxford/AstraZeneca,17796
2021-07-18,Germany,Pfizer/BioNTech,288029
2021-07-19,Germany,Moderna,47982
2021-07-19,Germany,Oxford/AstraZeneca,21553
2021-07-19,Germany,Pfizer/BioNTech,576514
2021-07-20,Germany,Moderna,45688
2021-07-20,Germany,Oxford/AstraZeneca,23237
2021-07-20,Germany,Pfizer/BioNTech,729274
2021-07-21,Germany,Moderna,43547
2021-07-21,Germany,Oxford/AstraZeneca,19850
2021-07-21,Germany,Pfizer/BioNTech,579978
2021-07-22,Germany,Moderna,42024
2021-07-22,Germany,Oxford/AstraZeneca,15569
2021-07-22,Germany,Pfizer/BioNTech,463876
2021-07-23,Germany,Moderna,38397
2021-07-23,Germany,Oxford/AstraZeneca,7327
2021-07-23,Germany,Pfizer/BioNTech,151877
2021-07-24,Germany,Moderna,31610
2021-07-24,Germany,Oxford/AstraZeneca,2859
2021-07-24,Germany,Pfizer/BioNTech,71615
2021-07-25,Germany,Moderna,39019
2021-07-25,Germany,Oxford/AstraZeneca,12814
2021-07-25,Germany,Pfizer/BioNTech,270038
2021-07-26,Germany,Moderna,42374
2021-07-26,Germany,Oxford/AstraZeneca,21820
2021-07-26,Germany,Pfizer/BioNTech,522658
2021-07-27,Germany,Moderna,46650
2021-07-27,Germany,Oxford/AstraZeneca,24650
2021-07-27,Germany,Pfizer/BioNTech,656639
2021-07-28,Germany,Moderna,43558
2021-07-28,Germany,Oxford/AstraZeneca,19829
2021-07-28,Germany,Pfizer/BioNTech,513699
2021-07-29,Germany,Moderna,45493
2021-07-29,Germany,Oxford/AstraZeneca,15099
2021-07-29,Germany,Pfizer/BioNTech,397931
2021-07-30,Germany,Moderna,36163
2021-07-30,Germany,Oxford/AstraZeneca,5834
2021-07-30,Germany,Pfizer/BioNTech,136489
2021-07-31,Germany,Moderna,24940
2021-07-31,Germany,Oxford/AstraZeneca,1718
2021-07-31,Germany,Pfizer/BioNTech,72613
2021-08-01,Germany,Moderna,33443
2021-08-01,Germany,Oxford/AstraZeneca,8881
2021-08-01,Germany,Pfizer/BioNTech,236703
2021-08-02,Germany,Moderna,38323
2021-08-02,Germany,Oxford/AstraZeneca,11887
2021-08-02,Germany,Pfizer/BioNTech,437123
2021-08-03,Germany,Moderna,36844
2021-08-03,Germany,Oxford/AstraZeneca,12103
2021-08-03,Germany,Pfizer/BioNTech,552481
2021-08-04,Germany,Moderna,39965
2021-08-04,Germany,Oxford/AstraZeneca,7099
2021-08-04,Germany,Pfizer/BioNTech,471959
2021-08-05,Germany,Moderna,35782
2021-08-05,Germany,Oxford/AstraZeneca,6927
2021-08-05,Germany,Pfizer/BioNTech,370135
2021-08-06,Germany,Moderna,32059
2021-08-06,Germany,Oxford/AstraZeneca,1329
2021-08-06,Germany,Pfizer/BioNTech,134549
2021-08-07,Germany,Moderna,21644
2021-08-07,Germany,Oxford/AstraZeneca,571
2021-08-07,Germany,Pfizer/BioNTech,83091
2021-08-08,Germany,Moderna,41513
2021-08-08,Germany,Oxford/AstraZeneca,5754
2021-08-08,Germany,Pfizer/BioNTech,236032
2021-08-09,Germany,Moderna,42592
2021-08-09,Germany,Oxford/AstraZeneca,8288
2021-08-09,Germany,Pfizer/BioNTech,405848
2021-08-10,Germany,Moderna,47567
2021-08-10,Germany,Oxford/AstraZeneca,9404
2021-08-10,Germany,Pfizer/BioNTech,504722
2021-08-11,Germany,Moderna,38337
2021-08-11,Germany,Oxford/AstraZeneca,7204
2021-08-11,Germany,Pfizer/BioNTech,422094
2021-08-12,Germany,Moderna,41214
2021-08-12,Germany,Oxford/AstraZeneca,5550
2021-08-12,Germany,Pfizer/BioNTech,337329
2021-08-13,Germany,Moderna,32447
2021-08-13,Germany,Oxford/AstraZeneca,1340
2021-08-13,Germany,Pfizer/BioNTech,145407
2021-08-14,Germany,Moderna,20897
2021-08-14,Germany,Oxford/AstraZeneca,451
2021-08-14,Germany,Pfizer/BioNTech,83774
2021-08-15,Germany,Moderna,32971
2021-08-15,Germany,Oxford/AstraZeneca,3037
2021-08-15,Germany,Pfizer/BioNTech,214725
2021-08-16,Germany,Moderna,29814
2021-08-16,Germany,Oxford/AstraZeneca,5695
2021-08-16,Germany,Pfizer/BioNTech,345098
2021-08-17,Germany,Moderna,30143
2021-08-17,Germany,Oxford/AstraZeneca,5966
2021-08-17,Germany,Pfizer/BioNTech,400842
2021-08-18,Germany,Moderna,26507
2021-08-18,Germany,Oxford/AstraZeneca,5459
2021-08-18,Germany,Pfizer/BioNTech,325607
2021-08-19,Germany,Moderna,23893
2021-08-19,Germany,Oxford/AstraZeneca,3949
2021-08-19,Germany,Pfizer/BioNTech,260709
2021-08-20,Germany,Moderna,21154
2021-08-20,Germany,Oxford/AstraZeneca,692
2021-08-20,Germany,Pfizer/BioNTech,117963
2021-08-21,Germany,Moderna,15543
2021-08-21,Germany,Oxford/AstraZeneca,173
2021-08-21,Germany,Pfizer/BioNTech,69152
2021-08-22,Germany,Moderna,29216
2021-08-22,Germany,Oxford/AstraZeneca,3450
2021-08-22,Germany,Pfizer/BioNTech,177477
2021-08-23,Germany,Moderna,25780
2021-08-23,Germany,Oxford/AstraZeneca,3408
2021-08-23,Germany,Pfizer/BioNTech,274517
2021-08-24,Germany,Moderna,25005
2021-08-24,Germany,Oxford/AstraZeneca,3189
2021-08-24,Germany,Pfizer/BioNTech,316036
2021-08-25,Germany,Moderna,21773
2021-08-25,Germany,Oxford/AstraZeneca,2782
2021-08-25,Germany,Pfizer/BioNTech,268164
2021-08-26,Germany,Moderna,22376
2021-08-26,Germany,Oxford/AstraZeneca,2308
2021-08-26,Germany,Pfizer/BioNTech,219384
2021-08-27,Germany,Moderna,15391
2021-08-27,Germany,Oxford/AstraZeneca,532
2021-08-27,Germany,Pfizer/BioNTech,107482
2021-08-28,Germany,Moderna,8432
2021-08-28,Germany,Oxford/AstraZeneca,73
2021-08-28,Germany,Pfizer/BioNTech,65998
2021-08-29,Germany,Moderna,17183
2021-08-29,Germany,Oxford/AstraZeneca,1827
2021-08-29,Germany,Pfizer/BioNTech,155427
2021-08-30,Germany,Moderna,15929
2021-08-30,Germany,Oxford/AstraZeneca,2153
2021-08-30,Germany,Pfizer/BioNTech,240439
2021-08-31,Germany,Moderna,15702
2021-08-31,Germany,Oxford/AstraZeneca,2080
2021-08-31,Germany,Pfizer/BioNTech,292833
2021-09-01,Germany,Moderna,13079
2021-09-01,Germany,Oxford/AstraZeneca,1933
2021-09-01,Germany,Pfizer/BioNTech,247258
2021-09-02,Germany,Moderna,12242
2021-09-02,Germany,Oxford/AstraZeneca,1262
2021-09-02,Germany,Pfizer/BioNTech,195588
2021-09-03,Germany,Moderna,8553
2021-09-03,Germany,Oxford/AstraZeneca,362
2021-09-03,Germany,Pfizer/BioNTech,87761
2021-09-04,Germany,Moderna,5744
2021-09-04,Germany,Oxford/AstraZeneca,59
2021-09-04,Germany,Pfizer/BioNTech,49116
2021-09-05,Germany,Moderna,9759
2021-09-05,Germany,Oxford/AstraZeneca,1102
2021-09-05,Germany,Pfizer/BioNTech,133193
2021-09-06,Germany,Moderna,9215
2021-09-06,Germany,Oxford/AstraZeneca,1268
2021-09-06,Germany,Pfizer/BioNTech,224888
2021-09-07,Germany,Moderna,12230
2021-09-07,Germany,Oxford/AstraZeneca,1260
2021-09-07,Germany,Pfizer/BioNTech,258118
2021-09-08,Germany,Moderna,11360
2021-09-08,Germany,Oxford/AstraZeneca,1185
2021-09-08,Germany,Pfizer/BioNTech,243027
2021-09-09,Germany,Moderna,12498
2021-09-09,Germany,Oxford/AstraZeneca,986
2021-09-09,Germany,Pfizer/BioNTech,189998
2021-09-10,Germany,Moderna,8845
2021-09-10,Germany,Oxford/AstraZeneca,133
2021-09-10,Germany,Pfizer/BioNTech,88623
2021-09-11,Germany,Moderna,5174
2021-09-11,Germany,Oxford/AstraZeneca,45
2021-09-11,Germany,Pfizer/BioNTech,51185
2021-09-12,Germany,Moderna,10177
2021-09-12,Germany,Oxford/AstraZeneca,954
2021-09-12,Germany,Pfizer/BioNTech,137599
2021-09-13,Germany,Moderna,8209
2021-09-13,Germany,Oxford/AstraZeneca,1563
2021-09-13,Germany,Pfizer/BioNTech,242040
2021-09-14,Germany,Moderna,11416
2021-09-14,Germany,Oxford/AstraZeneca,1141
2021-09-14,Germany,Pfizer/BioNTech,284184
2021-09-15,Germany,Moderna,9820
2021-09-15,Germany,Oxford/AstraZeneca,1568
2021-09-15,Germany,Pfizer/BioNTech,263508
2021-09-16,Germany,Moderna,10943
2021-09-16,Germany,Oxford/AstraZeneca,620
2021-09-16,Germany,Pfizer/BioNTech,209261
2021-09-17,Germany,Moderna,7637
2021-09-17,Germany,Oxford/AstraZeneca,239
2021-09-17,Germany,Pfizer/BioNTech,93355
2021-09-18,Germany,Moderna,5848
2021-09-18,Germany,Oxford/AstraZeneca,162
2021-09-18,Germany,Pfizer/BioNTech,52451
2021-09-19,Germany,Moderna,7854
2021-09-19,Germany,Oxford/AstraZeneca,894
2021-09-19,Germany,Pfizer/BioNTech,140108
2021-09-20,Germany,Moderna,7817
2021-09-20,Germany,Oxford/AstraZeneca,694
2021-09-20,Germany,Pfizer/BioNTech,243835
2021-09-21,Germany,Moderna,10017
2021-09-21,Germany,Oxford/AstraZeneca,842
2021-09-21,Germany,Pfizer/BioNTech,278027
2021-09-22,Germany,Moderna,8159
2021-09-22,Germany,Oxford/AstraZeneca,703
2021-09-22,Germany,Pfizer/BioNTech,262535
2021-09-23,Germany,Moderna,9437
2021-09-23,Germany,Oxford/AstraZeneca,441
2021-09-23,Germany,Pfizer/BioNTech,199820
2021-09-24,Germany,Moderna,6350
2021-09-24,Germany,Oxford/AstraZeneca,89
2021-09-24,Germany,Pfizer/BioNTech,84675
2021-09-25,Germany,Moderna,3852
2021-09-25,Germany,Oxford/AstraZeneca,34
2021-09-25,Germany,Pfizer/BioNTech,45520
2021-09-26,Germany,Moderna,6144
2021-09-26,Germany,Oxford/AstraZeneca,341
2021-09-26,Germany,Pfizer/BioNTech,134103
2021-09-27,Germany,Moderna,5692
2021-09-27,Germany,Oxford/AstraZeneca,350
2021-09-27,Germany,Pfizer/BioNTech,235635
2021-09-28,Germany,Moderna,5654
2021-09-28,Germany,Oxford/AstraZeneca,516
2021-09-28,Germany,Pfizer/BioNTech,252175
2021-09-29,Germany,Moderna,5601
2021-09-29,Germany,Oxford/AstraZeneca,327
2021-09-29,Germany,Pfizer/BioNTech,217033
2021-09-30,Germany,Moderna,3025
2021-09-30,Germany,Oxford/AstraZeneca,218
2021-09-30,Germany,Pfizer/BioNTech,117352
2021-10-01,Germany,Moderna,1956
2021-10-01,Germany,Oxford/AstraZeneca,38
2021-10-01,Germany,Pfizer/BioNTech,24161
2021-10-02,Germany,Moderna,752
2021-10-02,Germany,Oxford/AstraZeneca,2
2021-10-02,Germany,Pfizer/BioNTech,6935
2021-10-03,Germany,Moderna,3615
2021-10-03,Germany,Oxford/AstraZeneca,193
2021-10-03,Germany,Pfizer/BioNTech,87404
2021-10-04,Germany,Moderna,3823
2021-10-04,Germany,Oxford/AstraZeneca,279
2021-10-04,Germany,Pfizer/BioNTech,209757
2021-10-05,Germany,Moderna,4321
2021-10-05,Germany,Oxford/AstraZeneca,198
2021-10-05,Germany,Pfizer/BioNTech,222595
2021-10-06,Germany,Moderna,4421
2021-10-06,Germany,Oxford/AstraZeneca,270
2021-10-06,Germany,Pfizer/BioNTech,224889
2021-10-07,Germany,Moderna,4174
2021-10-07,Germany,Oxford/AstraZeneca,151
2021-10-07,Germany,Pfizer/BioNTech,146871
2021-10-08,Germany,Moderna,2499
2021-10-08,Germany,Oxford/AstraZeneca,21
2021-10-08,Germany,Pfizer/BioNTech,32174
2021-10-09,Germany,Moderna,915
2021-10-09,Germany,Oxford/AstraZeneca,4
2021-10-09,Germany,Pfizer/BioNTech,9705
2021-10-10,Germany,Moderna,3778
2021-10-10,Germany,Oxford/AstraZeneca,155
2021-10-10,Germany,Pfizer/BioNTech,90326
2021-10-11,Germany,Moderna,5212
2021-10-11,Germany,Oxford/AstraZeneca,205
2021-10-11,Germany,Pfizer/BioNTech,203710
2021-10-12,Germany,Moderna,5533
2021-10-12,Germany,Oxford/AstraZeneca,248
2021-10-12,Germany,Pfizer/BioNTech,220863
2021-10-13,Germany,Moderna,5558
2021-10-13,Germany,Oxford/AstraZeneca,224
2021-10-13,Germany,Pfizer/BioNTech,219208
2021-10-14,Germany,Moderna,5445
2021-10-14,Germany,Oxford/AstraZeneca,98
2021-10-14,Germany,Pfizer/BioNTech,140937
2021-10-15,Germany,Moderna,2552
2021-10-15,Germany,Oxford/AstraZeneca,17
2021-10-15,Germany,Pfizer/BioNTech,34106
2021-10-16,Germany,Moderna,2160
2021-10-16,Germany,Oxford/AstraZeneca,6
2021-10-16,Germany,Pfizer/BioNTech,8893
2021-10-17,Germany,Moderna,3949
2021-10-17,Germany,Oxford/AstraZeneca,123
2021-10-17,Germany,Pfizer/BioNTech,91220
2021-10-18,Germany,Moderna,4978
2021-10-18,Germany,Oxford/AstraZeneca,204
2021-10-18,Germany,Pfizer/BioNTech,203072
2021-10-19,Germany,Moderna,5179
2021-10-19,Germany,Oxford/AstraZeneca,149
2021-10-19,Germany,Pfizer/BioNTech,220226
2021-10-20,Germany,Moderna,4634
2021-10-20,Germany,Oxford/AstraZeneca,130
2021-10-20,Germany,Pfizer/BioNTech,215095
2021-10-21,Germany,Moderna,5068
2021-10-21,Germany,Oxford/AstraZeneca,91
2021-10-21,Germany,Pfizer/BioNTech,141956
2021-10-22,Germany,Moderna,3028
2021-10-22,Germany,Oxford/AstraZeneca,23
2021-10-22,Germany,Pfizer/BioNTech,34373
2021-10-23,Germany,Moderna,709
2021-10-23,Germany,Oxford/AstraZeneca,1
2021-10-23,Germany,Pfizer/BioNTech,10462
2021-10-24,Germany,Moderna,3896
2021-10-24,Germany,Oxford/AstraZeneca,78
2021-10-24,Germany,Pfizer/BioNTech,102126
2021-10-25,Germany,Moderna,5827
2021-10-25,Germany,Oxford/AstraZeneca,139
2021-10-25,Germany,Pfizer/BioNTech,242655
2021-10-26,Germany,Moderna,7224
2021-10-26,Germany,Oxford/AstraZeneca,148
2021-10-26,Germany,Pfizer/BioNTech,264227
2021-10-27,Germany,Moderna,6804
2021-10-27,Germany,Oxford/AstraZeneca,200
2021-10-27,Germany,Pfizer/BioNTech,264286
2021-10-28,Germany,Moderna,7167
2021-10-28,Germany,Oxford/AstraZeneca,159
2021-10-28,Germany,Pfizer/BioNTech,175765
2021-10-29,Germany,Moderna,3750
2021-10-29,Germany,Oxford/AstraZeneca,20
2021-10-29,Germany,Pfizer/BioNTech,41412
2021-10-30,Germany,Moderna,908
2021-10-30,Germany,Oxford/AstraZeneca,16
2021-10-30,Germany,Pfizer/BioNTech,11387
2021-10-31,Germany,Moderna,3101
2021-10-31,Germany,Oxford/AstraZeneca,48
2021-10-31,Germany,Pfizer/BioNTech,56787
2021-11-01,Germany,Moderna,6838
2021-11-01,Germany,Oxford/AstraZeneca,154
2021-11-01,Germany,Pfizer/BioNTech,241114
2021-11-02,Germany,Moderna,8750
2021-11-02,Germany,Oxford/AstraZeneca,159
2021-11-02,Germany,Pfizer/BioNTech,312980
2021-11-03,Germany,Moderna,8196
2021-11-03,Germany,Oxford/AstraZeneca,240
2021-11-03,Germany,Pfizer/BioNTech,319358
2021-11-04,Germany,Moderna,8921
2021-11-04,Germany,Oxford/AstraZeneca,71
2021-11-04,Germany,Pfizer/BioNTech,230788
2021-11-05,Germany,Moderna,5706
2021-11-05,Germany,Oxford/AstraZeneca,30
2021-11-05,Germany,Pfizer/BioNTech,61726
2021-11-06,Germany,Moderna,2003
2021-11-06,Germany,Oxford/AstraZeneca,1
2021-11-06,Germany,Pfizer/BioNTech,20739
2021-11-07,Germany,Moderna,7621
2021-11-07,Germany,Oxford/AstraZeneca,82
2021-11-07,Germany,Pfizer/BioNTech,168637
2021-11-08,Germany,Moderna,11129
2021-11-08,Germany,Oxford/AstraZeneca,160
2021-11-08,Germany,Pfizer/BioNTech,378015
2021-11-09,Germany,Moderna,12179
2021-11-09,Germany,Oxford/AstraZeneca,131
2021-11-09,Germany,Pfizer/BioNTech,433277
2021-11-10,Germany,Moderna,12907
2021-11-10,Germany,Oxford/AstraZeneca,123
2021-11-10,Germany,Pfizer/BioNTech,434344
2021-11-11,Germany,Moderna,12685
2021-11-11,Germany,Oxford/AstraZeneca,85
2021-11-11,Germany,Pfizer/BioNTech,335336
2021-11-12,Germany,Moderna,5796
2021-11-12,Germany,Oxford/AstraZeneca,14
2021-11-12,Germany,Pfizer/BioNTech,96921
2021-11-13,Germany,Moderna,2327
2021-11-13,Germany,Oxford/AstraZeneca,7
2021-11-13,Germany,Pfizer/BioNTech,30122
2021-11-14,Germany,Moderna,9893
2021-11-14,Germany,Oxford/AstraZeneca,196
2021-11-14,Germany,Pfizer/BioNTech,239346
2021-11-15,Germany,Moderna,14142
2021-11-15,Germany,Oxford/AstraZeneca,131
2021-11-15,Germany,Pfizer/BioNTech,516243
2021-11-16,Germany,Moderna,17369
2021-11-16,Germany,Oxford/AstraZeneca,101
2021-11-16,Germany,Pfizer/BioNTech,577341
2021-11-17,Germany,Moderna,19094
2021-11-17,Germany,Oxford/AstraZeneca,169
2021-11-17,Germany,Pfizer/BioNTech,613255
2021-11-18,Germany,Moderna,20134
2021-11-18,Germany,Oxford/AstraZeneca,461
2021-11-18,Germany,Pfizer/BioNTech,508604
2021-11-19,Germany,Moderna,14576
2021-11-19,Germany,Oxford/AstraZeneca,71
2021-11-19,Germany,Pfizer/BioNTech,219899
2021-11-20,Germany,Moderna,9146
2021-11-20,Germany,Oxford/AstraZeneca,22
2021-11-20,Germany,Pfizer/BioNTech,68821
2021-11-21,Germany,Moderna,24283
2021-11-21,Germany,Oxford/AstraZeneca,89
2021-11-21,Germany,Pfizer/BioNTech,395959
2021-11-22,Germany,Moderna,40393
2021-11-22,Germany,Oxford/AstraZeneca,238
2021-11-22,Germany,Pfizer/BioNTech,805158
2021-11-23,Germany,Moderna,54995
2021-11-23,Germany,Oxford/AstraZeneca,225
2021-11-23,Germany,Pfizer/BioNTech,950872
2021-11-24,Germany,Moderna,58940
2021-11-24,Germany,Oxford/AstraZeneca,477
2021-11-24,Germany,Pfizer/BioNTech,890763
2021-11-25,Germany,Moderna,68514
2021-11-25,Germany,Oxford/AstraZeneca,185
2021-11-25,Germany,Pfizer/BioNTech,760061
2021-11-26,Germany,Moderna,89407
2021-11-26,Germany,Oxford/AstraZeneca,84
2021-11-26,Germany,Pfizer/BioNTech,602361
2021-11-27,Germany,Moderna,42086
2021-11-27,Germany,Oxford/AstraZeneca,12
2021-11-27,Germany,Pfizer/BioNTech,126753
2021-11-28,Germany,Moderna,113048
2021-11-28,Germany,Oxford/AstraZeneca,191
2021-11-28,Germany,Pfizer/BioNTech,468546
2021-11-29,Germany,Moderna,289776
2021-11-29,Germany,Oxford/AstraZeneca,306
2021-11-29,Germany,Pfizer/BioNTech,749389
2021-11-30,Germany,Moderna,432355
2021-11-30,Germany,Oxford/AstraZeneca,241
2021-11-30,Germany,Pfizer/BioNTech,834662
2021-12-01,Germany,Moderna,419071
2021-12-01,Germany,Oxford/AstraZeneca,375
2021-12-01,Germany,Pfizer/BioNTech,760969
2021-12-02,Germany,Moderna,402727
2021-12-02,Germany,Oxford/AstraZeneca,102
2021-12-02,Germany,Pfizer/BioNTech,667887
2021-12-03,Germany,Moderna,511413
2021-12-03,Germany,Oxford/AstraZeneca,327
2021-12-03,Germany,Pfizer/BioNTech,499110
2021-12-04,Germany,Moderna,160424
2021-12-04,Germany,Oxford/AstraZeneca,8
2021-12-04,Germany,Pfizer/BioNTech,111514
2021-12-05,Germany,Moderna,347780
2021-12-05,Germany,Oxford/AstraZeneca,283
2021-12-05,Germany,Pfizer/BioNTech,398072
2021-12-06,Germany,Moderna,549230
2021-12-06,Germany,Oxford/AstraZeneca,147
2021-12-06,Germany,Pfizer/BioNTech,648158
2021-12-07,Germany,Moderna,685322
2021-12-07,Germany,Oxford/AstraZeneca,180
2021-12-07,Germany,Pfizer/BioNTech,733873
2021-12-08,Germany,Moderna,629999
2021-12-08,Germany,Oxford/AstraZeneca,208
2021-12-08,Germany,Pfizer/BioNTech,687571
2021-12-09,Germany,Moderna,602298
2021-12-09,Germany,Oxford/AstraZeneca,209
2021-12-09,Germany,Pfizer/BioNTech,616342
2021-12-10,Germany,Moderna,720412
2021-12-10,Germany,Oxford/AstraZeneca,43
2021-12-10,Germany,Pfizer/BioNTech,493640
2021-12-11,Germany,Moderna,201690
2021-12-11,Germany,Oxford/AstraZeneca,11
2021-12-11,Germany,Pfizer/BioNTech,115054
2021-12-12,Germany,Moderna,406753
2021-12-12,Germany,Oxford/AstraZeneca,96
2021-12-12,Germany,Pfizer/BioNTech,397203
2021-12-13,Germany,Moderna,603486
2021-12-13,Germany,Oxford/AstraZeneca,182
2021-12-13,Germany,Pfizer/BioNTech,743887
2021-12-14,Germany,Moderna,694218
2021-12-14,Germany,Oxford/AstraZeneca,127
2021-12-14,Germany,Pfizer/BioNTech,864127
2021-12-15,Germany,Moderna,636398
2021-12-15,Germany,Oxford/AstraZeneca,357
2021-12-15,Germany,Pfizer/BioNTech,822880
2021-12-16,Germany,Moderna,561786
2021-12-16,Germany,Oxford/AstraZeneca,127
2021-12-16,Germany,Pfizer/BioNTech,714417
2021-12-17,Germany,Moderna,578299
2021-12-17,Germany,Oxford/AstraZeneca,241
2021-12-17,Germany,Pfizer/BioNTech,557466
2021-12-18,Germany,Moderna,182370
2021-12-18,Germany,Oxford/AstraZeneca,270
2021-12-18,Germany,Pfizer/BioNTech,166195
2021-12-19,Germany,Moderna,403848
2021-12-19,Germany,Oxford/AstraZeneca,75
2021-12-19,Germany,Pfizer/BioNTech,488346
2021-12-20,Germany,Moderna,528156
2021-12-20,Germany,Oxford/AstraZeneca,224
2021-12-20,Germany,Pfizer/BioNTech,711034
2021-12-21,Germany,Moderna,524418
2021-12-21,Germany,Oxford/AstraZeneca,207
2021-12-21,Germany,Pfizer/BioNTech,692733
2021-12-22,Germany,Moderna,299899
2021-12-22,Germany,Oxford/AstraZeneca,125
2021-12-22,Germany,Pfizer/BioNTech,370015
2021-12-23,Germany,Moderna,24265
2021-12-23,Germany,Oxford/AstraZeneca,12
2021-12-23,Germany,Pfizer/BioNTech,24424
2021-12-24,Germany,Moderna,13795
2021-12-24,Germany,Oxford/AstraZeneca,106
2021-12-24,Germany,Pfizer/BioNTech,13984
2021-12-25,Germany,Moderna,31006
2021-12-25,Germany,Oxford/AstraZeneca,1
2021-12-25,Germany,Pfizer/BioNTech,31450
2021-12-26,Germany,Moderna,300656
2021-12-26,Germany,Oxford/AstraZeneca,159
2021-12-26,Germany,Pfizer/BioNTech,304215
2021-12-27,Germany,Moderna,359694
2021-12-27,Germany,Oxford/AstraZeneca,143
2021-12-27,Germany,Pfizer/BioNTech,387655
2021-12-28,Germany,Moderna,333523
2021-12-28,Germany,Oxford/AstraZeneca,332
2021-12-28,Germany,Pfizer/BioNTech,365627
2021-12-29,Germany,Moderna,240351
2021-12-29,Germany,Oxford/AstraZeneca,34
2021-12-29,Germany,Pfizer/BioNTech,245025
2021-12-30,Germany,Moderna,32485
2021-12-30,Germany,Oxford/AstraZeneca,63
2021-12-30,Germany,Pfizer/BioNTech,26831
2021-12-31,Germany,Moderna,15410
2021-12-31,Germany,Oxford/AstraZeneca,55
2021-12-31,Germany,Pfizer/BioNTech,13192
