date,location,vaccine,total_vaccinations
2021-01-01,Czechia,Pfizer/BioNTech,1288
2021-01-01,Czechia,Oxford/AstraZeneca,0
2021-01-01,Czechia,Covaxin,0
2021-01-01,Czechia,Sinovac,0
2021-01-02,Czechia,Pfizer/BioNTech,926
2021-01-02,Czechia,Oxford/AstraZeneca,0
2021-01-02,Czechia,Covaxin,0
2021-01-02,Czechia,Sinovac,0
2021-01-03,Czechia,Pfizer/BioNTech,3599
2021-01-03,Czechia,Oxford/AstraZeneca,0
2021-01-03,Czechia,Covaxin,0
2021-01-03,Czechia,Sinovac,0
2021-01-04,Czechia,Pfizer/BioNTech,4506
2021-01-04,Czechia,Oxford/AstraZeneca,0
2021-01-04,Czechia,Covaxin,0
2021-01-04,Czechia,Sinovac,0
2021-01-05,Czechia,Pfizer/BioNTech,5838
2021-01-05,Czechia,Oxford/AstraZeneca,0
2021-01-05,Czechia,Covaxin,0
2021-01-05,Czechia,Sinovac,0
2021-01-06,Czechia,Pfizer/BioNTech,7989
2021-01-06,Czechia,Oxford/AstraZeneca,0
2021-01-06,Czechia,Covaxin,0
2021-01-06,Czechia,Sinovac,0
2021-01-07,Czechia,Pfizer/BioNTech,10035
2021-01-07,Czechia,Oxford/AstraZeneca,0
2021-01-07,Czechia,Covaxin,0
2021-01-07,Czechia,Sinovac,0
2021-01-08,Czechia,Pfizer/BioNTech,2027
2021-01-08,Czechia,Oxford/AstraZeneca,0
2021-01-08,Czechia,Covaxin,0
2021-01-08,Czechia,Sinovac,0
2021-01-09,Czechia,Pfizer/BioNTech,1775
2021-01-09,Czechia,Oxford/AstraZeneca,0
2021-01-09,Czechia,Covaxin,0
2021-01-09,Czechia,Sinovac,0
2021-01-10,Czechia,Pfizer/BioNTech,9850
2021-01-10,Czechia,Oxford/AstraZeneca,0
2021-01-10,Czechia,Covaxin,0
2021-01-10,Czechia,Sinovac,0
2021-01-11,Czechia,Pfizer/BioNTech,13444
2021-01-11,Czechia,Oxford/AstraZeneca,0
2021-01-11,Czechia,Covaxin,0
2021-01-11,Czechia,Sinovac,0
2021-01-12,Czechia,Pfizer/BioNTech,13523
2021-01-12,Czechia,Oxford/AstraZeneca,0
2021-01-12,Czechia,Covaxin,0
2021-01-12,Czechia,Sinovac,0
2021-01-13,Czechia,Pfizer/BioNTech,14009
2021-01-13,Czechia,Oxford/AstraZeneca,0
2021-01-13,Czechia,Covaxin,0
2021-01-13,Czechia,Sinovac,0
2021-01-14,Czechia,Pfizer/BioNTech,13233
2021-01-14,Czechia,Oxford/AstraZeneca,0
2021-01-14,Czechia,Covaxin,0
2021-01-14,Czechia,Sinovac,0
2021-01-15,Czechia,Pfizer/BioNTech,3075
2021-01-15,Czechia,Oxford/AstraZeneca,0
2021-01-15,Czechia,Covaxin,0
2021-01-15,Czechia,Sinovac,0
2021-01-16,Czechia,Pfizer/BioNTech,3152
2021-01-16,Czechia,Oxford/AstraZeneca,0
2021-01-16,Czechia,Covaxin,0
2021-01-16,Czechia,Sinovac,0
2021-01-17,Czechia,Pfizer/BioNTech,14114
2021-01-17,Czechia,Oxford/AstraZeneca,0
2021-01-17,Czechia,Covaxin,0
2021-01-17,Czechia,Sinovac,0
2021-01-18,Czechia,Pfizer/BioNTech,14539
2021-01-18,Czechia,Oxford/AstraZeneca,0
2021-01-18,Czechia,Covaxin,0
2021-01-18,Czechia,Sinovac,0
2021-01-19,Czechia,Pfizer/BioNTech,14753
2021-01-19,Czechia,Oxford/AstraZeneca,0
2021-01-19,Czechia,Covaxin,0
2021-01-19,Czechia,Sinovac,0
2021-01-20,Czechia,Pfizer/BioNTech,16418
2021-01-20,Czechia,Oxford/AstraZeneca,0
2021-01-20,Czechia,Covaxin,0
2021-01-20,Czechia,Sinovac,0
2021-01-21,Czechia,Pfizer/BioNTech,15700
2021-01-21,Czechia,Oxford/AstraZeneca,0
2021-01-21,Czechia,Covaxin,0
2021-01-21,Czechia,Sinovac,0
2021-01-22,Czechia,Pfizer/BioNTech,4153
2021-01-22,Czechia,Oxford/AstraZeneca,0
2021-01-22,Czechia,Covaxin,0
2021-01-22,Czechia,Sinovac,0
2021-01-23,Czechia,Pfizer/BioNTech,3000
2021-01-23,Czechia,Oxford/AstraZeneca,0
2021-01-23,Czechia,Covaxin,0
2021-01-23,Czechia,Sinovac,0
2021-01-24,Czechia,Pfizer/BioNTech,12410
2021-01-24,Czechia,Oxford/AstraZeneca,0
2021-01-24,Czechia,Covaxin,0
2021-01-24,Czechia,Sinovac,0
2021-01-25,Czechia,Pfizer/BioNTech,14224
2021-01-25,Czechia,Oxford/AstraZeneca,0
2021-01-25,Czechia,Covaxin,0
2021-01-25,Czechia,Sinovac,0
2021-01-26,Czechia,Pfizer/BioNTech,13240
2021-01-26,Czechia,Oxford/AstraZeneca,0
2021-01-26,Czechia,Covaxin,0
2021-01-26,Czechia,Sinovac,0
2021-01-27,Czechia,Pfizer/BioNTech,13100
2021-01-27,Czechia,Oxford/AstraZeneca,0
2021-01-27,Czechia,Covaxin,0
2021-01-27,Czechia,Sinovac,0
2021-01-28,Czechia,Pfizer/BioNTech,13949
2021-01-28,Czechia,Oxford/AstraZeneca,0
2021-01-28,Czechia,Covaxin,0
2021-01-28,Czechia,Sinovac,0
2021-01-29,Czechia,Pfizer/BioNTech,1823
2021-01-29,Czechia,Oxford/AstraZeneca,0
2021-01-29,Czechia,Covaxin,0
2021-01-29,Czechia,Sinovac,0
2021-01-30,Czechia,Pfizer/BioNTech,1896
2021-01-30,Czechia,Oxford/AstraZeneca,0
2021-01-30,Czechia,Covaxin,0
2021-01-30,Czechia,Sinovac,0
2021-01-31,Czechia,Pfizer/BioNTech,11681
2021-01-31,Czechia,Oxford/AstraZeneca,0
2021-01-31,Czechia,Covaxin,0
2021-01-31,Czechia,Sinovac,0
2021-02-01,Czechia,Pfizer/BioNTech,14050
2021-02-01,Czechia,Oxford/AstraZeneca,0
2021-02-01,Czechia,Covaxin,0
2021-02-01,Czechia,Sinovac,0
2021-02-02,Czechia,Pfizer/BioNTech,14683
2021-02-02,Czechia,Oxford/AstraZeneca,0
2021-02-02,Czechia,Covaxin,0
2021-02-02,Czechia,Sinovac,0
2021-02-03,Czechia,Pfizer/BioNTech,16733
2021-02-03,Czechia,Oxford/AstraZeneca,0
2021-02-03,Czechia,Covaxin,0
2021-02-03,Czechia,Sinovac,0
2021-02-04,Czechia,Pfizer/BioNTech,14937
2021-02-04,Czechia,Oxford/AstraZeneca,0
2021-02-04,Czechia,Covaxin,0
2021-02-04,Czechia,Sinovac,0
2021-02-05,Czechia,Pfizer/BioNTech,2947
2021-02-05,Czechia,Oxford/AstraZeneca,0
2021-02-05,Czechia,Covaxin,0
2021-02-05,Czechia,Sinovac,0
2021-02-06,Czechia,Pfizer/BioNTech,3080
2021-02-06,Czechia,Oxford/AstraZeneca,1
2021-02-06,Czechia,Covaxin,0
2021-02-06,Czechia,Sinovac,0
2021-02-07,Czechia,Pfizer/BioNTech,14574
2021-02-07,Czechia,Oxford/AstraZeneca,8
2021-02-07,Czechia,Covaxin,0
2021-02-07,Czechia,Sinovac,0
2021-02-08,Czechia,Pfizer/BioNTech,15336
2021-02-08,Czechia,Oxford/AstraZeneca,2
2021-02-08,Czechia,Covaxin,0
2021-02-08,Czechia,Sinovac,0
2021-02-09,Czechia,Pfizer/BioNTech,16984
2021-02-09,Czechia,Oxford/AstraZeneca,5
2021-02-09,Czechia,Covaxin,0
2021-02-09,Czechia,Sinovac,0
2021-02-10,Czechia,Pfizer/BioNTech,18908
2021-02-10,Czechia,Oxford/AstraZeneca,236
2021-02-10,Czechia,Covaxin,0
2021-02-10,Czechia,Sinovac,0
2021-02-11,Czechia,Pfizer/BioNTech,18829
2021-02-11,Czechia,Oxford/AstraZeneca,413
2021-02-11,Czechia,Covaxin,0
2021-02-11,Czechia,Sinovac,0
2021-02-12,Czechia,Pfizer/BioNTech,3652
2021-02-12,Czechia,Oxford/AstraZeneca,446
2021-02-12,Czechia,Covaxin,0
2021-02-12,Czechia,Sinovac,0
2021-02-13,Czechia,Pfizer/BioNTech,1933
2021-02-13,Czechia,Oxford/AstraZeneca,204
2021-02-13,Czechia,Covaxin,0
2021-02-13,Czechia,Sinovac,0
2021-02-14,Czechia,Pfizer/BioNTech,13585
2021-02-14,Czechia,Oxford/AstraZeneca,751
2021-02-14,Czechia,Covaxin,0
2021-02-14,Czechia,Sinovac,0
2021-02-15,Czechia,Pfizer/BioNTech,14111
2021-02-15,Czechia,Oxford/AstraZeneca,1180
2021-02-15,Czechia,Covaxin,0
2021-02-15,Czechia,Sinovac,0
2021-02-16,Czechia,Pfizer/BioNTech,13186
2021-02-16,Czechia,Oxford/AstraZeneca,2053
2021-02-16,Czechia,Covaxin,0
2021-02-16,Czechia,Sinovac,0
2021-02-17,Czechia,Pfizer/BioNTech,16026
2021-02-17,Czechia,Oxford/AstraZeneca,2018
2021-02-17,Czechia,Covaxin,0
2021-02-17,Czechia,Sinovac,0
2021-02-18,Czechia,Pfizer/BioNTech,16073
2021-02-18,Czechia,Oxford/AstraZeneca,1743
2021-02-18,Czechia,Covaxin,0
2021-02-18,Czechia,Sinovac,0
2021-02-19,Czechia,Pfizer/BioNTech,2495
2021-02-19,Czechia,Oxford/AstraZeneca,686
2021-02-19,Czechia,Covaxin,0
2021-02-19,Czechia,Sinovac,0
2021-02-20,Czechia,Pfizer/BioNTech,1794
2021-02-20,Czechia,Oxford/AstraZeneca,268
2021-02-20,Czechia,Covaxin,0
2021-02-20,Czechia,Sinovac,0
2021-02-21,Czechia,Pfizer/BioNTech,13533
2021-02-21,Czechia,Oxford/AstraZeneca,1617
2021-02-21,Czechia,Covaxin,0
2021-02-21,Czechia,Sinovac,0
2021-02-22,Czechia,Pfizer/BioNTech,16395
2021-02-22,Czechia,Oxford/AstraZeneca,2743
2021-02-22,Czechia,Covaxin,0
2021-02-22,Czechia,Sinovac,0
2021-02-23,Czechia,Pfizer/BioNTech,15628
2021-02-23,Czechia,Oxford/AstraZeneca,2935
2021-02-23,Czechia,Covaxin,0
2021-02-23,Czechia,Sinovac,0
2021-02-24,Czechia,Pfizer/BioNTech,17960
2021-02-24,Czechia,Oxford/AstraZeneca,4364
2021-02-24,Czechia,Covaxin,0
2021-02-24,Czechia,Sinovac,0
2021-02-25,Czechia,Pfizer/BioNTech,17299
2021-02-25,Czechia,Oxford/AstraZeneca,3358
2021-02-25,Czechia,Covaxin,0
2021-02-25,Czechia,Sinovac,0
2021-02-26,Czechia,Pfizer/BioNTech,2768
2021-02-26,Czechia,Oxford/AstraZeneca,624
2021-02-26,Czechia,Covaxin,0
2021-02-26,Czechia,Sinovac,0
2021-02-27,Czechia,Pfizer/BioNTech,2228
2021-02-27,Czechia,Oxford/AstraZeneca,481
2021-02-27,Czechia,Covaxin,0
2021-02-27,Czechia,Sinovac,0
2021-02-28,Czechia,Pfizer/BioNTech,17345
2021-02-28,Czechia,Oxford/AstraZeneca,4068
2021-02-28,Czechia,Covaxin,0
2021-02-28,Czechia,Sinovac,0
2021-03-01,Czechia,Pfizer/BioNTech,19477
2021-03-01,Czechia,Oxford/AstraZeneca,9397
2021-03-01,Czechia,Covaxin,0
2021-03-01,Czechia,Sinovac,0
2021-03-02,Czechia,Pfizer/BioNTech,21866
2021-03-02,Czechia,Oxford/AstraZeneca,9836
2021-03-02,Czechia,Covaxin,0
2021-03-02,Czechia,Sinovac,0
2021-03-03,Czechia,Pfizer/BioNTech,23754
2021-03-03,Czechia,Oxford/AstraZeneca,9388
2021-03-03,Czechia,Covaxin,0
2021-03-03,Czechia,Sinovac,0
2021-03-04,Czechia,Pfizer/BioNTech,22183
2021-03-04,Czechia,Oxford/AstraZeneca,8415
2021-03-04,Czechia,Covaxin,0
2021-03-04,Czechia,Sinovac,0
2021-03-05,Czechia,Pfizer/BioNTech,7081
2021-03-05,Czechia,Oxford/AstraZeneca,4519
2021-03-05,Czechia,Covaxin,0
2021-03-05,Czechia,Sinovac,0
2021-03-06,Czechia,Pfizer/BioNTech,6808
2021-03-06,Czechia,Oxford/AstraZeneca,4170
2021-03-06,Czechia,Covaxin,0
2021-03-06,Czechia,Sinovac,0
2021-03-07,Czechia,Pfizer/BioNTech,23534
2021-03-07,Czechia,Oxford/AstraZeneca,7928
2021-03-07,Czechia,Covaxin,0
2021-03-07,Czechia,Sinovac,0
2021-03-08,Czechia,Pfizer/BioNTech,26108
2021-03-08,Czechia,Oxford/AstraZeneca,11252
2021-03-08,Czechia,Covaxin,0
2021-03-08,Czechia,Sinovac,0
2021-03-09,Czechia,Pfizer/BioNTech,32231
2021-03-09,Czechia,Oxford/AstraZeneca,10932
2021-03-09,Czechia,Covaxin,0
2021-03-09,Czechia,Sinovac,0
2021-03-10,Czechia,Pfizer/BioNTech,37028
2021-03-10,Czechia,Oxford/AstraZeneca,11835
2021-03-10,Czechia,Covaxin,0
2021-03-10,Czechia,Sinovac,0
2021-03-11,Czechia,Pfizer/BioNTech,29467
2021-03-11,Czechia,Oxford/AstraZeneca,12258
2021-03-11,Czechia,Covaxin,0
2021-03-11,Czechia,Sinovac,0
2021-03-12,Czechia,Pfizer/BioNTech,14068
2021-03-12,Czechia,Oxford/AstraZeneca,3013
2021-03-12,Czechia,Covaxin,0
2021-03-12,Czechia,Sinovac,0
2021-03-13,Czechia,Pfizer/BioNTech,11192
2021-03-13,Czechia,Oxford/AstraZeneca,929
2021-03-13,Czechia,Covaxin,0
2021-03-13,Czechia,Sinovac,0
2021-03-14,Czechia,Pfizer/BioNTech,22256
2021-03-14,Czechia,Oxford/AstraZeneca,8043
2021-03-14,Czechia,Covaxin,0
2021-03-14,Czechia,Sinovac,0
2021-03-15,Czechia,Pfizer/BioNTech,31397
2021-03-15,Czechia,Oxford/AstraZeneca,8740
2021-03-15,Czechia,Covaxin,0
2021-03-15,Czechia,Sinovac,0
2021-03-16,Czechia,Pfizer/BioNTech,31192
2021-03-16,Czechia,Oxford/AstraZeneca,9001
2021-03-16,Czechia,Covaxin,0
2021-03-16,Czechia,Sinovac,0
2021-03-17,Czechia,Pfizer/BioNTech,33819
2021-03-17,Czechia,Oxford/AstraZeneca,9360
2021-03-17,Czechia,Covaxin,0
2021-03-17,Czechia,Sinovac,0
2021-03-18,Czechia,Pfizer/BioNTech,33143
2021-03-18,Czechia,Oxford/AstraZeneca,8823
2021-03-18,Czechia,Covaxin,0
2021-03-18,Czechia,Sinovac,0
2021-03-19,Czechia,Pfizer/BioNTech,13549
2021-03-19,Czechia,Oxford/AstraZeneca,2475
2021-03-19,Czechia,Covaxin,0
2021-03-19,Czechia,Sinovac,0
2021-03-20,Czechia,Pfizer/BioNTech,8175
2021-03-20,Czechia,Oxford/AstraZeneca,497
2021-03-20,Czechia,Covaxin,0
2021-03-20,Czechia,Sinovac,0
2021-03-21,Czechia,Pfizer/BioNTech,25800
2021-03-21,Czechia,Oxford/AstraZeneca,6893
2021-03-21,Czechia,Covaxin,0
2021-03-21,Czechia,Sinovac,0
2021-03-22,Czechia,Pfizer/BioNTech,28471
2021-03-22,Czechia,Oxford/AstraZeneca,7654
2021-03-22,Czechia,Covaxin,0
2021-03-22,Czechia,Sinovac,0
2021-03-23,Czechia,Pfizer/BioNTech,30628
2021-03-23,Czechia,Oxford/AstraZeneca,7795
2021-03-23,Czechia,Covaxin,0
2021-03-23,Czechia,Sinovac,0
2021-03-24,Czechia,Pfizer/BioNTech,32576
2021-03-24,Czechia,Oxford/AstraZeneca,7511
2021-03-24,Czechia,Covaxin,0
2021-03-24,Czechia,Sinovac,0
2021-03-25,Czechia,Pfizer/BioNTech,33957
2021-03-25,Czechia,Oxford/AstraZeneca,5758
2021-03-25,Czechia,Covaxin,0
2021-03-25,Czechia,Sinovac,0
2021-03-26,Czechia,Pfizer/BioNTech,11132
2021-03-26,Czechia,Oxford/AstraZeneca,914
2021-03-26,Czechia,Covaxin,0
2021-03-26,Czechia,Sinovac,0
2021-03-27,Czechia,Pfizer/BioNTech,8012
2021-03-27,Czechia,Oxford/AstraZeneca,133
2021-03-27,Czechia,Covaxin,0
2021-03-27,Czechia,Sinovac,1
2021-03-28,Czechia,Pfizer/BioNTech,30058
2021-03-28,Czechia,Oxford/AstraZeneca,3782
2021-03-28,Czechia,Covaxin,0
2021-03-28,Czechia,Sinovac,0
2021-03-29,Czechia,Pfizer/BioNTech,32599
2021-03-29,Czechia,Oxford/AstraZeneca,5377
2021-03-29,Czechia,Covaxin,0
2021-03-29,Czechia,Sinovac,0
2021-03-30,Czechia,Pfizer/BioNTech,34122
2021-03-30,Czechia,Oxford/AstraZeneca,4992
2021-03-30,Czechia,Covaxin,0
2021-03-30,Czechia,Sinovac,0
2021-03-31,Czechia,Pfizer/BioNTech,42324
2021-03-31,Czechia,Oxford/AstraZeneca,4608
2021-03-31,Czechia,Covaxin,0
2021-03-31,Czechia,Sinovac,0
2021-04-01,Czechia,Pfizer/BioNTech,16556
2021-04-01,Czechia,Oxford/AstraZeneca,609
2021-04-01,Czechia,Covaxin,0
2021-04-01,Czechia,Sinovac,0
2021-04-02,Czechia,Pfizer/BioNTech,12639
2021-04-02,Czechia,Oxford/AstraZeneca,228
2021-04-02,Czechia,Covaxin,0
2021-04-02,Czechia,Sinovac,0
2021-04-03,Czechia,Pfizer/BioNTech,10113
2021-04-03,Czechia,Oxford/AstraZeneca,21
2021-04-03,Czechia,Covaxin,0
2021-04-03,Czechia,Sinovac,0
2021-04-04,Czechia,Pfizer/BioNTech,8110
2021-04-04,Czechia,Oxford/AstraZeneca,90
2021-04-04,Czechia,Covaxin,0
2021-04-04,Czechia,Sinovac,0
2021-04-05,Czechia,Pfizer/BioNTech,33911
2021-04-05,Czechia,Oxford/AstraZeneca,3015
2021-04-05,Czechia,Covaxin,0
2021-04-05,Czechia,Sinovac,0
2021-04-06,Czechia,Pfizer/BioNTech,29087
2021-04-06,Czechia,Oxford/AstraZeneca,8135
2021-04-06,Czechia,Covaxin,0
2021-04-06,Czechia,Sinovac,1
2021-04-07,Czechia,Pfizer/BioNTech,51985
2021-04-07,Czechia,Oxford/AstraZeneca,11478
2021-04-07,Czechia,Covaxin,0
2021-04-07,Czechia,Sinovac,1
2021-04-08,Czechia,Pfizer/BioNTech,50650
2021-04-08,Czechia,Oxford/AstraZeneca,11414
2021-04-08,Czechia,Covaxin,0
2021-04-08,Czechia,Sinovac,1
2021-04-09,Czechia,Pfizer/BioNTech,25722
2021-04-09,Czechia,Oxford/AstraZeneca,3508
2021-04-09,Czechia,Covaxin,0
2021-04-09,Czechia,Sinovac,0
2021-04-10,Czechia,Pfizer/BioNTech,18154
2021-04-10,Czechia,Oxford/AstraZeneca,520
2021-04-10,Czechia,Covaxin,0
2021-04-10,Czechia,Sinovac,0
2021-04-11,Czechia,Pfizer/BioNTech,45775
2021-04-11,Czechia,Oxford/AstraZeneca,8955
2021-04-11,Czechia,Covaxin,0
2021-04-11,Czechia,Sinovac,0
2021-04-12,Czechia,Pfizer/BioNTech,42139
2021-04-12,Czechia,Oxford/AstraZeneca,9532
2021-04-12,Czechia,Covaxin,0
2021-04-12,Czechia,Sinovac,0
2021-04-13,Czechia,Pfizer/BioNTech,45613
2021-04-13,Czechia,Oxford/AstraZeneca,10095
2021-04-13,Czechia,Covaxin,0
2021-04-13,Czechia,Sinovac,0
2021-04-14,Czechia,Pfizer/BioNTech,54827
2021-04-14,Czechia,Oxford/AstraZeneca,9126
2021-04-14,Czechia,Covaxin,0
2021-04-14,Czechia,Sinovac,0
2021-04-15,Czechia,Pfizer/BioNTech,53464
2021-04-15,Czechia,Oxford/AstraZeneca,6766
2021-04-15,Czechia,Covaxin,0
2021-04-15,Czechia,Sinovac,0
2021-04-16,Czechia,Pfizer/BioNTech,22711
2021-04-16,Czechia,Oxford/AstraZeneca,634
2021-04-16,Czechia,Covaxin,0
2021-04-16,Czechia,Sinovac,0
2021-04-17,Czechia,Pfizer/BioNTech,16917
2021-04-17,Czechia,Oxford/AstraZeneca,163
2021-04-17,Czechia,Covaxin,0
2021-04-17,Czechia,Sinovac,0
2021-04-18,Czechia,Pfizer/BioNTech,46801
2021-04-18,Czechia,Oxford/AstraZeneca,5623
2021-04-18,Czechia,Covaxin,0
2021-04-18,Czechia,Sinovac,0
2021-04-19,Czechia,Pfizer/BioNTech,44743
2021-04-19,Czechia,Oxford/AstraZeneca,6781
2021-04-19,Czechia,Covaxin,0
2021-04-19,Czechia,Sinovac,0
2021-04-20,Czechia,Pfizer/BioNTech,49140
2021-04-20,Czechia,Oxford/AstraZeneca,7474
2021-04-20,Czechia,Covaxin,0
2021-04-20,Czechia,Sinovac,0
2021-04-21,Czechia,Pfizer/BioNTech,57729
2021-04-21,Czechia,Oxford/AstraZeneca,8144
2021-04-21,Czechia,Covaxin,0
2021-04-21,Czechia,Sinovac,0
2021-04-22,Czechia,Pfizer/BioNTech,51443
2021-04-22,Czechia,Oxford/AstraZeneca,6220
2021-04-22,Czechia,Covaxin,0
2021-04-22,Czechia,Sinovac,0
2021-04-23,Czechia,Pfizer/BioNTech,21552
2021-04-23,Czechia,Oxford/AstraZeneca,709
2021-04-23,Czechia,Covaxin,0
2021-04-23,Czechia,Sinovac,2
2021-04-24,Czechia,Pfizer/BioNTech,16999
2021-04-24,Czechia,Oxford/AstraZeneca,200
2021-04-24,Czechia,Covaxin,0
2021-04-24,Czechia,Sinovac,0
2021-04-25,Czechia,Pfizer/BioNTech,46064
2021-04-25,Czechia,Oxford/AstraZeneca,5640
2021-04-25,Czechia,Covaxin,0
2021-04-25,Czechia,Sinovac,0
2021-04-26,Czechia,Pfizer/BioNTech,46281
2021-04-26,Czechia,Oxford/AstraZeneca,6707
2021-04-26,Czechia,Covaxin,0
2021-04-26,Czechia,Sinovac,1
2021-04-27,Czechia,Pfizer/BioNTech,54708
2021-04-27,Czechia,Oxford/AstraZeneca,6715
2021-04-27,Czechia,Covaxin,0
2021-04-27,Czechia,Sinovac,0
2021-04-28,Czechia,Pfizer/BioNTech,63829
2021-04-28,Czechia,Oxford/AstraZeneca,6573
2021-04-28,Czechia,Covaxin,0
2021-04-28,Czechia,Sinovac,0
2021-04-29,Czechia,Pfizer/BioNTech,61577
2021-04-29,Czechia,Oxford/AstraZeneca,3941
2021-04-29,Czechia,Covaxin,0
2021-04-29,Czechia,Sinovac,0
2021-04-30,Czechia,Pfizer/BioNTech,21154
2021-04-30,Czechia,Oxford/AstraZeneca,273
2021-04-30,Czechia,Covaxin,0
2021-04-30,Czechia,Sinovac,0
2021-05-01,Czechia,Pfizer/BioNTech,20523
2021-05-01,Czechia,Oxford/AstraZeneca,130
2021-05-01,Czechia,Covaxin,0
2021-05-01,Czechia,Sinovac,0
2021-05-02,Czechia,Pfizer/BioNTech,63783
2021-05-02,Czechia,Oxford/AstraZeneca,3239
2021-05-02,Czechia,Covaxin,0
2021-05-02,Czechia,Sinovac,0
2021-05-03,Czechia,Pfizer/BioNTech,60285
2021-05-03,Czechia,Oxford/AstraZeneca,4340
2021-05-03,Czechia,Covaxin,0
2021-05-03,Czechia,Sinovac,0
2021-05-04,Czechia,Pfizer/BioNTech,66714
2021-05-04,Czechia,Oxford/AstraZeneca,6280
2021-05-04,Czechia,Covaxin,0
2021-05-04,Czechia,Sinovac,0
2021-05-05,Czechia,Pfizer/BioNTech,74366
2021-05-05,Czechia,Oxford/AstraZeneca,7420
2021-05-05,Czechia,Covaxin,0
2021-05-05,Czechia,Sinovac,0
2021-05-06,Czechia,Pfizer/BioNTech,72837
2021-05-06,Czechia,Oxford/AstraZeneca,5834
2021-05-06,Czechia,Covaxin,0
2021-05-06,Czechia,Sinovac,0
2021-05-07,Czechia,Pfizer/BioNTech,29570
2021-05-07,Czechia,Oxford/AstraZeneca,322
2021-05-07,Czechia,Covaxin,0
2021-05-07,Czechia,Sinovac,0
2021-05-08,Czechia,Pfizer/BioNTech,23921
2021-05-08,Czechia,Oxford/AstraZeneca,444
2021-05-08,Czechia,Covaxin,0
2021-05-08,Czechia,Sinovac,0
2021-05-09,Czechia,Pfizer/BioNTech,64960
2021-05-09,Czechia,Oxford/AstraZeneca,6012
2021-05-09,Czechia,Covaxin,0
2021-05-09,Czechia,Sinovac,0
2021-05-10,Czechia,Pfizer/BioNTech,67348
2021-05-10,Czechia,Oxford/AstraZeneca,7624
2021-05-10,Czechia,Covaxin,0
2021-05-10,Czechia,Sinovac,0
2021-05-11,Czechia,Pfizer/BioNTech,69987
2021-05-11,Czechia,Oxford/AstraZeneca,7458
2021-05-11,Czechia,Covaxin,0
2021-05-11,Czechia,Sinovac,0
2021-05-12,Czechia,Pfizer/BioNTech,75740
2021-05-12,Czechia,Oxford/AstraZeneca,7025
2021-05-12,Czechia,Covaxin,0
2021-05-12,Czechia,Sinovac,1
2021-05-13,Czechia,Pfizer/BioNTech,73671
2021-05-13,Czechia,Oxford/AstraZeneca,5909
2021-05-13,Czechia,Covaxin,0
2021-05-13,Czechia,Sinovac,1
2021-05-14,Czechia,Pfizer/BioNTech,31352
2021-05-14,Czechia,Oxford/AstraZeneca,1987
2021-05-14,Czechia,Covaxin,0
2021-05-14,Czechia,Sinovac,0
2021-05-15,Czechia,Pfizer/BioNTech,25553
2021-05-15,Czechia,Oxford/AstraZeneca,808
2021-05-15,Czechia,Covaxin,0
2021-05-15,Czechia,Sinovac,0
2021-05-16,Czechia,Pfizer/BioNTech,67856
2021-05-16,Czechia,Oxford/AstraZeneca,4670
2021-05-16,Czechia,Covaxin,0
2021-05-16,Czechia,Sinovac,0
2021-05-17,Czechia,Pfizer/BioNTech,69145
2021-05-17,Czechia,Oxford/AstraZeneca,6068
2021-05-17,Czechia,Covaxin,0
2021-05-17,Czechia,Sinovac,1
2021-05-18,Czechia,Pfizer/BioNTech,73229
2021-05-18,Czechia,Oxford/AstraZeneca,6567
2021-05-18,Czechia,Covaxin,0
2021-05-18,Czechia,Sinovac,1
2021-05-19,Czechia,Pfizer/BioNTech,81868
2021-05-19,Czechia,Oxford/AstraZeneca,6794
2021-05-19,Czechia,Covaxin,0
2021-05-19,Czechia,Sinovac,0
2021-05-20,Czechia,Pfizer/BioNTech,79976
2021-05-20,Czechia,Oxford/AstraZeneca,5816
2021-05-20,Czechia,Covaxin,0
2021-05-20,Czechia,Sinovac,0
2021-05-21,Czechia,Pfizer/BioNTech,39567
2021-05-21,Czechia,Oxford/AstraZeneca,1898
2021-05-21,Czechia,Covaxin,0
2021-05-21,Czechia,Sinovac,0
2021-05-22,Czechia,Pfizer/BioNTech,29045
2021-05-22,Czechia,Oxford/AstraZeneca,1474
2021-05-22,Czechia,Covaxin,0
2021-05-22,Czechia,Sinovac,0
2021-05-23,Czechia,Pfizer/BioNTech,63207
2021-05-23,Czechia,Oxford/AstraZeneca,6391
2021-05-23,Czechia,Covaxin,0
2021-05-23,Czechia,Sinovac,0
2021-05-24,Czechia,Pfizer/BioNTech,64156
2021-05-24,Czechia,Oxford/AstraZeneca,11213
2021-05-24,Czechia,Covaxin,0
2021-05-24,Czechia,Sinovac,0
2021-05-25,Czechia,Pfizer/BioNTech,80510
2021-05-25,Czechia,Oxford/AstraZeneca,10998
2021-05-25,Czechia,Covaxin,0
2021-05-25,Czechia,Sinovac,0
2021-05-26,Czechia,Pfizer/BioNTech,84836
2021-05-26,Czechia,Oxford/AstraZeneca,9611
2021-05-26,Czechia,Covaxin,0
2021-05-26,Czechia,Sinovac,0
2021-05-27,Czechia,Pfizer/BioNTech,84835
2021-05-27,Czechia,Oxford/AstraZeneca,9350
2021-05-27,Czechia,Covaxin,0
2021-05-27,Czechia,Sinovac,0
2021-05-28,Czechia,Pfizer/BioNTech,41026
2021-05-28,Czechia,Oxford/AstraZeneca,2487
2021-05-28,Czechia,Covaxin,0
2021-05-28,Czechia,Sinovac,0
2021-05-29,Czechia,Pfizer/BioNTech,33238
2021-05-29,Czechia,Oxford/AstraZeneca,2614
2021-05-29,Czechia,Covaxin,0
2021-05-29,Czechia,Sinovac,0
2021-05-30,Czechia,Pfizer/BioNTech,82838
2021-05-30,Czechia,Oxford/AstraZeneca,8361
2021-05-30,Czechia,Covaxin,0
2021-05-30,Czechia,Sinovac,0
2021-05-31,Czechia,Pfizer/BioNTech,81141
2021-05-31,Czechia,Oxford/AstraZeneca,11794
2021-05-31,Czechia,Covaxin,0
2021-05-31,Czechia,Sinovac,0
2021-06-01,Czechia,Pfizer/BioNTech,91117
2021-06-01,Czechia,Oxford/AstraZeneca,11550
2021-06-01,Czechia,Covaxin,0
2021-06-01,Czechia,Sinovac,1
2021-06-02,Czechia,Pfizer/BioNTech,91326
2021-06-02,Czechia,Oxford/AstraZeneca,11939
2021-06-02,Czechia,Covaxin,0
2021-06-02,Czechia,Sinovac,0
2021-06-03,Czechia,Pfizer/BioNTech,94204
2021-06-03,Czechia,Oxford/AstraZeneca,10516
2021-06-03,Czechia,Covaxin,0
2021-06-03,Czechia,Sinovac,0
2021-06-04,Czechia,Pfizer/BioNTech,49860
2021-06-04,Czechia,Oxford/AstraZeneca,2098
2021-06-04,Czechia,Covaxin,0
2021-06-04,Czechia,Sinovac,0
2021-06-05,Czechia,Pfizer/BioNTech,40471
2021-06-05,Czechia,Oxford/AstraZeneca,944
2021-06-05,Czechia,Covaxin,0
2021-06-05,Czechia,Sinovac,3
2021-06-06,Czechia,Pfizer/BioNTech,96415
2021-06-06,Czechia,Oxford/AstraZeneca,8819
2021-06-06,Czechia,Covaxin,0
2021-06-06,Czechia,Sinovac,1
2021-06-07,Czechia,Pfizer/BioNTech,94094
2021-06-07,Czechia,Oxford/AstraZeneca,10546
2021-06-07,Czechia,Covaxin,0
2021-06-07,Czechia,Sinovac,1
2021-06-08,Czechia,Pfizer/BioNTech,96520
2021-06-08,Czechia,Oxford/AstraZeneca,10581
2021-06-08,Czechia,Covaxin,0
2021-06-08,Czechia,Sinovac,3
2021-06-09,Czechia,Pfizer/BioNTech,97812
2021-06-09,Czechia,Oxford/AstraZeneca,10910
2021-06-09,Czechia,Covaxin,0
2021-06-09,Czechia,Sinovac,5
2021-06-10,Czechia,Pfizer/BioNTech,98040
2021-06-10,Czechia,Oxford/AstraZeneca,8662
2021-06-10,Czechia,Covaxin,0
2021-06-10,Czechia,Sinovac,2
2021-06-11,Czechia,Pfizer/BioNTech,50312
2021-06-11,Czechia,Oxford/AstraZeneca,1425
2021-06-11,Czechia,Covaxin,0
2021-06-11,Czechia,Sinovac,6
2021-06-12,Czechia,Pfizer/BioNTech,41746
2021-06-12,Czechia,Oxford/AstraZeneca,199
2021-06-12,Czechia,Covaxin,0
2021-06-12,Czechia,Sinovac,2
2021-06-13,Czechia,Pfizer/BioNTech,96884
2021-06-13,Czechia,Oxford/AstraZeneca,7516
2021-06-13,Czechia,Covaxin,0
2021-06-13,Czechia,Sinovac,2
2021-06-14,Czechia,Pfizer/BioNTech,93298
2021-06-14,Czechia,Oxford/AstraZeneca,8849
2021-06-14,Czechia,Covaxin,0
2021-06-14,Czechia,Sinovac,4
2021-06-15,Czechia,Pfizer/BioNTech,97930
2021-06-15,Czechia,Oxford/AstraZeneca,8568
2021-06-15,Czechia,Covaxin,0
2021-06-15,Czechia,Sinovac,1
2021-06-16,Czechia,Pfizer/BioNTech,102043
2021-06-16,Czechia,Oxford/AstraZeneca,8121
2021-06-16,Czechia,Covaxin,0
2021-06-16,Czechia,Sinovac,2
2021-06-17,Czechia,Pfizer/BioNTech,105069
2021-06-17,Czechia,Oxford/AstraZeneca,5813
2021-06-17,Czechia,Covaxin,0
2021-06-17,Czechia,Sinovac,1
2021-06-18,Czechia,Pfizer/BioNTech,49252
2021-06-18,Czechia,Oxford/AstraZeneca,636
2021-06-18,Czechia,Covaxin,0
2021-06-18,Czechia,Sinovac,2
2021-06-19,Czechia,Pfizer/BioNTech,39771
2021-06-19,Czechia,Oxford/AstraZeneca,131
2021-06-19,Czechia,Covaxin,0
2021-06-19,Czechia,Sinovac,4
2021-06-20,Czechia,Pfizer/BioNTech,92538
2021-06-20,Czechia,Oxford/AstraZeneca,6450
2021-06-20,Czechia,Covaxin,0
2021-06-20,Czechia,Sinovac,2
2021-06-21,Czechia,Pfizer/BioNTech,93965
2021-06-21,Czechia,Oxford/AstraZeneca,8587
2021-06-21,Czechia,Covaxin,0
2021-06-21,Czechia,Sinovac,2
2021-06-22,Czechia,Pfizer/BioNTech,93936
2021-06-22,Czechia,Oxford/AstraZeneca,8419
2021-06-22,Czechia,Covaxin,0
2021-06-22,Czechia,Sinovac,2
2021-06-23,Czechia,Pfizer/BioNTech,98203
2021-06-23,Czechia,Oxford/AstraZeneca,8166
2021-06-23,Czechia,Covaxin,0
2021-06-23,Czechia,Sinovac,4
2021-06-24,Czechia,Pfizer/BioNTech,98786
2021-06-24,Czechia,Oxford/AstraZeneca,6041
2021-06-24,Czechia,Covaxin,0
2021-06-24,Czechia,Sinovac,1
2021-06-25,Czechia,Pfizer/BioNTech,47571
2021-06-25,Czechia,Oxford/AstraZeneca,1661
2021-06-25,Czechia,Covaxin,0
2021-06-25,Czechia,Sinovac,1
2021-06-26,Czechia,Pfizer/BioNTech,39417
2021-06-26,Czechia,Oxford/AstraZeneca,151
2021-06-26,Czechia,Covaxin,0
2021-06-26,Czechia,Sinovac,3
2021-06-27,Czechia,Pfizer/BioNTech,95325
2021-06-27,Czechia,Oxford/AstraZeneca,6963
2021-06-27,Czechia,Covaxin,0
2021-06-27,Czechia,Sinovac,2
2021-06-28,Czechia,Pfizer/BioNTech,92346
2021-06-28,Czechia,Oxford/AstraZeneca,9612
2021-06-28,Czechia,Covaxin,0
2021-06-28,Czechia,Sinovac,4
2021-06-29,Czechia,Pfizer/BioNTech,94444
2021-06-29,Czechia,Oxford/AstraZeneca,9082
2021-06-29,Czechia,Covaxin,0
2021-06-29,Czechia,Sinovac,2
2021-06-30,Czechia,Pfizer/BioNTech,90104
2021-06-30,Czechia,Oxford/AstraZeneca,9505
2021-06-30,Czechia,Covaxin,0
2021-06-30,Czechia,Sinovac,2
2021-07-01,Czechia,Pfizer/BioNTech,91088
2021-07-01,Czechia,Oxford/AstraZeneca,7126
2021-07-01,Czechia,Covaxin,0
2021-07-01,Czechia,Sinovac,2
2021-07-02,Czechia,Pfizer/BioNTech,36703
2021-07-02,Czechia,Oxford/AstraZeneca,669
2021-07-02,Czechia,Covaxin,0
2021-07-02,Czechia,Sinovac,3
2021-07-03,Czechia,Pfizer/BioNTech,28819
2021-07-03,Czechia,Oxford/AstraZeneca,65
2021-07-03,Czechia,Covaxin,0
2021-07-03,Czechia,Sinovac,4
2021-07-04,Czechia,Pfizer/BioNTech,32474
2021-07-04,Czechia,Oxford/AstraZeneca,84
2021-07-04,Czechia,Covaxin,0
2021-07-04,Czechia,Sinovac,4
2021-07-05,Czechia,Pfizer/BioNTech,32234
2021-07-05,Czechia,Oxford/AstraZeneca,249
2021-07-05,Czechia,Covaxin,0
2021-07-05,Czechia,Sinovac,4
2021-07-06,Czechia,Pfizer/BioNTech,88099
2021-07-06,Czechia,Oxford/AstraZeneca,6200
2021-07-06,Czechia,Covaxin,0
2021-07-06,Czechia,Sinovac,4
2021-07-07,Czechia,Pfizer/BioNTech,78673
2021-07-07,Czechia,Oxford/AstraZeneca,6850
2021-07-07,Czechia,Covaxin,0
2021-07-07,Czechia,Sinovac,3
2021-07-08,Czechia,Pfizer/BioNTech,81011
2021-07-08,Czechia,Oxford/AstraZeneca,5320
2021-07-08,Czechia,Covaxin,0
2021-07-08,Czechia,Sinovac,5
2021-07-09,Czechia,Pfizer/BioNTech,36679
2021-07-09,Czechia,Oxford/AstraZeneca,370
2021-07-09,Czechia,Covaxin,0
2021-07-09,Czechia,Sinovac,4
2021-07-10,Czechia,Pfizer/BioNTech,30511
2021-07-10,Czechia,Oxford/AstraZeneca,426
2021-07-10,Czechia,Covaxin,0
2021-07-10,Czechia,Sinovac,2
2021-07-11,Czechia,Pfizer/BioNTech,78362
2021-07-11,Czechia,Oxford/AstraZeneca,5424
2021-07-11,Czechia,Covaxin,0
2021-07-11,Czechia,Sinovac,5
2021-07-12,Czechia,Pfizer/BioNTech,76317
2021-07-12,Czechia,Oxford/AstraZeneca,6939
2021-07-12,Czechia,Covaxin,0
2021-07-12,Czechia,Sinovac,3
2021-07-13,Czechia,Pfizer/BioNTech,78569
2021-07-13,Czechia,Oxford/AstraZeneca,6874
2021-07-13,Czechia,Covaxin,0
2021-07-13,Czechia,Sinovac,2
2021-07-14,Czechia,Pfizer/BioNTech,75861
2021-07-14,Czechia,Oxford/AstraZeneca,7107
2021-07-14,Czechia,Covaxin,0
2021-07-14,Czechia,Sinovac,2
2021-07-15,Czechia,Pfizer/BioNTech,82388
2021-07-15,Czechia,Oxford/AstraZeneca,5117
2021-07-15,Czechia,Covaxin,0
2021-07-15,Czechia,Sinovac,3
2021-07-16,Czechia,Pfizer/BioNTech,38670
2021-07-16,Czechia,Oxford/AstraZeneca,161
2021-07-16,Czechia,Covaxin,0
2021-07-16,Czechia,Sinovac,2
2021-07-17,Czechia,Pfizer/BioNTech,32790
2021-07-17,Czechia,Oxford/AstraZeneca,33
2021-07-17,Czechia,Covaxin,0
2021-07-17,Czechia,Sinovac,5
2021-07-18,Czechia,Pfizer/BioNTech,76623
2021-07-18,Czechia,Oxford/AstraZeneca,4080
2021-07-18,Czechia,Covaxin,0
2021-07-18,Czechia,Sinovac,1
2021-07-19,Czechia,Pfizer/BioNTech,72731
2021-07-19,Czechia,Oxford/AstraZeneca,5503
2021-07-19,Czechia,Covaxin,0
2021-07-19,Czechia,Sinovac,2
2021-07-20,Czechia,Pfizer/BioNTech,69844
2021-07-20,Czechia,Oxford/AstraZeneca,5257
2021-07-20,Czechia,Covaxin,0
2021-07-20,Czechia,Sinovac,3
2021-07-21,Czechia,Pfizer/BioNTech,64621
2021-07-21,Czechia,Oxford/AstraZeneca,4587
2021-07-21,Czechia,Covaxin,0
2021-07-21,Czechia,Sinovac,4
2021-07-22,Czechia,Pfizer/BioNTech,64067
2021-07-22,Czechia,Oxford/AstraZeneca,2885
2021-07-22,Czechia,Covaxin,0
2021-07-22,Czechia,Sinovac,1
2021-07-23,Czechia,Pfizer/BioNTech,32092
2021-07-23,Czechia,Oxford/AstraZeneca,128
2021-07-23,Czechia,Covaxin,0
2021-07-23,Czechia,Sinovac,1
2021-07-24,Czechia,Pfizer/BioNTech,26043
2021-07-24,Czechia,Oxford/AstraZeneca,38
2021-07-24,Czechia,Covaxin,0
2021-07-24,Czechia,Sinovac,2
2021-07-25,Czechia,Pfizer/BioNTech,60553
2021-07-25,Czechia,Oxford/AstraZeneca,3098
2021-07-25,Czechia,Covaxin,0
2021-07-25,Czechia,Sinovac,2
2021-07-26,Czechia,Pfizer/BioNTech,55046
2021-07-26,Czechia,Oxford/AstraZeneca,4237
2021-07-26,Czechia,Covaxin,0
2021-07-26,Czechia,Sinovac,2
2021-07-27,Czechia,Pfizer/BioNTech,52430
2021-07-27,Czechia,Oxford/AstraZeneca,4241
2021-07-27,Czechia,Covaxin,0
2021-07-27,Czechia,Sinovac,2
2021-07-28,Czechia,Pfizer/BioNTech,49834
2021-07-28,Czechia,Oxford/AstraZeneca,4085
2021-07-28,Czechia,Covaxin,0
2021-07-28,Czechia,Sinovac,1
2021-07-29,Czechia,Pfizer/BioNTech,54199
2021-07-29,Czechia,Oxford/AstraZeneca,2755
2021-07-29,Czechia,Covaxin,0
2021-07-29,Czechia,Sinovac,2
2021-07-30,Czechia,Pfizer/BioNTech,24904
2021-07-30,Czechia,Oxford/AstraZeneca,206
2021-07-30,Czechia,Covaxin,0
2021-07-30,Czechia,Sinovac,2
2021-07-31,Czechia,Pfizer/BioNTech,19817
2021-07-31,Czechia,Oxford/AstraZeneca,24
2021-07-31,Czechia,Covaxin,0
2021-07-31,Czechia,Sinovac,1
2021-08-01,Czechia,Pfizer/BioNTech,47203
2021-08-01,Czechia,Oxford/AstraZeneca,2178
2021-08-01,Czechia,Covaxin,0
2021-08-01,Czechia,Sinovac,3
2021-08-02,Czechia,Pfizer/BioNTech,45005
2021-08-02,Czechia,Oxford/AstraZeneca,2925
2021-08-02,Czechia,Covaxin,0
2021-08-02,Czechia,Sinovac,3
2021-08-03,Czechia,Pfizer/BioNTech,42248
2021-08-03,Czechia,Oxford/AstraZeneca,2537
2021-08-03,Czechia,Covaxin,0
2021-08-03,Czechia,Sinovac,1
2021-08-04,Czechia,Pfizer/BioNTech,46162
2021-08-04,Czechia,Oxford/AstraZeneca,2270
2021-08-04,Czechia,Covaxin,0
2021-08-04,Czechia,Sinovac,1
2021-08-05,Czechia,Pfizer/BioNTech,50640
2021-08-05,Czechia,Oxford/AstraZeneca,1630
2021-08-05,Czechia,Covaxin,0
2021-08-05,Czechia,Sinovac,1
2021-08-06,Czechia,Pfizer/BioNTech,20727
2021-08-06,Czechia,Oxford/AstraZeneca,144
2021-08-06,Czechia,Covaxin,0
2021-08-06,Czechia,Sinovac,0
2021-08-07,Czechia,Pfizer/BioNTech,17877
2021-08-07,Czechia,Oxford/AstraZeneca,15
2021-08-07,Czechia,Covaxin,0
2021-08-07,Czechia,Sinovac,0
2021-08-08,Czechia,Pfizer/BioNTech,50704
2021-08-08,Czechia,Oxford/AstraZeneca,1126
2021-08-08,Czechia,Covaxin,0
2021-08-08,Czechia,Sinovac,1
2021-08-09,Czechia,Pfizer/BioNTech,44021
2021-08-09,Czechia,Oxford/AstraZeneca,1714
2021-08-09,Czechia,Covaxin,0
2021-08-09,Czechia,Sinovac,5
2021-08-10,Czechia,Pfizer/BioNTech,46927
2021-08-10,Czechia,Oxford/AstraZeneca,1469
2021-08-10,Czechia,Covaxin,0
2021-08-10,Czechia,Sinovac,1
2021-08-11,Czechia,Pfizer/BioNTech,40656
2021-08-11,Czechia,Oxford/AstraZeneca,1272
2021-08-11,Czechia,Covaxin,0
2021-08-11,Czechia,Sinovac,0
2021-08-12,Czechia,Pfizer/BioNTech,43794
2021-08-12,Czechia,Oxford/AstraZeneca,876
2021-08-12,Czechia,Covaxin,0
2021-08-12,Czechia,Sinovac,0
2021-08-13,Czechia,Pfizer/BioNTech,11582
2021-08-13,Czechia,Oxford/AstraZeneca,51
2021-08-13,Czechia,Covaxin,0
2021-08-13,Czechia,Sinovac,0
2021-08-14,Czechia,Pfizer/BioNTech,11606
2021-08-14,Czechia,Oxford/AstraZeneca,19
2021-08-14,Czechia,Covaxin,0
2021-08-14,Czechia,Sinovac,0
2021-08-15,Czechia,Pfizer/BioNTech,37697
2021-08-15,Czechia,Oxford/AstraZeneca,684
2021-08-15,Czechia,Covaxin,0
2021-08-15,Czechia,Sinovac,0
2021-08-16,Czechia,Pfizer/BioNTech,30475
2021-08-16,Czechia,Oxford/AstraZeneca,911
2021-08-16,Czechia,Covaxin,0
2021-08-16,Czechia,Sinovac,1
2021-08-17,Czechia,Pfizer/BioNTech,41696
2021-08-17,Czechia,Oxford/AstraZeneca,743
2021-08-17,Czechia,Covaxin,0
2021-08-17,Czechia,Sinovac,1
2021-08-18,Czechia,Pfizer/BioNTech,40942
2021-08-18,Czechia,Oxford/AstraZeneca,706
2021-08-18,Czechia,Covaxin,0
2021-08-18,Czechia,Sinovac,4
2021-08-19,Czechia,Pfizer/BioNTech,43883
2021-08-19,Czechia,Oxford/AstraZeneca,561
2021-08-19,Czechia,Covaxin,0
2021-08-19,Czechia,Sinovac,1
2021-08-20,Czechia,Pfizer/BioNTech,13282
2021-08-20,Czechia,Oxford/AstraZeneca,101
2021-08-20,Czechia,Covaxin,0
2021-08-20,Czechia,Sinovac,0
2021-08-21,Czechia,Pfizer/BioNTech,12423
2021-08-21,Czechia,Oxford/AstraZeneca,10
2021-08-21,Czechia,Covaxin,0
2021-08-21,Czechia,Sinovac,0
2021-08-22,Czechia,Pfizer/BioNTech,42898
2021-08-22,Czechia,Oxford/AstraZeneca,421
2021-08-22,Czechia,Covaxin,0
2021-08-22,Czechia,Sinovac,0
2021-08-23,Czechia,Pfizer/BioNTech,37094
2021-08-23,Czechia,Oxford/AstraZeneca,300
2021-08-23,Czechia,Covaxin,0
2021-08-23,Czechia,Sinovac,0
2021-08-24,Czechia,Pfizer/BioNTech,30937
2021-08-24,Czechia,Oxford/AstraZeneca,408
2021-08-24,Czechia,Covaxin,0
2021-08-24,Czechia,Sinovac,0
2021-08-25,Czechia,Pfizer/BioNTech,29173
2021-08-25,Czechia,Oxford/AstraZeneca,355
2021-08-25,Czechia,Covaxin,0
2021-08-25,Czechia,Sinovac,1
2021-08-26,Czechia,Pfizer/BioNTech,30182
2021-08-26,Czechia,Oxford/AstraZeneca,300
2021-08-26,Czechia,Covaxin,0
2021-08-26,Czechia,Sinovac,0
2021-08-27,Czechia,Pfizer/BioNTech,8128
2021-08-27,Czechia,Oxford/AstraZeneca,12
2021-08-27,Czechia,Covaxin,0
2021-08-27,Czechia,Sinovac,0
2021-08-28,Czechia,Pfizer/BioNTech,7284
2021-08-28,Czechia,Oxford/AstraZeneca,4
2021-08-28,Czechia,Covaxin,0
2021-08-28,Czechia,Sinovac,1
2021-08-29,Czechia,Pfizer/BioNTech,24853
2021-08-29,Czechia,Oxford/AstraZeneca,391
2021-08-29,Czechia,Covaxin,0
2021-08-29,Czechia,Sinovac,2
2021-08-30,Czechia,Pfizer/BioNTech,20842
2021-08-30,Czechia,Oxford/AstraZeneca,320
2021-08-30,Czechia,Covaxin,0
2021-08-30,Czechia,Sinovac,2
2021-08-31,Czechia,Pfizer/BioNTech,15845
2021-08-31,Czechia,Oxford/AstraZeneca,174
2021-08-31,Czechia,Covaxin,0
2021-08-31,Czechia,Sinovac,2
2021-09-01,Czechia,Pfizer/BioNTech,15516
2021-09-01,Czechia,Oxford/AstraZeneca,185
2021-09-01,Czechia,Covaxin,0
2021-09-01,Czechia,Sinovac,1
2021-09-02,Czechia,Pfizer/BioNTech,19795
2021-09-02,Czechia,Oxford/AstraZeneca,97
2021-09-02,Czechia,Covaxin,0
2021-09-02,Czechia,Sinovac,0
2021-09-03,Czechia,Pfizer/BioNTech,4287
2021-09-03,Czechia,Oxford/AstraZeneca,29
2021-09-03,Czechia,Covaxin,0
2021-09-03,Czechia,Sinovac,0
2021-09-04,Czechia,Pfizer/BioNTech,3757
2021-09-04,Czechia,Oxford/AstraZeneca,8
2021-09-04,Czechia,Covaxin,0
2021-09-04,Czechia,Sinovac,0
2021-09-05,Czechia,Pfizer/BioNTech,14766
2021-09-05,Czechia,Oxford/AstraZeneca,70
2021-09-05,Czechia,Covaxin,0
2021-09-05,Czechia,Sinovac,1
2021-09-06,Czechia,Pfizer/BioNTech,11251
2021-09-06,Czechia,Oxford/AstraZeneca,113
2021-09-06,Czechia,Covaxin,0
2021-09-06,Czechia,Sinovac,3
2021-09-07,Czechia,Pfizer/BioNTech,11985
2021-09-07,Czechia,Oxford/AstraZeneca,112
2021-09-07,Czechia,Covaxin,0
2021-09-07,Czechia,Sinovac,5
2021-09-08,Czechia,Pfizer/BioNTech,12514
2021-09-08,Czechia,Oxford/AstraZeneca,108
2021-09-08,Czechia,Covaxin,0
2021-09-08,Czechia,Sinovac,3
2021-09-09,Czechia,Pfizer/BioNTech,15784
2021-09-09,Czechia,Oxford/AstraZeneca,56
2021-09-09,Czechia,Covaxin,0
2021-09-09,Czechia,Sinovac,0
2021-09-10,Czechia,Pfizer/BioNTech,2985
2021-09-10,Czechia,Oxford/AstraZeneca,9
2021-09-10,Czechia,Covaxin,0
2021-09-10,Czechia,Sinovac,0
2021-09-11,Czechia,Pfizer/BioNTech,1793
2021-09-11,Czechia,Oxford/AstraZeneca,8
2021-09-11,Czechia,Covaxin,0
2021-09-11,Czechia,Sinovac,0
2021-09-12,Czechia,Pfizer/BioNTech,11925
2021-09-12,Czechia,Oxford/AstraZeneca,66
2021-09-12,Czechia,Covaxin,0
2021-09-12,Czechia,Sinovac,0
2021-09-13,Czechia,Pfizer/BioNTech,10570
2021-09-13,Czechia,Oxford/AstraZeneca,68
2021-09-13,Czechia,Covaxin,0
2021-09-13,Czechia,Sinovac,2
2021-09-14,Czechia,Pfizer/BioNTech,10039
2021-09-14,Czechia,Oxford/AstraZeneca,75
2021-09-14,Czechia,Covaxin,0
2021-09-14,Czechia,Sinovac,0
2021-09-15,Czechia,Pfizer/BioNTech,9566
2021-09-15,Czechia,Oxford/AstraZeneca,57
2021-09-15,Czechia,Covaxin,0
2021-09-15,Czechia,Sinovac,0
2021-09-16,Czechia,Pfizer/BioNTech,12246
2021-09-16,Czechia,Oxford/AstraZeneca,49
2021-09-16,Czechia,Covaxin,0
2021-09-16,Czechia,Sinovac,1
2021-09-17,Czechia,Pfizer/BioNTech,2885
2021-09-17,Czechia,Oxford/AstraZeneca,9
2021-09-17,Czechia,Covaxin,0
2021-09-17,Czechia,Sinovac,3
2021-09-18,Czechia,Pfizer/BioNTech,1688
2021-09-18,Czechia,Oxford/AstraZeneca,6
2021-09-18,Czechia,Covaxin,0
2021-09-18,Czechia,Sinovac,0
2021-09-19,Czechia,Pfizer/BioNTech,9754
2021-09-19,Czechia,Oxford/AstraZeneca,61
2021-09-19,Czechia,Covaxin,0
2021-09-19,Czechia,Sinovac,0
2021-09-20,Czechia,Pfizer/BioNTech,9195
2021-09-20,Czechia,Oxford/AstraZeneca,74
2021-09-20,Czechia,Covaxin,0
2021-09-20,Czechia,Sinovac,0
2021-09-21,Czechia,Pfizer/BioNTech,6987
2021-09-21,Czechia,Oxford/AstraZeneca,96
2021-09-21,Czechia,Covaxin,0
2021-09-21,Czechia,Sinovac,0
2021-09-22,Czechia,Pfizer/BioNTech,8788
2021-09-22,Czechia,Oxford/AstraZeneca,59
2021-09-22,Czechia,Covaxin,0
2021-09-22,Czechia,Sinovac,3
2021-09-23,Czechia,Pfizer/BioNTech,11793
2021-09-23,Czechia,Oxford/AstraZeneca,27
2021-09-23,Czechia,Covaxin,0
2021-09-23,Czechia,Sinovac,0
2021-09-24,Czechia,Pfizer/BioNTech,2426
2021-09-24,Czechia,Oxford/AstraZeneca,5
2021-09-24,Czechia,Covaxin,0
2021-09-24,Czechia,Sinovac,0
2021-09-25,Czechia,Pfizer/BioNTech,1827
2021-09-25,Czechia,Oxford/AstraZeneca,5
2021-09-25,Czechia,Covaxin,0
2021-09-25,Czechia,Sinovac,0
2021-09-26,Czechia,Pfizer/BioNTech,8282
2021-09-26,Czechia,Oxford/AstraZeneca,47
2021-09-26,Czechia,Covaxin,0
2021-09-26,Czechia,Sinovac,2
2021-09-27,Czechia,Pfizer/BioNTech,667
2021-09-27,Czechia,Oxford/AstraZeneca,10
2021-09-27,Czechia,Covaxin,0
2021-09-27,Czechia,Sinovac,2
2021-09-28,Czechia,Pfizer/BioNTech,9090
2021-09-28,Czechia,Oxford/AstraZeneca,41
2021-09-28,Czechia,Covaxin,0
2021-09-28,Czechia,Sinovac,3
2021-09-29,Czechia,Pfizer/BioNTech,9786
2021-09-29,Czechia,Oxford/AstraZeneca,38
2021-09-29,Czechia,Covaxin,0
2021-09-29,Czechia,Sinovac,0
2021-09-30,Czechia,Pfizer/BioNTech,11028
2021-09-30,Czechia,Oxford/AstraZeneca,33
2021-09-30,Czechia,Covaxin,0
2021-09-30,Czechia,Sinovac,0
2021-10-01,Czechia,Pfizer/BioNTech,1984
2021-10-01,Czechia,Oxford/AstraZeneca,2
2021-10-01,Czechia,Covaxin,0
2021-10-01,Czechia,Sinovac,1
2021-10-02,Czechia,Pfizer/BioNTech,1070
2021-10-02,Czechia,Oxford/AstraZeneca,3
2021-10-02,Czechia,Covaxin,0
2021-10-02,Czechia,Sinovac,0
2021-10-03,Czechia,Pfizer/BioNTech,7832
2021-10-03,Czechia,Oxford/AstraZeneca,21
2021-10-03,Czechia,Covaxin,0
2021-10-03,Czechia,Sinovac,0
2021-10-04,Czechia,Pfizer/BioNTech,7641
2021-10-04,Czechia,Oxford/AstraZeneca,29
2021-10-04,Czechia,Covaxin,0
2021-10-04,Czechia,Sinovac,1
2021-10-05,Czechia,Pfizer/BioNTech,8562
2021-10-05,Czechia,Oxford/AstraZeneca,33
2021-10-05,Czechia,Covaxin,0
2021-10-05,Czechia,Sinovac,1
2021-10-06,Czechia,Pfizer/BioNTech,7977
2021-10-06,Czechia,Oxford/AstraZeneca,38
2021-10-06,Czechia,Covaxin,0
2021-10-06,Czechia,Sinovac,1
2021-10-07,Czechia,Pfizer/BioNTech,11920
2021-10-07,Czechia,Oxford/AstraZeneca,24
2021-10-07,Czechia,Covaxin,0
2021-10-07,Czechia,Sinovac,1
2021-10-08,Czechia,Pfizer/BioNTech,2559
2021-10-08,Czechia,Oxford/AstraZeneca,5
2021-10-08,Czechia,Covaxin,0
2021-10-08,Czechia,Sinovac,0
2021-10-09,Czechia,Pfizer/BioNTech,1504
2021-10-09,Czechia,Oxford/AstraZeneca,3
2021-10-09,Czechia,Covaxin,0
2021-10-09,Czechia,Sinovac,0
2021-10-10,Czechia,Pfizer/BioNTech,7727
2021-10-10,Czechia,Oxford/AstraZeneca,47
2021-10-10,Czechia,Covaxin,0
2021-10-10,Czechia,Sinovac,0
2021-10-11,Czechia,Pfizer/BioNTech,7932
2021-10-11,Czechia,Oxford/AstraZeneca,42
2021-10-11,Czechia,Covaxin,0
2021-10-11,Czechia,Sinovac,1
2021-10-12,Czechia,Pfizer/BioNTech,9407
2021-10-12,Czechia,Oxford/AstraZeneca,29
2021-10-12,Czechia,Covaxin,0
2021-10-12,Czechia,Sinovac,0
2021-10-13,Czechia,Pfizer/BioNTech,10226
2021-10-13,Czechia,Oxford/AstraZeneca,8
2021-10-13,Czechia,Covaxin,0
2021-10-13,Czechia,Sinovac,0
2021-10-14,Czechia,Pfizer/BioNTech,12796
2021-10-14,Czechia,Oxford/AstraZeneca,7
2021-10-14,Czechia,Covaxin,0
2021-10-14,Czechia,Sinovac,0
2021-10-15,Czechia,Pfizer/BioNTech,3030
2021-10-15,Czechia,Oxford/AstraZeneca,8
2021-10-15,Czechia,Covaxin,0
2021-10-15,Czechia,Sinovac,1
2021-10-16,Czechia,Pfizer/BioNTech,1795
2021-10-16,Czechia,Oxford/AstraZeneca,1
2021-10-16,Czechia,Covaxin,0
2021-10-16,Czechia,Sinovac,1
2021-10-17,Czechia,Pfizer/BioNTech,12235
2021-10-17,Czechia,Oxford/AstraZeneca,40
2021-10-17,Czechia,Covaxin,0
2021-10-17,Czechia,Sinovac,5
2021-10-18,Czechia,Pfizer/BioNTech,13233
2021-10-18,Czechia,Oxford/AstraZeneca,30
2021-10-18,Czechia,Covaxin,0
2021-10-18,Czechia,Sinovac,2
2021-10-19,Czechia,Pfizer/BioNTech,19792
2021-10-19,Czechia,Oxford/AstraZeneca,36
2021-10-19,Czechia,Covaxin,0
2021-10-19,Czechia,Sinovac,2
2021-10-20,Czechia,Pfizer/BioNTech,23974
2021-10-20,Czechia,Oxford/AstraZeneca,22
2021-10-20,Czechia,Covaxin,0
2021-10-20,Czechia,Sinovac,2
2021-10-21,Czechia,Pfizer/BioNTech,28143
2021-10-21,Czechia,Oxford/AstraZeneca,16
2021-10-21,Czechia,Covaxin,0
2021-10-21,Czechia,Sinovac,0
2021-10-22,Czechia,Pfizer/BioNTech,6577
2021-10-22,Czechia,Oxford/AstraZeneca,4
2021-10-22,Czechia,Covaxin,0
2021-10-22,Czechia,Sinovac,0
2021-10-23,Czechia,Pfizer/BioNTech,4402
2021-10-23,Czechia,Oxford/AstraZeneca,2
2021-10-23,Czechia,Covaxin,0
2021-10-23,Czechia,Sinovac,0
2021-10-24,Czechia,Pfizer/BioNTech,27389
2021-10-24,Czechia,Oxford/AstraZeneca,29
2021-10-24,Czechia,Covaxin,0
2021-10-24,Czechia,Sinovac,0
2021-10-25,Czechia,Pfizer/BioNTech,30129
2021-10-25,Czechia,Oxford/AstraZeneca,49
2021-10-25,Czechia,Covaxin,0
2021-10-25,Czechia,Sinovac,1
2021-10-26,Czechia,Pfizer/BioNTech,35741
2021-10-26,Czechia,Oxford/AstraZeneca,58
2021-10-26,Czechia,Covaxin,0
2021-10-26,Czechia,Sinovac,3
2021-10-27,Czechia,Pfizer/BioNTech,6562
2021-10-27,Czechia,Oxford/AstraZeneca,8
2021-10-27,Czechia,Covaxin,0
2021-10-27,Czechia,Sinovac,1
2021-10-28,Czechia,Pfizer/BioNTech,30636
2021-10-28,Czechia,Oxford/AstraZeneca,53
2021-10-28,Czechia,Covaxin,0
2021-10-28,Czechia,Sinovac,1
2021-10-29,Czechia,Pfizer/BioNTech,7150
2021-10-29,Czechia,Oxford/AstraZeneca,4
2021-10-29,Czechia,Covaxin,0
2021-10-29,Czechia,Sinovac,0
2021-10-30,Czechia,Pfizer/BioNTech,6587
2021-10-30,Czechia,Oxford/AstraZeneca,3
2021-10-30,Czechia,Covaxin,0
2021-10-30,Czechia,Sinovac,0
2021-10-31,Czechia,Pfizer/BioNTech,31875
2021-10-31,Czechia,Oxford/AstraZeneca,15
2021-10-31,Czechia,Covaxin,0
2021-10-31,Czechia,Sinovac,0
2021-11-01,Czechia,Pfizer/BioNTech,34842
2021-11-01,Czechia,Oxford/AstraZeneca,12
2021-11-01,Czechia,Covaxin,0
2021-11-01,Czechia,Sinovac,0
2021-11-02,Czechia,Pfizer/BioNTech,41063
2021-11-02,Czechia,Oxford/AstraZeneca,13
2021-11-02,Czechia,Covaxin,0
2021-11-02,Czechia,Sinovac,3
2021-11-03,Czechia,Pfizer/BioNTech,41395
2021-11-03,Czechia,Oxford/AstraZeneca,7
2021-11-03,Czechia,Covaxin,0
2021-11-03,Czechia,Sinovac,2
2021-11-04,Czechia,Pfizer/BioNTech,45788
2021-11-04,Czechia,Oxford/AstraZeneca,11
2021-11-04,Czechia,Covaxin,0
2021-11-04,Czechia,Sinovac,0
2021-11-05,Czechia,Pfizer/BioNTech,11667
2021-11-05,Czechia,Oxford/AstraZeneca,4
2021-11-05,Czechia,Covaxin,0
2021-11-05,Czechia,Sinovac,0
2021-11-06,Czechia,Pfizer/BioNTech,7636
2021-11-06,Czechia,Oxford/AstraZeneca,2
2021-11-06,Czechia,Covaxin,0
2021-11-06,Czechia,Sinovac,0
2021-11-07,Czechia,Pfizer/BioNTech,35933
2021-11-07,Czechia,Oxford/AstraZeneca,11
2021-11-07,Czechia,Covaxin,0
2021-11-07,Czechia,Sinovac,0
2021-11-08,Czechia,Pfizer/BioNTech,35447
2021-11-08,Czechia,Oxford/AstraZeneca,6
2021-11-08,Czechia,Covaxin,0
2021-11-08,Czechia,Sinovac,2
2021-11-09,Czechia,Pfizer/BioNTech,38549
2021-11-09,Czechia,Oxford/AstraZeneca,7
2021-11-09,Czechia,Covaxin,0
2021-11-09,Czechia,Sinovac,2
2021-11-10,Czechia,Pfizer/BioNTech,38219
2021-11-10,Czechia,Oxford/AstraZeneca,11
2021-11-10,Czechia,Covaxin,0
2021-11-10,Czechia,Sinovac,2
2021-11-11,Czechia,Pfizer/BioNTech,44258
2021-11-11,Czechia,Oxford/AstraZeneca,14
2021-11-11,Czechia,Covaxin,0
2021-11-11,Czechia,Sinovac,0
2021-11-12,Czechia,Pfizer/BioNTech,10771
2021-11-12,Czechia,Oxford/AstraZeneca,7
2021-11-12,Czechia,Covaxin,0
2021-11-12,Czechia,Sinovac,0
2021-11-13,Czechia,Pfizer/BioNTech,7207
2021-11-13,Czechia,Oxford/AstraZeneca,4
2021-11-13,Czechia,Covaxin,0
2021-11-13,Czechia,Sinovac,0
2021-11-14,Czechia,Pfizer/BioNTech,35360
2021-11-14,Czechia,Oxford/AstraZeneca,16
2021-11-14,Czechia,Covaxin,0
2021-11-14,Czechia,Sinovac,0
2021-11-15,Czechia,Pfizer/BioNTech,41609
2021-11-15,Czechia,Oxford/AstraZeneca,11
2021-11-15,Czechia,Covaxin,0
2021-11-15,Czechia,Sinovac,3
2021-11-16,Czechia,Pfizer/BioNTech,9013
2021-11-16,Czechia,Oxford/AstraZeneca,12
2021-11-16,Czechia,Covaxin,0
2021-11-16,Czechia,Sinovac,1
2021-11-17,Czechia,Pfizer/BioNTech,41076
2021-11-17,Czechia,Oxford/AstraZeneca,8
2021-11-17,Czechia,Covaxin,0
2021-11-17,Czechia,Sinovac,1
2021-11-18,Czechia,Pfizer/BioNTech,49220
2021-11-18,Czechia,Oxford/AstraZeneca,12
2021-11-18,Czechia,Covaxin,0
2021-11-18,Czechia,Sinovac,1
2021-11-19,Czechia,Pfizer/BioNTech,13734
2021-11-19,Czechia,Oxford/AstraZeneca,2
2021-11-19,Czechia,Covaxin,0
2021-11-19,Czechia,Sinovac,1
2021-11-20,Czechia,Pfizer/BioNTech,9484
2021-11-20,Czechia,Oxford/AstraZeneca,3
2021-11-20,Czechia,Covaxin,0
2021-11-20,Czechia,Sinovac,1
2021-11-21,Czechia,Pfizer/BioNTech,41855
2021-11-21,Czechia,Oxford/AstraZeneca,8
2021-11-21,Czechia,Covaxin,0
2021-11-21,Czechia,Sinovac,1
2021-11-22,Czechia,Pfizer/BioNTech,46232
2021-11-22,Czechia,Oxford/AstraZeneca,11
2021-11-22,Czechia,Covaxin,0
2021-11-22,Czechia,Sinovac,1
2021-11-23,Czechia,Pfizer/BioNTech,49437
2021-11-23,Czechia,Oxford/AstraZeneca,23
2021-11-23,Czechia,Covaxin,0
2021-11-23,Czechia,Sinovac,1
2021-11-24,Czechia,Pfizer/BioNTech,52950
2021-11-24,Czechia,Oxford/AstraZeneca,4
2021-11-24,Czechia,Covaxin,0
2021-11-24,Czechia,Sinovac,2
2021-11-25,Czechia,Pfizer/BioNTech,59728
2021-11-25,Czechia,Oxford/AstraZeneca,6
2021-11-25,Czechia,Covaxin,0
2021-11-25,Czechia,Sinovac,0
2021-11-26,Czechia,Pfizer/BioNTech,16669
2021-11-26,Czechia,Oxford/AstraZeneca,5
2021-11-26,Czechia,Covaxin,0
2021-11-26,Czechia,Sinovac,0
2021-11-27,Czechia,Pfizer/BioNTech,10954
2021-11-27,Czechia,Oxford/AstraZeneca,3
2021-11-27,Czechia,Covaxin,0
2021-11-27,Czechia,Sinovac,0
2021-11-28,Czechia,Pfizer/BioNTech,55753
2021-11-28,Czechia,Oxford/AstraZeneca,18
2021-11-28,Czechia,Covaxin,0
2021-11-28,Czechia,Sinovac,0
2021-11-29,Czechia,Pfizer/BioNTech,61126
2021-11-29,Czechia,Oxford/AstraZeneca,8
2021-11-29,Czechia,Covaxin,0
2021-11-29,Czechia,Sinovac,1
2021-11-30,Czechia,Pfizer/BioNTech,74138
2021-11-30,Czechia,Oxford/AstraZeneca,14
2021-11-30,Czechia,Covaxin,0
2021-11-30,Czechia,Sinovac,1
2021-12-01,Czechia,Pfizer/BioNTech,78345
2021-12-01,Czechia,Oxford/AstraZeneca,9
2021-12-01,Czechia,Covaxin,0
2021-12-01,Czechia,Sinovac,3
2021-12-02,Czechia,Pfizer/BioNTech,83268
2021-12-02,Czechia,Oxford/AstraZeneca,5
2021-12-02,Czechia,Covaxin,0
2021-12-02,Czechia,Sinovac,0
2021-12-03,Czechia,Pfizer/BioNTech,29575
2021-12-03,Czechia,Oxford/AstraZeneca,1
2021-12-03,Czechia,Covaxin,0
2021-12-03,Czechia,Sinovac,0
2021-12-04,Czechia,Pfizer/BioNTech,20925
2021-12-04,Czechia,Oxford/AstraZeneca,2
2021-12-04,Czechia,Covaxin,0
2021-12-04,Czechia,Sinovac,0
2021-12-05,Czechia,Pfizer/BioNTech,74107
2021-12-05,Czechia,Oxford/AstraZeneca,13
2021-12-05,Czechia,Covaxin,0
2021-12-05,Czechia,Sinovac,0
2021-12-06,Czechia,Pfizer/BioNTech,82347
2021-12-06,Czechia,Oxford/AstraZeneca,22
2021-12-06,Czechia,Covaxin,0
2021-12-06,Czechia,Sinovac,0
2021-12-07,Czechia,Pfizer/BioNTech,80076
2021-12-07,Czechia,Oxford/AstraZeneca,6
2021-12-07,Czechia,Covaxin,0
2021-12-07,Czechia,Sinovac,0
2021-12-08,Czechia,Pfizer/BioNTech,84760
2021-12-08,Czechia,Oxford/AstraZeneca,5
2021-12-08,Czechia,Covaxin,0
2021-12-08,Czechia,Sinovac,0
2021-12-09,Czechia,Pfizer/BioNTech,85850
2021-12-09,Czechia,Oxford/AstraZeneca,8
2021-12-09,Czechia,Covaxin,0
2021-12-09,Czechia,Sinovac,0
2021-12-10,Czechia,Pfizer/BioNTech,30397
2021-12-10,Czechia,Oxford/AstraZeneca,1
2021-12-10,Czechia,Covaxin,0
2021-12-10,Czechia,Sinovac,0
2021-12-11,Czechia,Pfizer/BioNTech,20436
2021-12-11,Czechia,Oxford/AstraZeneca,2
2021-12-11,Czechia,Covaxin,0
2021-12-11,Czechia,Sinovac,0
2021-12-12,Czechia,Pfizer/BioNTech,70372
2021-12-12,Czechia,Oxford/AstraZeneca,5
2021-12-12,Czechia,Covaxin,0
2021-12-12,Czechia,Sinovac,0
2021-12-13,Czechia,Pfizer/BioNTech,78380
2021-12-13,Czechia,Oxford/AstraZeneca,10
2021-12-13,Czechia,Covaxin,0
2021-12-13,Czechia,Sinovac,0
2021-12-14,Czechia,Pfizer/BioNTech,79646
2021-12-14,Czechia,Oxford/AstraZeneca,11
2021-12-14,Czechia,Covaxin,0
2021-12-14,Czechia,Sinovac,0
2021-12-15,Czechia,Pfizer/BioNTech,80707
2021-12-15,Czechia,Oxford/AstraZeneca,3
2021-12-15,Czechia,Covaxin,0
2021-12-15,Czechia,Sinovac,0
2021-12-16,Czechia,Pfizer/BioNTech,86071
2021-12-16,Czechia,Oxford/AstraZeneca,8
2021-12-16,Czechia,Covaxin,0
2021-12-16,Czechia,Sinovac,0
2021-12-17,Czechia,Pfizer/BioNTech,30880
2021-12-17,Czechia,Oxford/AstraZeneca,3
2021-12-17,Czechia,Covaxin,0
2021-12-17,Czechia,Sinovac,0
2021-12-18,Czechia,Pfizer/BioNTech,20487
2021-12-18,Czechia,Oxford/AstraZeneca,2
2021-12-18,Czechia,Covaxin,0
2021-12-18,Czechia,Sinovac,0
2021-12-19,Czechia,Pfizer/BioNTech,74489
2021-12-19,Czechia,Oxford/AstraZeneca,2
2021-12-19,Czechia,Covaxin,0
2021-12-19,Czechia,Sinovac,0
2021-12-20,Czechia,Pfizer/BioNTech,75566
2021-12-20,Czechia,Oxford/AstraZeneca,7
2021-12-20,Czechia,Covaxin,0
2021-12-20,Czechia,Sinovac,1
2021-12-21,Czechia,Pfizer/BioNTech,65804
2021-12-21,Czechia,Oxford/AstraZeneca,2
2021-12-21,Czechia,Covaxin,0
2021-12-21,Czechia,Sinovac,0
2021-12-22,Czechia,Pfizer/BioNTech,31867
2021-12-22,Czechia,Oxford/AstraZeneca,3
2021-12-22,Czechia,Covaxin,0
2021-12-22,Czechia,Sinovac,0
2021-12-23,Czechia,Pfizer/BioNTech,461
2021-12-23,Czechia,Oxford/AstraZeneca,2
2021-12-23,Czechia,Covaxin,0
2021-12-23,Czechia,Sinovac,0
2021-12-24,Czechia,Pfizer/BioNTech,23
2021-12-24,Czechia,Oxford/AstraZeneca,0
2021-12-24,Czechia,Covaxin,0
2021-12-24,Czechia,Sinovac,0
2021-12-25,Czechia,Pfizer/BioNTech,1130
2021-12-25,Czechia,Oxford/AstraZeneca,0
2021-12-25,Czechia,Covaxin,0
2021-12-25,Czechia,Sinovac,0
2021-12-26,Czechia,Pfizer/BioNTech,55639
2021-12-26,Czechia,Oxford/AstraZeneca,0
2021-12-26,Czechia,Covaxin,0
2021-12-26,Czechia,Sinovac,0
2021-12-27,Czechia,Pfizer/BioNTech,62538
2021-12-27,Czechia,Oxford/AstraZeneca,0
2021-12-27,Czechia,Covaxin,0
2021-12-27,Czechia,Sinovac,0
2021-12-28,Czechia,Pfizer/BioNTech,59332
2021-12-28,Czechia,Oxford/AstraZeneca,4
2021-12-28,Czechia,Covaxin,0
2021-12-28,Czechia,Sinovac,0
2021-12-29,Czechia,Pfizer/BioNTech,46970
2021-12-29,Czechia,Oxford/AstraZeneca,0
2021-12-29,Czechia,Covaxin,0
2021-12-29,Czechia,Sinovac,0
2021-12-30,Czechia,Pfizer/BioNTech,10283
2021-12-30,Czechia,Oxford/AstraZeneca,0
2021-12-30,Czechia,Covaxin,0
2021-12-30,Czechia,Sinovac,0
2021-12-31,Czechia,Pfizer/BioNTech,49
2021-12-31,Czechia,Oxford/AstraZeneca,0
2021-12-31,Czechia,Covaxin,0
2021-12-31,Czechia,Sinovac,0
