date,location,vaccine,total_vaccinations
2021-01-01,Denmark,Pfizer/BioNTech,12867
2021-01-01,Denmark,Johnson&Johnson,0
2021-01-01,Denmark,Oxford/AstraZeneca,0
2021-01-02,Denmark,Pfizer/BioNTech,12867
2021-01-02,Denmark,Johnson&Johnson,0
2021-01-02,Denmark,Oxford/AstraZeneca,0
2021-01-03,Denmark,Pfizer/BioNTech,12867
2021-01-03,Denmark,Johnson&Johnson,0
2021-01-03,Denmark,Oxford/AstraZeneca,0
2021-01-04,Denmark,Pfizer/BioNTech,12867
2021-01-04,Denmark,Johnson&Johnson,0
2021-01-04,Denmark,Oxford/AstraZeneca,0
2021-01-05,Denmark,Pfizer/BioNTech,12867
2021-01-05,Denmark,Johnson&Johnson,0
2021-01-05,Denmark,Oxford/AstraZeneca,0
2021-01-06,Denmark,Pfizer/BioNTech,12867
2021-01-06,Denmark,Johnson&Johnson,0
2021-01-06,Denmark,Oxford/AstraZeneca,0
2021-01-07,Denmark,Pfizer/BioNTech,12867
2021-01-07,Denmark,Johnson&Johnson,0
2021-01-07,Denmark,Oxford/AstraZeneca,0
2021-01-08,Denmark,Pfizer/BioNTech,6523
2021-01-08,Denmark,Johnson&Johnson,0
2021-01-08,Denmark,Oxford/AstraZeneca,0
2021-01-09,Denmark,Pfizer/BioNTech,6523
2021-01-09,Denmark,Johnson&Johnson,0
2021-01-09,Denmark,Oxford/AstraZeneca,0
2021-01-10,Denmark,Pfizer/BioNTech,6523
2021-01-10,Denmark,Johnson&Johnson,0
2021-01-10,Denmark,Oxford/AstraZeneca,0
2021-01-11,Denmark,Pfizer/BioNTech,6523
2021-01-11,Denmark,Johnson&Johnson,0
2021-01-11,Denmark,Oxford/AstraZeneca,0
2021-01-12,Denmark,Pfizer/BioNTech,6523
2021-01-12,Denmark,Johnson&Johnson,0
2021-01-12,Denmark,Oxford/AstraZeneca,0
2021-01-13,Denmark,Pfizer/BioNTech,6523
2021-01-13,Denmark,Johnson&Johnson,0
2021-01-13,Denmark,Oxford/AstraZeneca,0
2021-01-14,Denmark,Pfizer/BioNTech,6523
2021-01-14,Denmark,Johnson&Johnson,0
2021-01-14,Denmark,Oxford/AstraZeneca,0
2021-01-15,Denmark,Pfizer/BioNTech,4268
2021-01-15,Denmark,Johnson&Johnson,0
2021-01-15,Denmark,Oxford/AstraZeneca,0
2021-01-16,Denmark,Pfizer/BioNTech,4268
2021-01-16,Denmark,Johnson&Johnson,0
2021-01-16,Denmark,Oxford/AstraZeneca,0
2021-01-17,Denmark,Pfizer/BioNTech,4268
2021-01-17,Denmark,Johnson&Johnson,0
2021-01-17,Denmark,Oxford/AstraZeneca,0
2021-01-18,Denmark,Pfizer/BioNTech,4268
2021-01-18,Denmark,Johnson&Johnson,0
2021-01-18,Denmark,Oxford/AstraZeneca,0
2021-01-19,Denmark,Pfizer/BioNTech,4268
2021-01-19,Denmark,Johnson&Johnson,0
2021-01-19,Denmark,Oxford/AstraZeneca,0
2021-01-20,Denmark,Pfizer/BioNTech,4268
2021-01-20,Denmark,Johnson&Johnson,0
2021-01-20,Denmark,Oxford/AstraZeneca,0
2021-01-21,Denmark,Pfizer/BioNTech,4268
2021-01-21,Denmark,Johnson&Johnson,0
2021-01-21,Denmark,Oxford/AstraZeneca,0
2021-01-22,Denmark,Pfizer/BioNTech,7671
2021-01-22,Denmark,Johnson&Johnson,0
2021-01-22,Denmark,Oxford/AstraZeneca,1
2021-01-23,Denmark,Pfizer/BioNTech,7671
2021-01-23,Denmark,Johnson&Johnson,0
2021-01-23,Denmark,Oxford/AstraZeneca,1
2021-01-24,Denmark,Pfizer/BioNTech,7671
2021-01-24,Denmark,Johnson&Johnson,0
2021-01-24,Denmark,Oxford/AstraZeneca,1
2021-01-25,Denmark,Pfizer/BioNTech,7671
2021-01-25,Denmark,Johnson&Johnson,0
2021-01-25,Denmark,Oxford/AstraZeneca,1
2021-01-26,Denmark,Pfizer/BioNTech,7671
2021-01-26,Denmark,Johnson&Johnson,0
2021-01-26,Denmark,Oxford/AstraZeneca,1
2021-01-27,Denmark,Pfizer/BioNTech,7671
2021-01-27,Denmark,Johnson&Johnson,0
2021-01-27,Denmark,Oxford/AstraZeneca,1
2021-01-28,Denmark,Pfizer/BioNTech,7671
2021-01-28,Denmark,Johnson&Johnson,0
2021-01-28,Denmark,Oxford/AstraZeneca,1
2021-01-29,Denmark,Pfizer/BioNTech,7180
2021-01-29,Denmark,Johnson&Johnson,0
2021-01-29,Denmark,Oxford/AstraZeneca,3
2021-01-30,Denmark,Pfizer/BioNTech,7180
2021-01-30,Denmark,Johnson&Johnson,0
2021-01-30,Denmark,Oxford/AstraZeneca,3
2021-01-31,Denmark,Pfizer/BioNTech,7180
2021-01-31,Denmark,Johnson&Johnson,0
2021-01-31,Denmark,Oxford/AstraZeneca,3
2021-02-01,Denmark,Pfizer/BioNTech,7180
2021-02-01,Denmark,Johnson&Johnson,0
2021-02-01,Denmark,Oxford/AstraZeneca,3
2021-02-02,Denmark,Pfizer/BioNTech,7180
2021-02-02,Denmark,Johnson&Johnson,0
2021-02-02,Denmark,Oxford/AstraZeneca,3
2021-02-03,Denmark,Pfizer/BioNTech,7180
2021-02-03,Denmark,Johnson&Johnson,0
2021-02-03,Denmark,Oxford/AstraZeneca,3
2021-02-04,Denmark,Pfizer/BioNTech,7180
2021-02-04,Denmark,Johnson&Johnson,0
2021-02-04,Denmark,Oxford/AstraZeneca,3
2021-02-05,Denmark,Pfizer/BioNTech,5589
2021-02-05,Denmark,Johnson&Johnson,0
2021-02-05,Denmark,Oxford/AstraZeneca,2320
2021-02-06,Denmark,Pfizer/BioNTech,5589
2021-02-06,Denmark,Johnson&Johnson,0
2021-02-06,Denmark,Oxford/AstraZeneca,2320
2021-02-07,Denmark,Pfizer/BioNTech,5589
2021-02-07,Denmark,Johnson&Johnson,0
2021-02-07,Denmark,Oxford/AstraZeneca,2320
2021-02-08,Denmark,Pfizer/BioNTech,5589
2021-02-08,Denmark,Johnson&Johnson,0
2021-02-08,Denmark,Oxford/AstraZeneca,2320
2021-02-09,Denmark,Pfizer/BioNTech,5589
2021-02-09,Denmark,Johnson&Johnson,0
2021-02-09,Denmark,Oxford/AstraZeneca,2320
2021-02-10,Denmark,Pfizer/BioNTech,5589
2021-02-10,Denmark,Johnson&Johnson,0
2021-02-10,Denmark,Oxford/AstraZeneca,2320
2021-02-11,Denmark,Pfizer/BioNTech,5589
2021-02-11,Denmark,Johnson&Johnson,0
2021-02-11,Denmark,Oxford/AstraZeneca,2320
2021-02-12,Denmark,Pfizer/BioNTech,8017
2021-02-12,Denmark,Johnson&Johnson,0
2021-02-12,Denmark,Oxford/AstraZeneca,3447
2021-02-13,Denmark,Pfizer/BioNTech,8017
2021-02-13,Denmark,Johnson&Johnson,0
2021-02-13,Denmark,Oxford/AstraZeneca,3447
2021-02-14,Denmark,Pfizer/BioNTech,8017
2021-02-14,Denmark,Johnson&Johnson,0
2021-02-14,Denmark,Oxford/AstraZeneca,3447
2021-02-15,Denmark,Pfizer/BioNTech,8017
2021-02-15,Denmark,Johnson&Johnson,0
2021-02-15,Denmark,Oxford/AstraZeneca,3447
2021-02-16,Denmark,Pfizer/BioNTech,8017
2021-02-16,Denmark,Johnson&Johnson,0
2021-02-16,Denmark,Oxford/AstraZeneca,3447
2021-02-17,Denmark,Pfizer/BioNTech,8017
2021-02-17,Denmark,Johnson&Johnson,0
2021-02-17,Denmark,Oxford/AstraZeneca,3447
2021-02-18,Denmark,Pfizer/BioNTech,8017
2021-02-18,Denmark,Johnson&Johnson,0
2021-02-18,Denmark,Oxford/AstraZeneca,3447
2021-02-19,Denmark,Pfizer/BioNTech,9241
2021-02-19,Denmark,Johnson&Johnson,0
2021-02-19,Denmark,Oxford/AstraZeneca,6379
2021-02-20,Denmark,Pfizer/BioNTech,9241
2021-02-20,Denmark,Johnson&Johnson,0
2021-02-20,Denmark,Oxford/AstraZeneca,6379
2021-02-21,Denmark,Pfizer/BioNTech,9241
2021-02-21,Denmark,Johnson&Johnson,0
2021-02-21,Denmark,Oxford/AstraZeneca,6379
2021-02-22,Denmark,Pfizer/BioNTech,9241
2021-02-22,Denmark,Johnson&Johnson,0
2021-02-22,Denmark,Oxford/AstraZeneca,6379
2021-02-23,Denmark,Pfizer/BioNTech,9241
2021-02-23,Denmark,Johnson&Johnson,0
2021-02-23,Denmark,Oxford/AstraZeneca,6379
2021-02-24,Denmark,Pfizer/BioNTech,9241
2021-02-24,Denmark,Johnson&Johnson,0
2021-02-24,Denmark,Oxford/AstraZeneca,6379
2021-02-25,Denmark,Pfizer/BioNTech,9241
2021-02-25,Denmark,Johnson&Johnson,0
2021-02-25,Denmark,Oxford/AstraZeneca,6379
2021-02-26,Denmark,Pfizer/BioNTech,9261
2021-02-26,Denmark,Johnson&Johnson,0
2021-02-26,Denmark,Oxford/AstraZeneca,6809
2021-02-27,Denmark,Pfizer/BioNTech,9261
2021-02-27,Denmark,Johnson&Johnson,0
2021-02-27,Denmark,Oxford/AstraZeneca,6809
2021-02-28,Denmark,Pfizer/BioNTech,9261
2021-02-28,Denmark,Johnson&Johnson,0
2021-02-28,Denmark,Oxford/AstraZeneca,6809
2021-03-01,Denmark,Pfizer/BioNTech,9261
2021-03-01,Denmark,Johnson&Johnson,0
2021-03-01,Denmark,Oxford/AstraZeneca,6809
2021-03-02,Denmark,Pfizer/BioNTech,9261
2021-03-02,Denmark,Johnson&Johnson,0
2021-03-02,Denmark,Oxford/AstraZeneca,6809
2021-03-03,Denmark,Pfizer/BioNTech,9261
2021-03-03,Denmark,Johnson&Johnson,0
2021-03-03,Denmark,Oxford/AstraZeneca,6809
2021-03-04,Denmark,Pfizer/BioNTech,9261
2021-03-04,Denmark,Johnson&Johnson,0
2021-03-04,Denmark,Oxford/AstraZeneca,6809
2021-03-05,Denmark,Pfizer/BioNTech,9045
2021-03-05,Denmark,Johnson&Johnson,1
2021-03-05,Denmark,Oxford/AstraZeneca,2595
2021-03-06,Denmark,Pfizer/BioNTech,9045
2021-03-06,Denmark,Johnson&Johnson,1
2021-03-06,Denmark,Oxford/AstraZeneca,2595
2021-03-07,Denmark,Pfizer/BioNTech,9045
2021-03-07,Denmark,Johnson&Johnson,1
2021-03-07,Denmark,Oxford/AstraZeneca,2595
2021-03-08,Denmark,Pfizer/BioNTech,9045
2021-03-08,Denmark,Johnson&Johnson,1
2021-03-08,Denmark,Oxford/AstraZeneca,2595
2021-03-09,Denmark,Pfizer/BioNTech,9045
2021-03-09,Denmark,Johnson&Johnson,1
2021-03-09,Denmark,Oxford/AstraZeneca,2595
2021-03-10,Denmark,Pfizer/BioNTech,9045
2021-03-10,Denmark,Johnson&Johnson,1
2021-03-10,Denmark,Oxford/AstraZeneca,2595
2021-03-11,Denmark,Pfizer/BioNTech,9045
2021-03-11,Denmark,Johnson&Johnson,1
2021-03-11,Denmark,Oxford/AstraZeneca,2595
2021-03-12,Denmark,Pfizer/BioNTech,12394
2021-03-12,Denmark,Johnson&Johnson,8
2021-03-12,Denmark,Oxford/AstraZeneca,20
2021-03-13,Denmark,Pfizer/BioNTech,12394
2021-03-13,Denmark,Johnson&Johnson,8
2021-03-13,Denmark,Oxford/AstraZeneca,20
2021-03-14,Denmark,Pfizer/BioNTech,12394
2021-03-14,Denmark,Johnson&Johnson,8
2021-03-14,Denmark,Oxford/AstraZeneca,20
2021-03-15,Denmark,Pfizer/BioNTech,12394
2021-03-15,Denmark,Johnson&Johnson,8
2021-03-15,Denmark,Oxford/AstraZeneca,20
2021-03-16,Denmark,Pfizer/BioNTech,12394
2021-03-16,Denmark,Johnson&Johnson,8
2021-03-16,Denmark,Oxford/AstraZeneca,20
2021-03-17,Denmark,Pfizer/BioNTech,12394
2021-03-17,Denmark,Johnson&Johnson,8
2021-03-17,Denmark,Oxford/AstraZeneca,20
2021-03-18,Denmark,Pfizer/BioNTech,12394
2021-03-18,Denmark,Johnson&Johnson,8
2021-03-18,Denmark,Oxford/AstraZeneca,20
2021-03-19,Denmark,Pfizer/BioNTech,12873
2021-03-19,Denmark,Johnson&Johnson,6
2021-03-19,Denmark,Oxford/AstraZeneca,22
2021-03-20,Denmark,Pfizer/BioNTech,12873
2021-03-20,Denmark,Johnson&Johnson,6
2021-03-20,Denmark,Oxford/AstraZeneca,22
2021-03-21,Denmark,Pfizer/BioNTech,12873
2021-03-21,Denmark,Johnson&Johnson,6
2021-03-21,Denmark,Oxford/AstraZeneca,22
2021-03-22,Denmark,Pfizer/BioNTech,12873
2021-03-22,Denmark,Johnson&Johnson,6
2021-03-22,Denmark,Oxford/AstraZeneca,22
2021-03-23,Denmark,Pfizer/BioNTech,12873
2021-03-23,Denmark,Johnson&Johnson,6
2021-03-23,Denmark,Oxford/AstraZeneca,22
2021-03-24,Denmark,Pfizer/BioNTech,12873
2021-03-24,Denmark,Johnson&Johnson,6
2021-03-24,Denmark,Oxford/AstraZeneca,22
2021-03-25,Denmark,Pfizer/BioNTech,12873
2021-03-25,Denmark,Johnson&Johnson,6
2021-03-25,Denmark,Oxford/AstraZeneca,22
2021-03-26,Denmark,Pfizer/BioNTech,14141
2021-03-26,Denmark,Johnson&Johnson,8
2021-03-26,Denmark,Oxford/AstraZeneca,17
2021-03-27,Denmark,Pfizer/BioNTech,14141
2021-03-27,Denmark,Johnson&Johnson,8
2021-03-27,Denmark,Oxford/AstraZeneca,17
2021-03-28,Denmark,Pfizer/BioNTech,14141
2021-03-28,Denmark,Johnson&Johnson,8
2021-03-28,Denmark,Oxford/AstraZeneca,17
2021-03-29,Denmark,Pfizer/BioNTech,14141
2021-03-29,Denmark,Johnson&Johnson,8
2021-03-29,Denmark,Oxford/AstraZeneca,17
2021-03-30,Denmark,Pfizer/BioNTech,14141
2021-03-30,Denmark,Johnson&Johnson,8
2021-03-30,Denmark,Oxford/AstraZeneca,17
2021-03-31,Denmark,Pfizer/BioNTech,14141
2021-03-31,Denmark,Johnson&Johnson,8
2021-03-31,Denmark,Oxford/AstraZeneca,17
2021-04-01,Denmark,Pfizer/BioNTech,14141
2021-04-01,Denmark,Johnson&Johnson,8
2021-04-01,Denmark,Oxford/AstraZeneca,17
2021-04-02,Denmark,Pfizer/BioNTech,17817
2021-04-02,Denmark,Johnson&Johnson,19
2021-04-02,Denmark,Oxford/AstraZeneca,19
2021-04-03,Denmark,Pfizer/BioNTech,17817
2021-04-03,Denmark,Johnson&Johnson,19
2021-04-03,Denmark,Oxford/AstraZeneca,19
2021-04-04,Denmark,Pfizer/BioNTech,17817
2021-04-04,Denmark,Johnson&Johnson,19
2021-04-04,Denmark,Oxford/AstraZeneca,19
2021-04-05,Denmark,Pfizer/BioNTech,17817
2021-04-05,Denmark,Johnson&Johnson,19
2021-04-05,Denmark,Oxford/AstraZeneca,19
2021-04-06,Denmark,Pfizer/BioNTech,17817
2021-04-06,Denmark,Johnson&Johnson,19
2021-04-06,Denmark,Oxford/AstraZeneca,19
2021-04-07,Denmark,Pfizer/BioNTech,17817
2021-04-07,Denmark,Johnson&Johnson,19
2021-04-07,Denmark,Oxford/AstraZeneca,19
2021-04-08,Denmark,Pfizer/BioNTech,17817
2021-04-08,Denmark,Johnson&Johnson,19
2021-04-08,Denmark,Oxford/AstraZeneca,19
2021-04-09,Denmark,Pfizer/BioNTech,30942
2021-04-09,Denmark,Johnson&Johnson,2
2021-04-09,Denmark,Oxford/AstraZeneca,20
2021-04-10,Denmark,Pfizer/BioNTech,30942
2021-04-10,Denmark,Johnson&Johnson,2
2021-04-10,Denmark,Oxford/AstraZeneca,20
2021-04-11,Denmark,Pfizer/BioNTech,30942
2021-04-11,Denmark,Johnson&Johnson,2
2021-04-11,Denmark,Oxford/AstraZeneca,20
2021-04-12,Denmark,Pfizer/BioNTech,30942
2021-04-12,Denmark,Johnson&Johnson,2
2021-04-12,Denmark,Oxford/AstraZeneca,20
2021-04-13,Denmark,Pfizer/BioNTech,30942
2021-04-13,Denmark,Johnson&Johnson,2
2021-04-13,Denmark,Oxford/AstraZeneca,20
2021-04-14,Denmark,Pfizer/BioNTech,30942
2021-04-14,Denmark,Johnson&Johnson,2
2021-04-14,Denmark,Oxford/AstraZeneca,20
2021-04-15,Denmark,Pfizer/BioNTech,30942
2021-04-15,Denmark,Johnson&Johnson,2
2021-04-15,Denmark,Oxford/AstraZeneca,20
2021-04-16,Denmark,Pfizer/BioNTech,29364
2021-04-16,Denmark,Johnson&Johnson,0
2021-04-16,Denmark,Oxford/AstraZeneca,19
2021-04-17,Denmark,Pfizer/BioNTech,29364
2021-04-17,Denmark,Johnson&Johnson,0
2021-04-17,Denmark,Oxford/AstraZeneca,19
2021-04-18,Denmark,Pfizer/BioNTech,29364
2021-04-18,Denmark,Johnson&Johnson,0
2021-04-18,Denmark,Oxford/AstraZeneca,19
2021-04-19,Denmark,Pfizer/BioNTech,29364
2021-04-19,Denmark,Johnson&Johnson,0
2021-04-19,Denmark,Oxford/AstraZeneca,19
2021-04-20,Denmark,Pfizer/BioNTech,29364
2021-04-20,Denmark,Johnson&Johnson,0
2021-04-20,Denmark,Oxford/AstraZeneca,19
2021-04-21,Denmark,Pfizer/BioNTech,29364
2021-04-21,Denmark,Johnson&Johnson,0
2021-04-21,Denmark,Oxford/AstraZeneca,19
2021-04-22,Denmark,Pfizer/BioNTech,29364
2021-04-22,Denmark,Johnson&Johnson,0
2021-04-22,Denmark,Oxford/AstraZeneca,19
2021-04-23,Denmark,Pfizer/BioNTech,29496
2021-04-23,Denmark,Johnson&Johnson,6
2021-04-23,Denmark,Oxford/AstraZeneca,20
2021-04-24,Denmark,Pfizer/BioNTech,29496
2021-04-24,Denmark,Johnson&Johnson,6
2021-04-24,Denmark,Oxford/AstraZeneca,20
2021-04-25,Denmark,Pfizer/BioNTech,29496
2021-04-25,Denmark,Johnson&Johnson,6
2021-04-25,Denmark,Oxford/AstraZeneca,20
2021-04-26,Denmark,Pfizer/BioNTech,29496
2021-04-26,Denmark,Johnson&Johnson,6
2021-04-26,Denmark,Oxford/AstraZeneca,20
2021-04-27,Denmark,Pfizer/BioNTech,29496
2021-04-27,Denmark,Johnson&Johnson,6
2021-04-27,Denmark,Oxford/AstraZeneca,20
2021-04-28,Denmark,Pfizer/BioNTech,29496
2021-04-28,Denmark,Johnson&Johnson,6
2021-04-28,Denmark,Oxford/AstraZeneca,20
2021-04-29,Denmark,Pfizer/BioNTech,29496
2021-04-29,Denmark,Johnson&Johnson,6
2021-04-29,Denmark,Oxford/AstraZeneca,20
2021-04-30,Denmark,Pfizer/BioNTech,42134
2021-04-30,Denmark,Johnson&Johnson,8
2021-04-30,Denmark,Oxford/AstraZeneca,27
2021-05-01,Denmark,Pfizer/BioNTech,42134
2021-05-01,Denmark,Johnson&Johnson,8
2021-05-01,Denmark,Oxford/AstraZeneca,27
2021-05-02,Denmark,Pfizer/BioNTech,42134
2021-05-02,Denmark,Johnson&Johnson,8
2021-05-02,Denmark,Oxford/AstraZeneca,27
2021-05-03,Denmark,Pfizer/BioNTech,42134
2021-05-03,Denmark,Johnson&Johnson,8
2021-05-03,Denmark,Oxford/AstraZeneca,27
2021-05-04,Denmark,Pfizer/BioNTech,42134
2021-05-04,Denmark,Johnson&Johnson,8
2021-05-04,Denmark,Oxford/AstraZeneca,27
2021-05-05,Denmark,Pfizer/BioNTech,42134
2021-05-05,Denmark,Johnson&Johnson,8
2021-05-05,Denmark,Oxford/AstraZeneca,27
2021-05-06,Denmark,Pfizer/BioNTech,42134
2021-05-06,Denmark,Johnson&Johnson,8
2021-05-06,Denmark,Oxford/AstraZeneca,27
2021-05-07,Denmark,Pfizer/BioNTech,41623
2021-05-07,Denmark,Johnson&Johnson,13
2021-05-07,Denmark,Oxford/AstraZeneca,29
2021-05-08,Denmark,Pfizer/BioNTech,41623
2021-05-08,Denmark,Johnson&Johnson,13
2021-05-08,Denmark,Oxford/AstraZeneca,29
2021-05-09,Denmark,Pfizer/BioNTech,41623
2021-05-09,Denmark,Johnson&Johnson,13
2021-05-09,Denmark,Oxford/AstraZeneca,29
2021-05-10,Denmark,Pfizer/BioNTech,41623
2021-05-10,Denmark,Johnson&Johnson,13
2021-05-10,Denmark,Oxford/AstraZeneca,29
2021-05-11,Denmark,Pfizer/BioNTech,41623
2021-05-11,Denmark,Johnson&Johnson,13
2021-05-11,Denmark,Oxford/AstraZeneca,29
2021-05-12,Denmark,Pfizer/BioNTech,41623
2021-05-12,Denmark,Johnson&Johnson,13
2021-05-12,Denmark,Oxford/AstraZeneca,29
2021-05-13,Denmark,Pfizer/BioNTech,41623
2021-05-13,Denmark,Johnson&Johnson,13
2021-05-13,Denmark,Oxford/AstraZeneca,29
2021-05-14,Denmark,Pfizer/BioNTech,43293
2021-05-14,Denmark,Johnson&Johnson,22
2021-05-14,Denmark,Oxford/AstraZeneca,33
2021-05-15,Denmark,Pfizer/BioNTech,43293
2021-05-15,Denmark,Johnson&Johnson,22
2021-05-15,Denmark,Oxford/AstraZeneca,33
2021-05-16,Denmark,Pfizer/BioNTech,43293
2021-05-16,Denmark,Johnson&Johnson,22
2021-05-16,Denmark,Oxford/AstraZeneca,33
2021-05-17,Denmark,Pfizer/BioNTech,43293
2021-05-17,Denmark,Johnson&Johnson,22
2021-05-17,Denmark,Oxford/AstraZeneca,33
2021-05-18,Denmark,Pfizer/BioNTech,43293
2021-05-18,Denmark,Johnson&Johnson,22
2021-05-18,Denmark,Oxford/AstraZeneca,33
2021-05-19,Denmark,Pfizer/BioNTech,43293
2021-05-19,Denmark,Johnson&Johnson,22
2021-05-19,Denmark,Oxford/AstraZeneca,33
2021-05-20,Denmark,Pfizer/BioNTech,43293
2021-05-20,Denmark,Johnson&Johnson,22
2021-05-20,Denmark,Oxford/AstraZeneca,33
2021-05-21,Denmark,Pfizer/BioNTech,41907
2021-05-21,Denmark,Johnson&Johnson,132
2021-05-21,Denmark,Oxford/AstraZeneca,40
2021-05-22,Denmark,Pfizer/BioNTech,41907
2021-05-22,Denmark,Johnson&Johnson,132
2021-05-22,Denmark,Oxford/AstraZeneca,40
2021-05-23,Denmark,Pfizer/BioNTech,41907
2021-05-23,Denmark,Johnson&Johnson,132
2021-05-23,Denmark,Oxford/AstraZeneca,40
2021-05-24,Denmark,Pfizer/BioNTech,41907
2021-05-24,Denmark,Johnson&Johnson,132
2021-05-24,Denmark,Oxford/AstraZeneca,40
2021-05-25,Denmark,Pfizer/BioNTech,41907
2021-05-25,Denmark,Johnson&Johnson,132
2021-05-25,Denmark,Oxford/AstraZeneca,40
2021-05-26,Denmark,Pfizer/BioNTech,41907
2021-05-26,Denmark,Johnson&Johnson,132
2021-05-26,Denmark,Oxford/AstraZeneca,40
2021-05-27,Denmark,Pfizer/BioNTech,41907
2021-05-27,Denmark,Johnson&Johnson,132
2021-05-27,Denmark,Oxford/AstraZeneca,40
2021-05-28,Denmark,Pfizer/BioNTech,46130
2021-05-28,Denmark,Johnson&Johnson,1330
2021-05-28,Denmark,Oxford/AstraZeneca,35
2021-05-29,Denmark,Pfizer/BioNTech,46130
2021-05-29,Denmark,Johnson&Johnson,1330
2021-05-29,Denmark,Oxford/AstraZeneca,35
2021-05-30,Denmark,Pfizer/BioNTech,46130
2021-05-30,Denmark,Johnson&Johnson,1330
2021-05-30,Denmark,Oxford/AstraZeneca,35
2021-05-31,Denmark,Pfizer/BioNTech,46130
2021-05-31,Denmark,Johnson&Johnson,1330
2021-05-31,Denmark,Oxford/AstraZeneca,35
2021-06-01,Denmark,Pfizer/BioNTech,46130
2021-06-01,Denmark,Johnson&Johnson,1330
2021-06-01,Denmark,Oxford/AstraZeneca,35
2021-06-02,Denmark,Pfizer/BioNTech,46130
2021-06-02,Denmark,Johnson&Johnson,1330
2021-06-02,Denmark,Oxford/AstraZeneca,35
2021-06-03,Denmark,Pfizer/BioNTech,46130
2021-06-03,Denmark,Johnson&Johnson,1330
2021-06-03,Denmark,Oxford/AstraZeneca,35
2021-06-04,Denmark,Pfizer/BioNTech,56990
2021-06-04,Denmark,Johnson&Johnson,2619
2021-06-04,Denmark,Oxford/AstraZeneca,54
2021-06-05,Denmark,Pfizer/BioNTech,56990
2021-06-05,Denmark,Johnson&Johnson,2619
2021-06-05,Denmark,Oxford/AstraZeneca,54
2021-06-06,Denmark,Pfizer/BioNTech,56990
2021-06-06,Denmark,Johnson&Johnson,2619
2021-06-06,Denmark,Oxford/AstraZeneca,54
2021-06-07,Denmark,Pfizer/BioNTech,56990
2021-06-07,Denmark,Johnson&Johnson,2619
2021-06-07,Denmark,Oxford/AstraZeneca,54
2021-06-08,Denmark,Pfizer/BioNTech,56990
2021-06-08,Denmark,Johnson&Johnson,2619
2021-06-08,Denmark,Oxford/AstraZeneca,54
2021-06-09,Denmark,Pfizer/BioNTech,56990
2021-06-09,Denmark,Johnson&Johnson,2619
2021-06-09,Denmark,Oxford/AstraZeneca,54
2021-06-10,Denmark,Pfizer/BioNTech,56990
2021-06-10,Denmark,Johnson&Johnson,2619
2021-06-10,Denmark,Oxford/AstraZeneca,54
2021-06-11,Denmark,Pfizer/BioNTech,55472
2021-06-11,Denmark,Johnson&Johnson,1338
2021-06-11,Denmark,Oxford/AstraZeneca,39
2021-06-12,Denmark,Pfizer/BioNTech,55472
2021-06-12,Denmark,Johnson&Johnson,1338
2021-06-12,Denmark,Oxford/AstraZeneca,39
2021-06-13,Denmark,Pfizer/BioNTech,55472
2021-06-13,Denmark,Johnson&Johnson,1338
2021-06-13,Denmark,Oxford/AstraZeneca,39
2021-06-14,Denmark,Pfizer/BioNTech,55472
2021-06-14,Denmark,Johnson&Johnson,1338
2021-06-14,Denmark,Oxford/AstraZeneca,39
2021-06-15,Denmark,Pfizer/BioNTech,55472
2021-06-15,Denmark,Johnson&Johnson,1338
2021-06-15,Denmark,Oxford/AstraZeneca,39
2021-06-16,Denmark,Pfizer/BioNTech,55472
2021-06-16,Denmark,Johnson&Johnson,1338
2021-06-16,Denmark,Oxford/AstraZeneca,39
2021-06-17,Denmark,Pfizer/BioNTech,55472
2021-06-17,Denmark,Johnson&Johnson,1338
2021-06-17,Denmark,Oxford/AstraZeneca,39
2021-06-18,Denmark,Pfizer/BioNTech,53129
2021-06-18,Denmark,Johnson&Johnson,499
2021-06-18,Denmark,Oxford/AstraZeneca,22
2021-06-19,Denmark,Pfizer/BioNTech,53129
2021-06-19,Denmark,Johnson&Johnson,499
2021-06-19,Denmark,Oxford/AstraZeneca,22
2021-06-20,Denmark,Pfizer/BioNTech,53129
2021-06-20,Denmark,Johnson&Johnson,499
2021-06-20,Denmark,Oxford/AstraZeneca,22
2021-06-21,Denmark,Pfizer/BioNTech,53129
2021-06-21,Denmark,Johnson&Johnson,499
2021-06-21,Denmark,Oxford/AstraZeneca,22
2021-06-22,Denmark,Pfizer/BioNTech,53129
2021-06-22,Denmark,Johnson&Johnson,499
2021-06-22,Denmark,Oxford/AstraZeneca,22
2021-06-23,Denmark,Pfizer/BioNTech,53129
2021-06-23,Denmark,Johnson&Johnson,499
2021-06-23,Denmark,Oxford/AstraZeneca,22
2021-06-24,Denmark,Pfizer/BioNTech,53129
2021-06-24,Denmark,Johnson&Johnson,499
2021-06-24,Denmark,Oxford/AstraZeneca,22
2021-06-25,Denmark,Pfizer/BioNTech,54160
2021-06-25,Denmark,Johnson&Johnson,240
2021-06-25,Denmark,Oxford/AstraZeneca,27
2021-06-26,Denmark,Pfizer/BioNTech,54160
2021-06-26,Denmark,Johnson&Johnson,240
2021-06-26,Denmark,Oxford/AstraZeneca,27
2021-06-27,Denmark,Pfizer/BioNTech,54160
2021-06-27,Denmark,Johnson&Johnson,240
2021-06-27,Denmark,Oxford/AstraZeneca,27
2021-06-28,Denmark,Pfizer/BioNTech,54160
2021-06-28,Denmark,Johnson&Johnson,240
2021-06-28,Denmark,Oxford/AstraZeneca,27
2021-06-29,Denmark,Pfizer/BioNTech,54160
2021-06-29,Denmark,Johnson&Johnson,240
2021-06-29,Denmark,Oxford/AstraZeneca,27
2021-06-30,Denmark,Pfizer/BioNTech,54160
2021-06-30,Denmark,Johnson&Johnson,240
2021-06-30,Denmark,Oxford/AstraZeneca,27
2021-07-01,Denmark,Pfizer/BioNTech,54160
2021-07-01,Denmark,Johnson&Johnson,240
2021-07-01,Denmark,Oxford/AstraZeneca,27
2021-07-02,Denmark,Pfizer/BioNTech,60604
2021-07-02,Denmark,Johnson&Johnson,79
2021-07-02,Denmark,Oxford/AstraZeneca,17
2021-07-03,Denmark,Pfizer/BioNTech,60604
2021-07-03,Denmark,Johnson&Johnson,79
2021-07-03,Denmark,Oxford/AstraZeneca,17
2021-07-04,Denmark,Pfizer/BioNTech,60604
2021-07-04,Denmark,Johnson&Johnson,79
2021-07-04,Denmark,Oxford/AstraZeneca,17
2021-07-05,Denmark,Pfizer/BioNTech,60604
2021-07-05,Denmark,Johnson&Johnson,79
2021-07-05,Denmark,Oxford/AstraZeneca,17
2021-07-06,Denmark,Pfizer/BioNTech,60604
2021-07-06,Denmark,Johnson&Johnson,79
2021-07-06,Denmark,Oxford/AstraZeneca,17
2021-07-07,Denmark,Pfizer/BioNTech,60604
2021-07-07,Denmark,Johnson&Johnson,79
2021-07-07,Denmark,Oxford/AstraZeneca,17
2021-07-08,Denmark,Pfizer/BioNTech,60604
2021-07-08,Denmark,Johnson&Johnson,79
2021-07-08,Denmark,Oxford/AstraZeneca,17
2021-07-09,Denmark,Pfizer/BioNTech,57372
2021-07-09,Denmark,Johnson&Johnson,42
2021-07-09,Denmark,Oxford/AstraZeneca,24
2021-07-10,Denmark,Pfizer/BioNTech,57372
2021-07-10,Denmark,Johnson&Johnson,42
2021-07-10,Denmark,Oxford/AstraZeneca,24
2021-07-11,Denmark,Pfizer/BioNTech,57372
2021-07-11,Denmark,Johnson&Johnson,42
2021-07-11,Denmark,Oxford/AstraZeneca,24
2021-07-12,Denmark,Pfizer/BioNTech,57372
2021-07-12,Denmark,Johnson&Johnson,42
2021-07-12,Denmark,Oxford/AstraZeneca,24
2021-07-13,Denmark,Pfizer/BioNTech,57372
2021-07-13,Denmark,Johnson&Johnson,42
2021-07-13,Denmark,Oxford/AstraZeneca,24
2021-07-14,Denmark,Pfizer/BioNTech,57372
2021-07-14,Denmark,Johnson&Johnson,42
2021-07-14,Denmark,Oxford/AstraZeneca,24
2021-07-15,Denmark,Pfizer/BioNTech,57372
2021-07-15,Denmark,Johnson&Johnson,42
2021-07-15,Denmark,Oxford/AstraZeneca,24
2021-07-16,Denmark,Pfizer/BioNTech,52238
2021-07-16,Denmark,Johnson&Johnson,32
2021-07-16,Denmark,Oxford/AstraZeneca,24
2021-07-17,Denmark,Pfizer/BioNTech,52238
2021-07-17,Denmark,Johnson&Johnson,32
2021-07-17,Denmark,Oxford/AstraZeneca,24
2021-07-18,Denmark,Pfizer/BioNTech,52238
2021-07-18,Denmark,Johnson&Johnson,32
2021-07-18,Denmark,Oxford/AstraZeneca,24
2021-07-19,Denmark,Pfizer/BioNTech,52238
2021-07-19,Denmark,Johnson&Johnson,32
2021-07-19,Denmark,Oxford/AstraZeneca,24
2021-07-20,Denmark,Pfizer/BioNTech,52238
2021-07-20,Denmark,Johnson&Johnson,32
2021-07-20,Denmark,Oxford/AstraZeneca,24
2021-07-21,Denmark,Pfizer/BioNTech,52238
2021-07-21,Denmark,Johnson&Johnson,32
2021-07-21,Denmark,Oxford/AstraZeneca,24
2021-07-22,Denmark,Pfizer/BioNTech,52238
2021-07-22,Denmark,Johnson&Johnson,32
2021-07-22,Denmark,Oxford/AstraZeneca,24
2021-07-23,Denmark,Pfizer/BioNTech,38692
2021-07-23,Denmark,Johnson&Johnson,17
2021-07-23,Denmark,Oxford/AstraZeneca,19
2021-07-24,Denmark,Pfizer/BioNTech,38692
2021-07-24,Denmark,Johnson&Johnson,17
2021-07-24,Denmark,Oxford/AstraZeneca,19
2021-07-25,Denmark,Pfizer/BioNTech,38692
2021-07-25,Denmark,Johnson&Johnson,17
2021-07-25,Denmark,Oxford/AstraZeneca,19
2021-07-26,Denmark,Pfizer/BioNTech,38692
2021-07-26,Denmark,Johnson&Johnson,17
2021-07-26,Denmark,Oxford/AstraZeneca,19
2021-07-27,Denmark,Pfizer/BioNTech,38692
2021-07-27,Denmark,Johnson&Johnson,17
2021-07-27,Denmark,Oxford/AstraZeneca,19
2021-07-28,Denmark,Pfizer/BioNTech,38692
2021-07-28,Denmark,Johnson&Johnson,17
2021-07-28,Denmark,Oxford/AstraZeneca,19
2021-07-29,Denmark,Pfizer/BioNTech,38692
2021-07-29,Denmark,Johnson&Johnson,17
2021-07-29,Denmark,Oxford/AstraZeneca,19
2021-07-30,Denmark,Pfizer/BioNTech,33759
2021-07-30,Denmark,Johnson&Johnson,15
2021-07-30,Denmark,Oxford/AstraZeneca,13
2021-07-31,Denmark,Pfizer/BioNTech,33759
2021-07-31,Denmark,Johnson&Johnson,15
2021-07-31,Denmark,Oxford/AstraZeneca,13
2021-08-01,Denmark,Pfizer/BioNTech,33759
2021-08-01,Denmark,Johnson&Johnson,15
2021-08-01,Denmark,Oxford/AstraZeneca,13
2021-08-02,Denmark,Pfizer/BioNTech,33759
2021-08-02,Denmark,Johnson&Johnson,15
2021-08-02,Denmark,Oxford/AstraZeneca,13
2021-08-03,Denmark,Pfizer/BioNTech,33759
2021-08-03,Denmark,Johnson&Johnson,15
2021-08-03,Denmark,Oxford/AstraZeneca,13
2021-08-04,Denmark,Pfizer/BioNTech,33759
2021-08-04,Denmark,Johnson&Johnson,15
2021-08-04,Denmark,Oxford/AstraZeneca,13
2021-08-05,Denmark,Pfizer/BioNTech,33759
2021-08-05,Denmark,Johnson&Johnson,15
2021-08-05,Denmark,Oxford/AstraZeneca,13
2021-08-06,Denmark,Pfizer/BioNTech,31678
2021-08-06,Denmark,Johnson&Johnson,11
2021-08-06,Denmark,Oxford/AstraZeneca,11
2021-08-07,Denmark,Pfizer/BioNTech,31678
2021-08-07,Denmark,Johnson&Johnson,11
2021-08-07,Denmark,Oxford/AstraZeneca,11
2021-08-08,Denmark,Pfizer/BioNTech,31678
2021-08-08,Denmark,Johnson&Johnson,11
2021-08-08,Denmark,Oxford/AstraZeneca,11
2021-08-09,Denmark,Pfizer/BioNTech,31678
2021-08-09,Denmark,Johnson&Johnson,11
2021-08-09,Denmark,Oxford/AstraZeneca,11
2021-08-10,Denmark,Pfizer/BioNTech,31678
2021-08-10,Denmark,Johnson&Johnson,11
2021-08-10,Denmark,Oxford/AstraZeneca,11
2021-08-11,Denmark,Pfizer/BioNTech,31678
2021-08-11,Denmark,Johnson&Johnson,11
2021-08-11,Denmark,Oxford/AstraZeneca,11
2021-08-12,Denmark,Pfizer/BioNTech,31678
2021-08-12,Denmark,Johnson&Johnson,11
2021-08-12,Denmark,Oxford/AstraZeneca,11
2021-08-13,Denmark,Pfizer/BioNTech,17977
2021-08-13,Denmark,Johnson&Johnson,7
2021-08-13,Denmark,Oxford/AstraZeneca,11
2021-08-14,Denmark,Pfizer/BioNTech,17977
2021-08-14,Denmark,Johnson&Johnson,7
2021-08-14,Denmark,Oxford/AstraZeneca,11
2021-08-15,Denmark,Pfizer/BioNTech,17977
2021-08-15,Denmark,Johnson&Johnson,7
2021-08-15,Denmark,Oxford/AstraZeneca,11
2021-08-16,Denmark,Pfizer/BioNTech,17977
2021-08-16,Denmark,Johnson&Johnson,7
2021-08-16,Denmark,Oxford/AstraZeneca,11
2021-08-17,Denmark,Pfizer/BioNTech,17977
2021-08-17,Denmark,Johnson&Johnson,7
2021-08-17,Denmark,Oxford/AstraZeneca,11
2021-08-18,Denmark,Pfizer/BioNTech,17977
2021-08-18,Denmark,Johnson&Johnson,7
2021-08-18,Denmark,Oxford/AstraZeneca,11
2021-08-19,Denmark,Pfizer/BioNTech,17977
2021-08-19,Denmark,Johnson&Johnson,7
2021-08-19,Denmark,Oxford/AstraZeneca,11
2021-08-20,Denmark,Pfizer/BioNTech,10379
2021-08-20,Denmark,Johnson&Johnson,9
2021-08-20,Denmark,Oxford/AstraZeneca,9
2021-08-21,Denmark,Pfizer/BioNTech,10379
2021-08-21,Denmark,Johnson&Johnson,9
2021-08-21,Denmark,Oxford/AstraZeneca,9
2021-08-22,Denmark,Pfizer/BioNTech,10379
2021-08-22,Denmark,Johnson&Johnson,9
2021-08-22,Denmark,Oxford/AstraZeneca,9
2021-08-23,Denmark,Pfizer/BioNTech,10379
2021-08-23,Denmark,Johnson&Johnson,9
2021-08-23,Denmark,Oxford/AstraZeneca,9
2021-08-24,Denmark,Pfizer/BioNTech,10379
2021-08-24,Denmark,Johnson&Johnson,9
2021-08-24,Denmark,Oxford/AstraZeneca,9
2021-08-25,Denmark,Pfizer/BioNTech,10379
2021-08-25,Denmark,Johnson&Johnson,9
2021-08-25,Denmark,Oxford/AstraZeneca,9
2021-08-26,Denmark,Pfizer/BioNTech,10379
2021-08-26,Denmark,Johnson&Johnson,9
2021-08-26,Denmark,Oxford/AstraZeneca,9
2021-08-27,Denmark,Pfizer/BioNTech,6466
2021-08-27,Denmark,Johnson&Johnson,4
2021-08-27,Denmark,Oxford/AstraZeneca,10
2021-08-28,Denmark,Pfizer/BioNTech,6466
2021-08-28,Denmark,Johnson&Johnson,4
2021-08-28,Denmark,Oxford/AstraZeneca,10
2021-08-29,Denmark,Pfizer/BioNTech,6466
2021-08-29,Denmark,Johnson&Johnson,4
2021-08-29,Denmark,Oxford/AstraZeneca,10
2021-08-30,Denmark,Pfizer/BioNTech,6466
2021-08-30,Denmark,Johnson&Johnson,4
2021-08-30,Denmark,Oxford/AstraZeneca,10
2021-08-31,Denmark,Pfizer/BioNTech,6466
2021-08-31,Denmark,Johnson&Johnson,4
2021-08-31,Denmark,Oxford/AstraZeneca,10
2021-09-01,Denmark,Pfizer/BioNTech,6466
2021-09-01,Denmark,Johnson&Johnson,4
2021-09-01,Denmark,Oxford/AstraZeneca,10
2021-09-02,Denmark,Pfizer/BioNTech,6466
2021-09-02,Denmark,Johnson&Johnson,4
2021-09-02,Denmark,Oxford/AstraZeneca,10
2021-09-03,Denmark,Pfizer/BioNTech,4817
2021-09-03,Denmark,Johnson&Johnson,1
2021-09-03,Denmark,Oxford/AstraZeneca,9
2021-09-04,Denmark,Pfizer/BioNTech,4817
2021-09-04,Denmark,Johnson&Johnson,1
2021-09-04,Denmark,Oxford/AstraZeneca,9
2021-09-05,Denmark,Pfizer/BioNTech,4817
2021-09-05,Denmark,Johnson&Johnson,1
2021-09-05,Denmark,Oxford/AstraZeneca,9
2021-09-06,Denmark,Pfizer/BioNTech,4817
2021-09-06,Denmark,Johnson&Johnson,1
2021-09-06,Denmark,Oxford/AstraZeneca,9
2021-09-07,Denmark,Pfizer/BioNTech,4817
2021-09-07,Denmark,Johnson&Johnson,1
2021-09-07,Denmark,Oxford/AstraZeneca,9
2021-09-08,Denmark,Pfizer/BioNTech,4817
2021-09-08,Denmark,Johnson&Johnson,1
2021-09-08,Denmark,Oxford/AstraZeneca,9
2021-09-09,Denmark,Pfizer/BioNTech,4817
2021-09-09,Denmark,Johnson&Johnson,1
2021-09-09,Denmark,Oxford/AstraZeneca,9
2021-09-10,Denmark,Pfizer/BioNTech,5871
2021-09-10,Denmark,Johnson&Johnson,2
2021-09-10,Denmark,Oxford/AstraZeneca,6
2021-09-11,Denmark,Pfizer/BioNTech,5871
2021-09-11,Denmark,Johnson&Johnson,2
2021-09-11,Denmark,Oxford/AstraZeneca,6
2021-09-12,Denmark,Pfizer/BioNTech,5871
2021-09-12,Denmark,Johnson&Johnson,2
2021-09-12,Denmark,Oxford/AstraZeneca,6
2021-09-13,Denmark,Pfizer/BioNTech,5871
2021-09-13,Denmark,Johnson&Johnson,2
2021-09-13,Denmark,Oxford/AstraZeneca,6
2021-09-14,Denmark,Pfizer/BioNTech,5871
2021-09-14,Denmark,Johnson&Johnson,2
2021-09-14,Denmark,Oxford/AstraZeneca,6
2021-09-15,Denmark,Pfizer/BioNTech,5871
2021-09-15,Denmark,Johnson&Johnson,2
2021-09-15,Denmark,Oxford/AstraZeneca,6
2021-09-16,Denmark,Pfizer/BioNTech,5871
2021-09-16,Denmark,Johnson&Johnson,2
2021-09-16,Denmark,Oxford/AstraZeneca,6
2021-09-17,Denmark,Pfizer/BioNTech,5039
2021-09-17,Denmark,Johnson&Johnson,1
2021-09-17,Denmark,Oxford/AstraZeneca,7
2021-09-18,Denmark,Pfizer/BioNTech,5039
2021-09-18,Denmark,Johnson&Johnson,1
2021-09-18,Denmark,Oxford/AstraZeneca,7
2021-09-19,Denmark,Pfizer/BioNTech,5039
2021-09-19,Denmark,Johnson&Johnson,1
2021-09-19,Denmark,Oxford/AstraZeneca,7
2021-09-20,Denmark,Pfizer/BioNTech,5039
2021-09-20,Denmark,Johnson&Johnson,1
2021-09-20,Denmark,Oxford/AstraZeneca,7
2021-09-21,Denmark,Pfizer/BioNTech,5039
2021-09-21,Denmark,Johnson&Johnson,1
2021-09-21,Denmark,Oxford/AstraZeneca,7
2021-09-22,Denmark,Pfizer/BioNTech,5039
2021-09-22,Denmark,Johnson&Johnson,1
2021-09-22,Denmark,Oxford/AstraZeneca,7
2021-09-23,Denmark,Pfizer/BioNTech,5039
2021-09-23,Denmark,Johnson&Johnson,1
2021-09-23,Denmark,Oxford/AstraZeneca,7
2021-09-24,Denmark,Pfizer/BioNTech,3315
2021-09-24,Denmark,Johnson&Johnson,3
2021-09-24,Denmark,Oxford/AstraZeneca,4
2021-09-25,Denmark,Pfizer/BioNTech,3315
2021-09-25,Denmark,Johnson&Johnson,3
2021-09-25,Denmark,Oxford/AstraZeneca,4
2021-09-26,Denmark,Pfizer/BioNTech,3315
2021-09-26,Denmark,Johnson&Johnson,3
2021-09-26,Denmark,Oxford/AstraZeneca,4
2021-09-27,Denmark,Pfizer/BioNTech,3315
2021-09-27,Denmark,Johnson&Johnson,3
2021-09-27,Denmark,Oxford/AstraZeneca,4
2021-09-28,Denmark,Pfizer/BioNTech,3315
2021-09-28,Denmark,Johnson&Johnson,3
2021-09-28,Denmark,Oxford/AstraZeneca,4
2021-09-29,Denmark,Pfizer/BioNTech,3315
2021-09-29,Denmark,Johnson&Johnson,3
2021-09-29,Denmark,Oxford/AstraZeneca,4
2021-09-30,Denmark,Pfizer/BioNTech,3315
2021-09-30,Denmark,Johnson&Johnson,3
2021-09-30,Denmark,Oxford/AstraZeneca,4
2021-10-01,Denmark,Pfizer/BioNTech,4136
2021-10-01,Denmark,Johnson&Johnson,2
2021-10-01,Denmark,Oxford/AstraZeneca,5
2021-10-02,Denmark,Pfizer/BioNTech,4136
2021-10-02,Denmark,Johnson&Johnson,2
2021-10-02,Denmark,Oxford/AstraZeneca,5
2021-10-03,Denmark,Pfizer/BioNTech,4136
2021-10-03,Denmark,Johnson&Johnson,2
2021-10-03,Denmark,Oxford/AstraZeneca,5
2021-10-04,Denmark,Pfizer/BioNTech,4136
2021-10-04,Denmark,Johnson&Johnson,2
2021-10-04,Denmark,Oxford/AstraZeneca,5
2021-10-05,Denmark,Pfizer/BioNTech,4136
2021-10-05,Denmark,Johnson&Johnson,2
2021-10-05,Denmark,Oxford/AstraZeneca,5
2021-10-06,Denmark,Pfizer/BioNTech,4136
2021-10-06,Denmark,Johnson&Johnson,2
2021-10-06,Denmark,Oxford/AstraZeneca,5
2021-10-07,Denmark,Pfizer/BioNTech,4136
2021-10-07,Denmark,Johnson&Johnson,2
2021-10-07,Denmark,Oxford/AstraZeneca,5
2021-10-08,Denmark,Pfizer/BioNTech,5352
2021-10-08,Denmark,Johnson&Johnson,3
2021-10-08,Denmark,Oxford/AstraZeneca,6
2021-10-09,Denmark,Pfizer/BioNTech,5352
2021-10-09,Denmark,Johnson&Johnson,3
2021-10-09,Denmark,Oxford/AstraZeneca,6
2021-10-10,Denmark,Pfizer/BioNTech,5352
2021-10-10,Denmark,Johnson&Johnson,3
2021-10-10,Denmark,Oxford/AstraZeneca,6
2021-10-11,Denmark,Pfizer/BioNTech,5352
2021-10-11,Denmark,Johnson&Johnson,3
2021-10-11,Denmark,Oxford/AstraZeneca,6
2021-10-12,Denmark,Pfizer/BioNTech,5352
2021-10-12,Denmark,Johnson&Johnson,3
2021-10-12,Denmark,Oxford/AstraZeneca,6
2021-10-13,Denmark,Pfizer/BioNTech,5352
2021-10-13,Denmark,Johnson&Johnson,3
2021-10-13,Denmark,Oxford/AstraZeneca,6
2021-10-14,Denmark,Pfizer/BioNTech,5352
2021-10-14,Denmark,Johnson&Johnson,3
2021-10-14,Denmark,Oxford/AstraZeneca,6
2021-10-15,Denmark,Pfizer/BioNTech,11418
2021-10-15,Denmark,Johnson&Johnson,3
2021-10-15,Denmark,Oxford/AstraZeneca,6
2021-10-16,Denmark,Pfizer/BioNTech,11418
2021-10-16,Denmark,Johnson&Johnson,3
2021-10-16,Denmark,Oxford/AstraZeneca,6
2021-10-17,Denmark,Pfizer/BioNTech,11418
2021-10-17,Denmark,Johnson&Johnson,3
2021-10-17,Denmark,Oxford/AstraZeneca,6
2021-10-18,Denmark,Pfizer/BioNTech,11418
2021-10-18,Denmark,Johnson&Johnson,3
2021-10-18,Denmark,Oxford/AstraZeneca,6
2021-10-19,Denmark,Pfizer/BioNTech,11418
2021-10-19,Denmark,Johnson&Johnson,3
2021-10-19,Denmark,Oxford/AstraZeneca,6
2021-10-20,Denmark,Pfizer/BioNTech,11418
2021-10-20,Denmark,Johnson&Johnson,3
2021-10-20,Denmark,Oxford/AstraZeneca,6
2021-10-21,Denmark,Pfizer/BioNTech,11418
2021-10-21,Denmark,Johnson&Johnson,3
2021-10-21,Denmark,Oxford/AstraZeneca,6
2021-10-22,Denmark,Pfizer/BioNTech,11194
2021-10-22,Denmark,Johnson&Johnson,2
2021-10-22,Denmark,Oxford/AstraZeneca,3
2021-10-23,Denmark,Pfizer/BioNTech,11194
2021-10-23,Denmark,Johnson&Johnson,2
2021-10-23,Denmark,Oxford/AstraZeneca,3
2021-10-24,Denmark,Pfizer/BioNTech,11194
2021-10-24,Denmark,Johnson&Johnson,2
2021-10-24,Denmark,Oxford/AstraZeneca,3
2021-10-25,Denmark,Pfizer/BioNTech,11194
2021-10-25,Denmark,Johnson&Johnson,2
2021-10-25,Denmark,Oxford/AstraZeneca,3
2021-10-26,Denmark,Pfizer/BioNTech,11194
2021-10-26,Denmark,Johnson&Johnson,2
2021-10-26,Denmark,Oxford/AstraZeneca,3
2021-10-27,Denmark,Pfizer/BioNTech,11194
2021-10-27,Denmark,Johnson&Johnson,2
2021-10-27,Denmark,Oxford/AstraZeneca,3
2021-10-28,Denmark,Pfizer/BioNTech,11194
2021-10-28,Denmark,Johnson&Johnson,2
2021-10-28,Denmark,Oxford/AstraZeneca,3
2021-10-29,Denmark,Pfizer/BioNTech,10395
2021-10-29,Denmark,Johnson&Johnson,1
2021-10-29,Denmark,Oxford/AstraZeneca,4
2021-10-30,Denmark,Pfizer/BioNTech,10395
2021-10-30,Denmark,Johnson&Johnson,1
2021-10-30,Denmark,Oxford/AstraZeneca,4
2021-10-31,Denmark,Pfizer/BioNTech,10395
2021-10-31,Denmark,Johnson&Johnson,1
2021-10-31,Denmark,Oxford/AstraZeneca,4
2021-11-01,Denmark,Pfizer/BioNTech,10395
2021-11-01,Denmark,Johnson&Johnson,1
2021-11-01,Denmark,Oxford/AstraZeneca,4
2021-11-02,Denmark,Pfizer/BioNTech,10395
2021-11-02,Denmark,Johnson&Johnson,1
2021-11-02,Denmark,Oxford/AstraZeneca,4
2021-11-03,Denmark,Pfizer/BioNTech,10395
2021-11-03,Denmark,Johnson&Johnson,1
2021-11-03,Denmark,Oxford/AstraZeneca,4
2021-11-04,Denmark,Pfizer/BioNTech,10395
2021-11-04,Denmark,Johnson&Johnson,1
2021-11-04,Denmark,Oxford/AstraZeneca,4
2021-11-05,Denmark,Pfizer/BioNTech,13048
2021-11-05,Denmark,Johnson&Johnson,2
2021-11-05,Denmark,Oxford/AstraZeneca,4
2021-11-06,Denmark,Pfizer/BioNTech,13048
2021-11-06,Denmark,Johnson&Johnson,2
2021-11-06,Denmark,Oxford/AstraZeneca,4
2021-11-07,Denmark,Pfizer/BioNTech,13048
2021-11-07,Denmark,Johnson&Johnson,2
2021-11-07,Denmark,Oxford/AstraZeneca,4
2021-11-08,Denmark,Pfizer/BioNTech,13048
2021-11-08,Denmark,Johnson&Johnson,2
2021-11-08,Denmark,Oxford/AstraZeneca,4
2021-11-09,Denmark,Pfizer/BioNTech,13048
2021-11-09,Denmark,Johnson&Johnson,2
2021-11-09,Denmark,Oxford/AstraZeneca,4
2021-11-10,Denmark,Pfizer/BioNTech,13048
2021-11-10,Denmark,Johnson&Johnson,2
2021-11-10,Denmark,Oxford/AstraZeneca,4
2021-11-11,Denmark,Pfizer/BioNTech,13048
2021-11-11,Denmark,Johnson&Johnson,2
2021-11-11,Denmark,Oxford/AstraZeneca,4
2021-11-12,Denmark,Pfizer/BioNTech,17963
2021-11-12,Denmark,Johnson&Johnson,3
2021-11-12,Denmark,Oxford/AstraZeneca,5
2021-11-13,Denmark,Pfizer/BioNTech,17963
2021-11-13,Denmark,Johnson&Johnson,3
2021-11-13,Denmark,Oxford/AstraZeneca,5
2021-11-14,Denmark,Pfizer/BioNTech,17963
2021-11-14,Denmark,Johnson&Johnson,3
2021-11-14,Denmark,Oxford/AstraZeneca,5
2021-11-15,Denmark,Pfizer/BioNTech,17963
2021-11-15,Denmark,Johnson&Johnson,3
2021-11-15,Denmark,Oxford/AstraZeneca,5
2021-11-16,Denmark,Pfizer/BioNTech,17963
2021-11-16,Denmark,Johnson&Johnson,3
2021-11-16,Denmark,Oxford/AstraZeneca,5
2021-11-17,Denmark,Pfizer/BioNTech,17963
2021-11-17,Denmark,Johnson&Johnson,3
2021-11-17,Denmark,Oxford/AstraZeneca,5
2021-11-18,Denmark,Pfizer/BioNTech,17963
2021-11-18,Denmark,Johnson&Johnson,3
2021-11-18,Denmark,Oxford/AstraZeneca,5
2021-11-19,Denmark,Pfizer/BioNTech,26525
2021-11-19,Denmark,Johnson&Johnson,3
2021-11-19,Denmark,Oxford/AstraZeneca,4
2021-11-20,Denmark,Pfizer/BioNTech,26525
2021-11-20,Denmark,Johnson&Johnson,3
2021-11-20,Denmark,Oxford/AstraZeneca,4
2021-11-21,Denmark,Pfizer/BioNTech,26525
2021-11-21,Denmark,Johnson&Johnson,3
2021-11-21,Denmark,Oxford/AstraZeneca,4
2021-11-22,Denmark,Pfizer/BioNTech,26525
2021-11-22,Denmark,Johnson&Johnson,3
2021-11-22,Denmark,Oxford/AstraZeneca,4
2021-11-23,Denmark,Pfizer/BioNTech,26525
2021-11-23,Denmark,Johnson&Johnson,3
2021-11-23,Denmark,Oxford/AstraZeneca,4
2021-11-24,Denmark,Pfizer/BioNTech,26525
2021-11-24,Denmark,Johnson&Johnson,3
2021-11-24,Denmark,Oxford/AstraZeneca,4
2021-11-25,Denmark,Pfizer/BioNTech,26525
2021-11-25,Denmark,Johnson&Johnson,3
2021-11-25,Denmark,Oxford/AstraZeneca,4
2021-11-26,Denmark,Pfizer/BioNTech,26971
2021-11-26,Denmark,Johnson&Johnson,6
2021-11-26,Denmark,Oxford/AstraZeneca,4
2021-11-27,Denmark,Pfizer/BioNTech,26971
2021-11-27,Denmark,Johnson&Johnson,6
2021-11-27,Denmark,Oxford/AstraZeneca,4
2021-11-28,Denmark,Pfizer/BioNTech,26971
2021-11-28,Denmark,Johnson&Johnson,6
2021-11-28,Denmark,Oxford/AstraZeneca,4
2021-11-29,Denmark,Pfizer/BioNTech,26971
2021-11-29,Denmark,Johnson&Johnson,6
2021-11-29,Denmark,Oxford/AstraZeneca,4
2021-11-30,Denmark,Pfizer/BioNTech,26971
2021-11-30,Denmark,Johnson&Johnson,6
2021-11-30,Denmark,Oxford/AstraZeneca,4
2021-12-01,Denmark,Pfizer/BioNTech,26971
2021-12-01,Denmark,Johnson&Johnson,6
2021-12-01,Denmark,Oxford/AstraZeneca,4
2021-12-02,Denmark,Pfizer/BioNTech,26971
2021-12-02,Denmark,Johnson&Johnson,6
2021-12-02,Denmark,Oxford/AstraZeneca,4
2021-12-03,Denmark,Pfizer/BioNTech,39419
2021-12-03,Denmark,Johnson&Johnson,3
2021-12-03,Denmark,Oxford/AstraZeneca,6
2021-12-04,Denmark,Pfizer/BioNTech,39419
2021-12-04,Denmark,Johnson&Johnson,3
2021-12-04,Denmark,Oxford/AstraZeneca,6
2021-12-05,Denmark,Pfizer/BioNTech,39419
2021-12-05,Denmark,Johnson&Johnson,3
2021-12-05,Denmark,Oxford/AstraZeneca,6
2021-12-06,Denmark,Pfizer/BioNTech,39419
2021-12-06,Denmark,Johnson&Johnson,3
2021-12-06,Denmark,Oxford/AstraZeneca,6
2021-12-07,Denmark,Pfizer/BioNTech,39419
2021-12-07,Denmark,Johnson&Johnson,3
2021-12-07,Denmark,Oxford/AstraZeneca,6
2021-12-08,Denmark,Pfizer/BioNTech,39419
2021-12-08,Denmark,Johnson&Johnson,3
2021-12-08,Denmark,Oxford/AstraZeneca,6
2021-12-09,Denmark,Pfizer/BioNTech,39419
2021-12-09,Denmark,Johnson&Johnson,3
2021-12-09,Denmark,Oxford/AstraZeneca,6
2021-12-10,Denmark,Pfizer/BioNTech,103851
2021-12-10,Denmark,Johnson&Johnson,2
2021-12-10,Denmark,Oxford/AstraZeneca,11
2021-12-11,Denmark,Pfizer/BioNTech,103851
2021-12-11,Denmark,Johnson&Johnson,2
2021-12-11,Denmark,Oxford/AstraZeneca,11
2021-12-12,Denmark,Pfizer/BioNTech,103851
2021-12-12,Denmark,Johnson&Johnson,2
2021-12-12,Denmark,Oxford/AstraZeneca,11
2021-12-13,Denmark,Pfizer/BioNTech,103851
2021-12-13,Denmark,Johnson&Johnson,2
2021-12-13,Denmark,Oxford/AstraZeneca,11
2021-12-14,Denmark,Pfizer/BioNTech,103851
2021-12-14,Denmark,Johnson&Johnson,2
2021-12-14,Denmark,Oxford/AstraZeneca,11
2021-12-15,Denmark,Pfizer/BioNTech,103851
2021-12-15,Denmark,Johnson&Johnson,2
2021-12-15,Denmark,Oxford/AstraZeneca,11
2021-12-16,Denmark,Pfizer/BioNTech,103851
2021-12-16,Denmark,Johnson&Johnson,2
2021-12-16,Denmark,Oxford/AstraZeneca,11
2021-12-17,Denmark,Pfizer/BioNTech,62268
2021-12-17,Denmark,Johnson&Johnson,2
2021-12-17,Denmark,Oxford/AstraZeneca,6
2021-12-18,Denmark,Pfizer/BioNTech,62268
2021-12-18,Denmark,Johnson&Johnson,2
2021-12-18,Denmark,Oxford/AstraZeneca,6
2021-12-19,Denmark,Pfizer/BioNTech,62268
2021-12-19,Denmark,Johnson&Johnson,2
2021-12-19,Denmark,Oxford/AstraZeneca,6
2021-12-20,Denmark,Pfizer/BioNTech,62268
2021-12-20,Denmark,Johnson&Johnson,2
2021-12-20,Denmark,Oxford/AstraZeneca,6
2021-12-21,Denmark,Pfizer/BioNTech,62268
2021-12-21,Denmark,Johnson&Johnson,2
2021-12-21,Denmark,Oxford/AstraZeneca,6
2021-12-22,Denmark,Pfizer/BioNTech,62268
2021-12-22,Denmark,Johnson&Johnson,2
2021-12-22,Denmark,Oxford/AstraZeneca,6
2021-12-23,Denmark,Pfizer/BioNTech,62268
2021-12-23,Denmark,Johnson&Johnson,2
2021-12-23,Denmark,Oxford/AstraZeneca,6
2021-12-24,Denmark,Pfizer/BioNTech,43239
2021-12-24,Denmark,Johnson&Johnson,1
2021-12-24,Denmark,Oxford/AstraZeneca,6
2021-12-25,Denmark,Pfizer/BioNTech,43239
2021-12-25,Denmark,Johnson&Johnson,1
2021-12-25,Denmark,Oxford/AstraZeneca,6
2021-12-26,Denmark,Pfizer/BioNTech,43239
2021-12-26,Denmark,Johnson&Johnson,1
2021-12-26,Denmark,Oxford/AstraZeneca,6
2021-12-27,Denmark,Pfizer/BioNTech,43239
2021-12-27,Denmark,Johnson&Johnson,1
2021-12-27,Denmark,Oxford/AstraZeneca,6
2021-12-28,Denmark,Pfizer/BioNTech,43239
2021-12-28,Denmark,Johnson&Johnson,1
2021-12-28,Denmark,Oxford/AstraZeneca,6
2021-12-29,Denmark,Pfizer/BioNTech,43239
2021-12-29,Denmark,Johnson&Johnson,1
2021-12-29,Denmark,Oxford/AstraZeneca,6
2021-12-30,Denmark,Pfizer/BioNTech,43239
2021-12-30,Denmark,Johnson&Johnson,1
2021-12-30,Denmark,Oxford/AstraZeneca,6
2021-12-31,Denmark,Pfizer/BioNTech,34362
2021-12-31,Denmark,Johnson&Johnson,2
2021-12-31,Denmark,Oxford/AstraZeneca,3
