date,location,vaccine,total_vaccinations
2021-01-01,France,Moderna,90
2021-01-02,France,Moderna,90
2021-01-03,France,Moderna,90
2021-01-04,France,Moderna,90
2021-01-05,France,Moderna,90
2021-01-06,France,Moderna,90
2021-01-07,France,Moderna,90
2021-01-08,France,Moderna,90
2021-01-09,France,Moderna,90
2021-01-10,France,Moderna,90
2021-01-11,France,Moderna,90
2021-01-12,France,Moderna,90
2021-01-13,France,Moderna,90
2021-01-14,France,Moderna,398
2021-01-15,France,Moderna,316
2021-01-16,France,Moderna,84
2021-01-17,France,Moderna,3078
2021-01-18,France,Moderna,4683
2021-01-19,France,Moderna,5144
2021-01-20,France,Moderna,5354
2021-01-21,France,Moderna,5138
2021-01-22,France,Moderna,1877
2021-01-23,France,Moderna,165
2021-01-24,France,Moderna,3818
2021-01-25,France,Moderna,3936
2021-01-26,France,Moderna,3610
2021-01-27,France,Moderna,3766
2021-01-28,France,Moderna,3306
2021-01-29,France,Moderna,1136
2021-01-30,France,Moderna,48
2021-01-31,France,Moderna,3421
2021-02-01,France,Moderna,4516
2021-02-02,France,Moderna,5235
2021-02-03,France,Moderna,4952
2021-02-04,France,Moderna,4834
2021-02-05,France,Moderna,2062
2021-02-06,France,Moderna,109
2021-02-07,France,Moderna,7586
2021-02-08,France,Moderna,8466
2021-02-09,France,Moderna,9412
2021-02-10,France,Moderna,10424
2021-02-11,France,Moderna,10335
2021-02-12,France,Moderna,3344
2021-02-13,France,Moderna,369
2021-02-14,France,Moderna,6589
2021-02-15,France,Moderna,9240
2021-02-16,France,Moderna,8813
2021-02-17,France,Moderna,10584
2021-02-18,France,Moderna,9820
2021-02-19,France,Moderna,3392
2021-02-20,France,Moderna,340
2021-02-21,France,Moderna,7396
2021-02-22,France,Moderna,8696
2021-02-23,France,Moderna,8575
2021-02-24,France,Moderna,8996
2021-02-25,France,Moderna,7547
2021-02-26,France,Moderna,2696
2021-02-27,France,Moderna,196
2021-02-28,France,Moderna,8956
2021-03-01,France,Moderna,11268
2021-03-02,France,Moderna,11499
2021-03-03,France,Moderna,12622
2021-03-04,France,Moderna,12091
2021-03-05,France,Moderna,6473
2021-03-06,France,Moderna,2405
2021-03-07,France,Moderna,12558
2021-03-08,France,Moderna,16105
2021-03-09,France,Moderna,16354
2021-03-10,France,Moderna,18745
2021-03-11,France,Moderna,16355
2021-03-12,France,Moderna,12651
2021-03-13,France,Moderna,5221
2021-03-14,France,Moderna,14395
2021-03-15,France,Moderna,21503
2021-03-16,France,Moderna,24240
2021-03-17,France,Moderna,28503
2021-03-18,France,Moderna,27996
2021-03-19,France,Moderna,27039
2021-03-20,France,Moderna,17828
2021-03-21,France,Moderna,21052
2021-03-22,France,Moderna,26995
2021-03-23,France,Moderna,29057
2021-03-24,France,Moderna,32020
2021-03-25,France,Moderna,31228
2021-03-26,France,Moderna,17292
2021-03-27,France,Moderna,10699
2021-03-28,France,Moderna,23353
2021-03-29,France,Moderna,30702
2021-03-30,France,Moderna,34492
2021-03-31,France,Moderna,43137
2021-04-01,France,Moderna,37728
2021-04-02,France,Moderna,21222
2021-04-03,France,Moderna,10580
2021-04-04,France,Moderna,13245
2021-04-05,France,Moderna,34517
2021-04-06,France,Moderna,38002
2021-04-07,France,Moderna,45488
2021-04-08,France,Moderna,42273
2021-04-09,France,Moderna,28960
2021-04-10,France,Moderna,12184
2021-04-11,France,Moderna,28164
2021-04-12,France,Moderna,35502
2021-04-13,France,Moderna,34524
2021-04-14,France,Moderna,44125
2021-04-15,France,Moderna,41409
2021-04-16,France,Moderna,35759
2021-04-17,France,Moderna,20314
2021-04-18,France,Moderna,33267
2021-04-19,France,Moderna,41173
2021-04-20,France,Moderna,42271
2021-04-21,France,Moderna,48821
2021-04-22,France,Moderna,50111
2021-04-23,France,Moderna,40477
2021-04-24,France,Moderna,18224
2021-04-25,France,Moderna,34868
2021-04-26,France,Moderna,43385
2021-04-27,France,Moderna,48920
2021-04-28,France,Moderna,56047
2021-04-29,France,Moderna,53567
2021-04-30,France,Moderna,24847
2021-05-01,France,Moderna,15804
2021-05-02,France,Moderna,39193
2021-05-03,France,Moderna,47523
2021-05-04,France,Moderna,47957
2021-05-05,France,Moderna,59098
2021-05-06,France,Moderna,58687
2021-05-07,France,Moderna,32049
2021-05-08,France,Moderna,20792
2021-05-09,France,Moderna,54715
2021-05-10,France,Moderna,64619
2021-05-11,France,Moderna,69850
2021-05-12,France,Moderna,56930
2021-05-13,France,Moderna,74377
2021-05-14,France,Moderna,73078
2021-05-15,France,Moderna,46171
2021-05-16,France,Moderna,57318
2021-05-17,France,Moderna,67129
2021-05-18,France,Moderna,67920
2021-05-19,France,Moderna,74542
2021-05-20,France,Moderna,76137
2021-05-21,France,Moderna,66083
2021-05-22,France,Moderna,38133
2021-05-23,France,Moderna,19335
2021-05-24,France,Moderna,33615
2021-05-25,France,Moderna,31714
2021-05-26,France,Moderna,35846
2021-05-27,France,Moderna,44633
2021-05-28,France,Moderna,38679
2021-05-29,France,Moderna,6473
2021-05-30,France,Moderna,47515
2021-05-31,France,Moderna,65884
2021-06-01,France,Moderna,56977
2021-06-02,France,Moderna,74563
2021-06-03,France,Moderna,89826
2021-06-04,France,Moderna,58768
2021-06-05,France,Moderna,11162
2021-06-06,France,Moderna,51342
2021-06-07,France,Moderna,69466
2021-06-08,France,Moderna,55404
2021-06-09,France,Moderna,61822
2021-06-10,France,Moderna,80573
2021-06-11,France,Moderna,50419
2021-06-12,France,Moderna,12543
2021-06-13,France,Moderna,49515
2021-06-14,France,Moderna,62022
2021-06-15,France,Moderna,51671
2021-06-16,France,Moderna,62801
2021-06-17,France,Moderna,75873
2021-06-18,France,Moderna,49506
2021-06-19,France,Moderna,13812
2021-06-20,France,Moderna,60487
2021-06-21,France,Moderna,78093
2021-06-22,France,Moderna,71516
2021-06-23,France,Moderna,78830
2021-06-24,France,Moderna,94020
2021-06-25,France,Moderna,75805
2021-06-26,France,Moderna,31905
2021-06-27,France,Moderna,67066
2021-06-28,France,Moderna,80034
2021-06-29,France,Moderna,74646
2021-06-30,France,Moderna,80599
2021-07-01,France,Moderna,86426
2021-07-02,France,Moderna,69423
2021-07-03,France,Moderna,25282
2021-07-04,France,Moderna,38542
2021-07-05,France,Moderna,50999
2021-07-06,France,Moderna,48223
2021-07-07,France,Moderna,60209
2021-07-08,France,Moderna,81642
2021-07-09,France,Moderna,47203
2021-07-10,France,Moderna,6172
2021-07-11,France,Moderna,50354
2021-07-12,France,Moderna,90419
2021-07-13,France,Moderna,10183
2021-07-14,France,Moderna,94414
2021-07-15,France,Moderna,120262
2021-07-16,France,Moderna,55617
2021-07-17,France,Moderna,10916
2021-07-18,France,Moderna,61700
2021-07-19,France,Moderna,96679
2021-07-20,France,Moderna,79977
2021-07-21,France,Moderna,97490
2021-07-22,France,Moderna,117440
2021-07-23,France,Moderna,57873
2021-07-24,France,Moderna,9369
2021-07-25,France,Moderna,58749
2021-07-26,France,Moderna,97135
2021-07-27,France,Moderna,81883
2021-07-28,France,Moderna,101467
2021-07-29,France,Moderna,112505
2021-07-30,France,Moderna,51090
2021-07-31,France,Moderna,7695
2021-08-01,France,Moderna,52148
2021-08-02,France,Moderna,84389
2021-08-03,France,Moderna,67596
2021-08-04,France,Moderna,86418
2021-08-05,France,Moderna,100738
2021-08-06,France,Moderna,42869
2021-08-07,France,Moderna,7514
2021-08-08,France,Moderna,50423
2021-08-09,France,Moderna,78634
2021-08-10,France,Moderna,60569
2021-08-11,France,Moderna,77760
2021-08-12,France,Moderna,80176
2021-08-13,France,Moderna,40750
2021-08-14,France,Moderna,7677
2021-08-15,France,Moderna,52328
2021-08-16,France,Moderna,81878
2021-08-17,France,Moderna,68802
2021-08-18,France,Moderna,84233
2021-08-19,France,Moderna,96489
2021-08-20,France,Moderna,42559
2021-08-21,France,Moderna,7252
2021-08-22,France,Moderna,54530
2021-08-23,France,Moderna,88225
2021-08-24,France,Moderna,69641
2021-08-25,France,Moderna,88594
2021-08-26,France,Moderna,103162
2021-08-27,France,Moderna,46674
2021-08-28,France,Moderna,7715
2021-08-29,France,Moderna,56544
2021-08-30,France,Moderna,86486
2021-08-31,France,Moderna,62779
2021-09-01,France,Moderna,76119
2021-09-02,France,Moderna,100980
2021-09-03,France,Moderna,46043
2021-09-04,France,Moderna,6116
2021-09-05,France,Moderna,44510
2021-09-06,France,Moderna,65257
2021-09-07,France,Moderna,51910
2021-09-08,France,Moderna,65906
2021-09-09,France,Moderna,84807
2021-09-10,France,Moderna,38525
2021-09-11,France,Moderna,4886
2021-09-12,France,Moderna,35578
2021-09-13,France,Moderna,56403
2021-09-14,France,Moderna,48314
2021-09-15,France,Moderna,55625
2021-09-16,France,Moderna,76887
2021-09-17,France,Moderna,34627
2021-09-18,France,Moderna,4152
2021-09-19,France,Moderna,30069
2021-09-20,France,Moderna,47698
2021-09-21,France,Moderna,38456
2021-09-22,France,Moderna,47524
2021-09-23,France,Moderna,68916
2021-09-24,France,Moderna,30030
2021-09-25,France,Moderna,4119
2021-09-26,France,Moderna,27006
2021-09-27,France,Moderna,42599
2021-09-28,France,Moderna,34373
2021-09-29,France,Moderna,45228
2021-09-30,France,Moderna,62658
2021-10-01,France,Moderna,27665
2021-10-02,France,Moderna,3243
2021-10-03,France,Moderna,25248
2021-10-04,France,Moderna,42772
2021-10-05,France,Moderna,33787
2021-10-06,France,Moderna,43816
2021-10-07,France,Moderna,62953
2021-10-08,France,Moderna,24897
2021-10-09,France,Moderna,2915
2021-10-10,France,Moderna,23623
2021-10-11,France,Moderna,38384
2021-10-12,France,Moderna,32082
2021-10-13,France,Moderna,41263
2021-10-14,France,Moderna,59093
2021-10-15,France,Moderna,15688
2021-10-16,France,Moderna,1989
2021-10-17,France,Moderna,12568
2021-10-18,France,Moderna,16825
2021-10-19,France,Moderna,13982
2021-10-20,France,Moderna,16859
2021-10-21,France,Moderna,24205
2021-10-22,France,Moderna,10426
2021-10-23,France,Moderna,1477
2021-10-24,France,Moderna,9010
2021-10-25,France,Moderna,12551
2021-10-26,France,Moderna,11463
2021-10-27,France,Moderna,14024
2021-10-28,France,Moderna,18938
2021-10-29,France,Moderna,8183
2021-10-30,France,Moderna,1040
2021-10-31,France,Moderna,1157
2021-11-01,France,Moderna,11237
2021-11-02,France,Moderna,10957
2021-11-03,France,Moderna,12829
2021-11-04,France,Moderna,18610
2021-11-05,France,Moderna,8688
2021-11-06,France,Moderna,1589
2021-11-07,France,Moderna,9136
2021-11-08,France,Moderna,12064
2021-11-09,France,Moderna,13382
2021-11-10,France,Moderna,1957
2021-11-11,France,Moderna,20031
2021-11-12,France,Moderna,8791
2021-11-13,France,Moderna,1195
2021-11-14,France,Moderna,9733
2021-11-15,France,Moderna,16390
2021-11-16,France,Moderna,12905
2021-11-17,France,Moderna,17310
2021-11-18,France,Moderna,23453
2021-11-19,France,Moderna,10088
2021-11-20,France,Moderna,1296
2021-11-21,France,Moderna,8341
2021-11-22,France,Moderna,14110
2021-11-23,France,Moderna,12668
2021-11-24,France,Moderna,18172
2021-11-25,France,Moderna,32983
2021-11-26,France,Moderna,17939
2021-11-27,France,Moderna,3107
2021-11-28,France,Moderna,20920
2021-11-29,France,Moderna,34858
2021-11-30,France,Moderna,34165
2021-12-01,France,Moderna,46484
2021-12-02,France,Moderna,66382
2021-12-03,France,Moderna,45295
2021-12-04,France,Moderna,16979
2021-12-05,France,Moderna,90179
2021-12-06,France,Moderna,141457
2021-12-07,France,Moderna,153249
2021-12-08,France,Moderna,194966
2021-12-09,France,Moderna,216669
2021-12-10,France,Moderna,153016
2021-12-11,France,Moderna,67574
2021-12-12,France,Moderna,253678
2021-12-13,France,Moderna,346192
2021-12-14,France,Moderna,328993
2021-12-15,France,Moderna,358846
2021-12-16,France,Moderna,378754
2021-12-17,France,Moderna,245864
2021-12-18,France,Moderna,104414
2021-12-19,France,Moderna,319029
2021-12-20,France,Moderna,360467
2021-12-21,France,Moderna,309335
2021-12-22,France,Moderna,236279
2021-12-23,France,Moderna,54255
2021-12-24,France,Moderna,2885
2021-12-25,France,Moderna,30767
2021-12-26,France,Moderna,257100
2021-12-27,France,Moderna,318977
2021-12-28,France,Moderna,288633
2021-12-29,France,Moderna,247058
2021-12-30,France,Moderna,66519
2021-12-31,France,Moderna,3789
