date,location,vaccine,total_vaccinations
2021-01-01,Slovakia,Moderna,0
2021-01-01,Slovakia,Oxford/AstraZeneca,0
2021-01-01,Slovakia,Sputnik V,0
2021-01-02,Slovakia,Moderna,0
2021-01-02,Slovakia,Oxford/AstraZeneca,0
2021-01-02,Slovakia,Sputnik V,0
2021-01-03,Slovakia,Moderna,0
2021-01-03,Slovakia,Oxford/AstraZeneca,0
2021-01-03,Slovakia,Sputnik V,0
2021-01-04,Slovakia,Moderna,0
2021-01-04,Slovakia,Oxford/AstraZeneca,0
2021-01-04,Slovakia,Sputnik V,0
2021-01-05,Slovakia,Moderna,0
2021-01-05,Slovakia,Oxford/AstraZeneca,0
2021-01-05,Slovakia,Sputnik V,0
2021-01-06,Slovakia,Moderna,0
2021-01-06,Slovakia,Oxford/AstraZeneca,0
2021-01-06,Slovakia,Sputnik V,0
2021-01-07,Slovakia,Moderna,0
2021-01-07,Slovakia,Oxford/AstraZeneca,0
2021-01-07,Slovakia,Sputnik V,0
2021-01-08,Slovakia,Moderna,0
2021-01-08,Slovakia,Oxford/AstraZeneca,0
2021-01-08,Slovakia,Sputnik V,0
2021-01-09,Slovakia,Moderna,0
2021-01-09,Slovakia,Oxford/AstraZeneca,0
2021-01-09,Slovakia,Sputnik V,0
2021-01-10,Slovakia,Moderna,0
2021-01-10,Slovakia,Oxford/AstraZeneca,0
2021-01-10,Slovakia,Sputnik V,0
2021-01-11,Slovakia,Moderna,0
2021-01-11,Slovakia,Oxford/AstraZeneca,0
2021-01-11,Slovakia,Sputnik V,0
2021-01-12,Slovakia,Moderna,0
2021-01-12,Slovakia,Oxford/AstraZeneca,0
2021-01-12,Slovakia,Sputnik V,0
2021-01-13,Slovakia,Moderna,0
2021-01-13,Slovakia,Oxford/AstraZeneca,0
2021-01-13,Slovakia,Sputnik V,0
2021-01-14,Slovakia,Moderna,0
2021-01-14,Slovakia,Oxford/AstraZeneca,0
2021-01-14,Slovakia,Sputnik V,0
2021-01-15,Slovakia,Moderna,0
2021-01-15,Slovakia,Oxford/AstraZeneca,0
2021-01-15,Slovakia,Sputnik V,0
2021-01-16,Slovakia,Moderna,0
2021-01-16,Slovakia,Oxford/AstraZeneca,0
2021-01-16,Slovakia,Sputnik V,0
2021-01-17,Slovakia,Moderna,0
2021-01-17,Slovakia,Oxford/AstraZeneca,0
2021-01-17,Slovakia,Sputnik V,0
2021-01-18,Slovakia,Moderna,0
2021-01-18,Slovakia,Oxford/AstraZeneca,0
2021-01-18,Slovakia,Sputnik V,0
2021-01-19,Slovakia,Moderna,0
2021-01-19,Slovakia,Oxford/AstraZeneca,0
2021-01-19,Slovakia,Sputnik V,0
2021-01-20,Slovakia,Moderna,0
2021-01-20,Slovakia,Oxford/AstraZeneca,0
2021-01-20,Slovakia,Sputnik V,0
2021-01-21,Slovakia,Moderna,0
2021-01-21,Slovakia,Oxford/AstraZeneca,0
2021-01-21,Slovakia,Sputnik V,0
2021-01-22,Slovakia,Moderna,10
2021-01-22,Slovakia,Oxford/AstraZeneca,0
2021-01-22,Slovakia,Sputnik V,0
2021-01-23,Slovakia,Moderna,10
2021-01-23,Slovakia,Oxford/AstraZeneca,0
2021-01-23,Slovakia,Sputnik V,0
2021-01-24,Slovakia,Moderna,10
2021-01-24,Slovakia,Oxford/AstraZeneca,0
2021-01-24,Slovakia,Sputnik V,0
2021-01-25,Slovakia,Moderna,10
2021-01-25,Slovakia,Oxford/AstraZeneca,0
2021-01-25,Slovakia,Sputnik V,0
2021-01-26,Slovakia,Moderna,10
2021-01-26,Slovakia,Oxford/AstraZeneca,0
2021-01-26,Slovakia,Sputnik V,0
2021-01-27,Slovakia,Moderna,10
2021-01-27,Slovakia,Oxford/AstraZeneca,0
2021-01-27,Slovakia,Sputnik V,0
2021-01-28,Slovakia,Moderna,10
2021-01-28,Slovakia,Oxford/AstraZeneca,0
2021-01-28,Slovakia,Sputnik V,0
2021-01-29,Slovakia,Moderna,226
2021-01-29,Slovakia,Oxford/AstraZeneca,0
2021-01-29,Slovakia,Sputnik V,0
2021-01-30,Slovakia,Moderna,226
2021-01-30,Slovakia,Oxford/AstraZeneca,0
2021-01-30,Slovakia,Sputnik V,0
2021-01-31,Slovakia,Moderna,226
2021-01-31,Slovakia,Oxford/AstraZeneca,0
2021-01-31,Slovakia,Sputnik V,0
2021-02-01,Slovakia,Moderna,226
2021-02-01,Slovakia,Oxford/AstraZeneca,0
2021-02-01,Slovakia,Sputnik V,0
2021-02-02,Slovakia,Moderna,226
2021-02-02,Slovakia,Oxford/AstraZeneca,0
2021-02-02,Slovakia,Sputnik V,0
2021-02-03,Slovakia,Moderna,226
2021-02-03,Slovakia,Oxford/AstraZeneca,0
2021-02-03,Slovakia,Sputnik V,0
2021-02-04,Slovakia,Moderna,226
2021-02-04,Slovakia,Oxford/AstraZeneca,0
2021-02-04,Slovakia,Sputnik V,0
2021-02-05,Slovakia,Moderna,692
2021-02-05,Slovakia,Oxford/AstraZeneca,1831
2021-02-05,Slovakia,Sputnik V,1
2021-02-06,Slovakia,Moderna,692
2021-02-06,Slovakia,Oxford/AstraZeneca,1831
2021-02-06,Slovakia,Sputnik V,1
2021-02-07,Slovakia,Moderna,692
2021-02-07,Slovakia,Oxford/AstraZeneca,1831
2021-02-07,Slovakia,Sputnik V,1
2021-02-08,Slovakia,Moderna,692
2021-02-08,Slovakia,Oxford/AstraZeneca,1831
2021-02-08,Slovakia,Sputnik V,1
2021-02-09,Slovakia,Moderna,692
2021-02-09,Slovakia,Oxford/AstraZeneca,1831
2021-02-09,Slovakia,Sputnik V,1
2021-02-10,Slovakia,Moderna,692
2021-02-10,Slovakia,Oxford/AstraZeneca,1831
2021-02-10,Slovakia,Sputnik V,1
2021-02-11,Slovakia,Moderna,692
2021-02-11,Slovakia,Oxford/AstraZeneca,1831
2021-02-11,Slovakia,Sputnik V,1
2021-02-12,Slovakia,Moderna,1687
2021-02-12,Slovakia,Oxford/AstraZeneca,2055
2021-02-12,Slovakia,Sputnik V,0
2021-02-13,Slovakia,Moderna,1687
2021-02-13,Slovakia,Oxford/AstraZeneca,2055
2021-02-13,Slovakia,Sputnik V,0
2021-02-14,Slovakia,Moderna,1687
2021-02-14,Slovakia,Oxford/AstraZeneca,2055
2021-02-14,Slovakia,Sputnik V,0
2021-02-15,Slovakia,Moderna,1687
2021-02-15,Slovakia,Oxford/AstraZeneca,2055
2021-02-15,Slovakia,Sputnik V,0
2021-02-16,Slovakia,Moderna,1687
2021-02-16,Slovakia,Oxford/AstraZeneca,2055
2021-02-16,Slovakia,Sputnik V,0
2021-02-17,Slovakia,Moderna,1687
2021-02-17,Slovakia,Oxford/AstraZeneca,2055
2021-02-17,Slovakia,Sputnik V,0
2021-02-18,Slovakia,Moderna,1687
2021-02-18,Slovakia,Oxford/AstraZeneca,2055
2021-02-18,Slovakia,Sputnik V,0
2021-02-19,Slovakia,Moderna,611
2021-02-19,Slovakia,Oxford/AstraZeneca,2984
2021-02-19,Slovakia,Sputnik V,0
2021-02-20,Slovakia,Moderna,611
2021-02-20,Slovakia,Oxford/AstraZeneca,2984
2021-02-20,Slovakia,Sputnik V,0
2021-02-21,Slovakia,Moderna,611
2021-02-21,Slovakia,Oxford/AstraZeneca,2984
2021-02-21,Slovakia,Sputnik V,0
2021-02-22,Slovakia,Moderna,611
2021-02-22,Slovakia,Oxford/AstraZeneca,2984
2021-02-22,Slovakia,Sputnik V,0
2021-02-23,Slovakia,Moderna,611
2021-02-23,Slovakia,Oxford/AstraZeneca,2984
2021-02-23,Slovakia,Sputnik V,0
2021-02-24,Slovakia,Moderna,611
2021-02-24,Slovakia,Oxford/AstraZeneca,2984
2021-02-24,Slovakia,Sputnik V,0
2021-02-25,Slovakia,Moderna,611
2021-02-25,Slovakia,Oxford/AstraZeneca,2984
2021-02-25,Slovakia,Sputnik V,0
2021-02-26,Slovakia,Moderna,300
2021-02-26,Slovakia,Oxford/AstraZeneca,5976
2021-02-26,Slovakia,Sputnik V,1
2021-02-27,Slovakia,Moderna,300
2021-02-27,Slovakia,Oxford/AstraZeneca,5976
2021-02-27,Slovakia,Sputnik V,1
2021-02-28,Slovakia,Moderna,300
2021-02-28,Slovakia,Oxford/AstraZeneca,5976
2021-02-28,Slovakia,Sputnik V,1
2021-03-01,Slovakia,Moderna,300
2021-03-01,Slovakia,Oxford/AstraZeneca,5976
2021-03-01,Slovakia,Sputnik V,1
2021-03-02,Slovakia,Moderna,300
2021-03-02,Slovakia,Oxford/AstraZeneca,5976
2021-03-02,Slovakia,Sputnik V,1
2021-03-03,Slovakia,Moderna,300
2021-03-03,Slovakia,Oxford/AstraZeneca,5976
2021-03-03,Slovakia,Sputnik V,1
2021-03-04,Slovakia,Moderna,300
2021-03-04,Slovakia,Oxford/AstraZeneca,5976
2021-03-04,Slovakia,Sputnik V,1
2021-03-05,Slovakia,Moderna,705
2021-03-05,Slovakia,Oxford/AstraZeneca,6139
2021-03-05,Slovakia,Sputnik V,1
2021-03-06,Slovakia,Moderna,705
2021-03-06,Slovakia,Oxford/AstraZeneca,6139
2021-03-06,Slovakia,Sputnik V,1
2021-03-07,Slovakia,Moderna,705
2021-03-07,Slovakia,Oxford/AstraZeneca,6139
2021-03-07,Slovakia,Sputnik V,1
2021-03-08,Slovakia,Moderna,705
2021-03-08,Slovakia,Oxford/AstraZeneca,6139
2021-03-08,Slovakia,Sputnik V,1
2021-03-09,Slovakia,Moderna,705
2021-03-09,Slovakia,Oxford/AstraZeneca,6139
2021-03-09,Slovakia,Sputnik V,1
2021-03-10,Slovakia,Moderna,705
2021-03-10,Slovakia,Oxford/AstraZeneca,6139
2021-03-10,Slovakia,Sputnik V,1
2021-03-11,Slovakia,Moderna,705
2021-03-11,Slovakia,Oxford/AstraZeneca,6139
2021-03-11,Slovakia,Sputnik V,1
2021-03-12,Slovakia,Moderna,1701
2021-03-12,Slovakia,Oxford/AstraZeneca,6694
2021-03-12,Slovakia,Sputnik V,0
2021-03-13,Slovakia,Moderna,1701
2021-03-13,Slovakia,Oxford/AstraZeneca,6694
2021-03-13,Slovakia,Sputnik V,0
2021-03-14,Slovakia,Moderna,1701
2021-03-14,Slovakia,Oxford/AstraZeneca,6694
2021-03-14,Slovakia,Sputnik V,0
2021-03-15,Slovakia,Moderna,1701
2021-03-15,Slovakia,Oxford/AstraZeneca,6694
2021-03-15,Slovakia,Sputnik V,0
2021-03-16,Slovakia,Moderna,1701
2021-03-16,Slovakia,Oxford/AstraZeneca,6694
2021-03-16,Slovakia,Sputnik V,0
2021-03-17,Slovakia,Moderna,1701
2021-03-17,Slovakia,Oxford/AstraZeneca,6694
2021-03-17,Slovakia,Sputnik V,0
2021-03-18,Slovakia,Moderna,1701
2021-03-18,Slovakia,Oxford/AstraZeneca,6694
2021-03-18,Slovakia,Sputnik V,0
2021-03-19,Slovakia,Moderna,2081
2021-03-19,Slovakia,Oxford/AstraZeneca,5383
2021-03-19,Slovakia,Sputnik V,0
2021-03-20,Slovakia,Moderna,2081
2021-03-20,Slovakia,Oxford/AstraZeneca,5383
2021-03-20,Slovakia,Sputnik V,0
2021-03-21,Slovakia,Moderna,2081
2021-03-21,Slovakia,Oxford/AstraZeneca,5383
2021-03-21,Slovakia,Sputnik V,0
2021-03-22,Slovakia,Moderna,2081
2021-03-22,Slovakia,Oxford/AstraZeneca,5383
2021-03-22,Slovakia,Sputnik V,0
2021-03-23,Slovakia,Moderna,2081
2021-03-23,Slovakia,Oxford/AstraZeneca,5383
2021-03-23,Slovakia,Sputnik V,0
2021-03-24,Slovakia,Moderna,2081
2021-03-24,Slovakia,Oxford/AstraZeneca,5383
2021-03-24,Slovakia,Sputnik V,0
2021-03-25,Slovakia,Moderna,2081
2021-03-25,Slovakia,Oxford/AstraZeneca,5383
2021-03-25,Slovakia,Sputnik V,0
2021-03-26,Slovakia,Moderna,1588
2021-03-26,Slovakia,Oxford/AstraZeneca,4083
2021-03-26,Slovakia,Sputnik V,0
2021-03-27,Slovakia,Moderna,1588
2021-03-27,Slovakia,Oxford/AstraZeneca,4083
2021-03-27,Slovakia,Sputnik V,0
2021-03-28,Slovakia,Moderna,1588
2021-03-28,Slovakia,Oxford/AstraZeneca,4083
2021-03-28,Slovakia,Sputnik V,0
2021-03-29,Slovakia,Moderna,1588
2021-03-29,Slovakia,Oxford/AstraZeneca,4083
2021-03-29,Slovakia,Sputnik V,0
2021-03-30,Slovakia,Moderna,1588
2021-03-30,Slovakia,Oxford/AstraZeneca,4083
2021-03-30,Slovakia,Sputnik V,0
2021-03-31,Slovakia,Moderna,1588
2021-03-31,Slovakia,Oxford/AstraZeneca,4083
2021-03-31,Slovakia,Sputnik V,0
2021-04-01,Slovakia,Moderna,1588
2021-04-01,Slovakia,Oxford/AstraZeneca,4083
2021-04-01,Slovakia,Sputnik V,0
2021-04-02,Slovakia,Moderna,1756
2021-04-02,Slovakia,Oxford/AstraZeneca,7240
2021-04-02,Slovakia,Sputnik V,0
2021-04-03,Slovakia,Moderna,1756
2021-04-03,Slovakia,Oxford/AstraZeneca,7240
2021-04-03,Slovakia,Sputnik V,0
2021-04-04,Slovakia,Moderna,1756
2021-04-04,Slovakia,Oxford/AstraZeneca,7240
2021-04-04,Slovakia,Sputnik V,0
2021-04-05,Slovakia,Moderna,1756
2021-04-05,Slovakia,Oxford/AstraZeneca,7240
2021-04-05,Slovakia,Sputnik V,0
2021-04-06,Slovakia,Moderna,1756
2021-04-06,Slovakia,Oxford/AstraZeneca,7240
2021-04-06,Slovakia,Sputnik V,0
2021-04-07,Slovakia,Moderna,1756
2021-04-07,Slovakia,Oxford/AstraZeneca,7240
2021-04-07,Slovakia,Sputnik V,0
2021-04-08,Slovakia,Moderna,1756
2021-04-08,Slovakia,Oxford/AstraZeneca,7240
2021-04-08,Slovakia,Sputnik V,0
2021-04-09,Slovakia,Moderna,2708
2021-04-09,Slovakia,Oxford/AstraZeneca,7470
2021-04-09,Slovakia,Sputnik V,3
2021-04-10,Slovakia,Moderna,2708
2021-04-10,Slovakia,Oxford/AstraZeneca,7470
2021-04-10,Slovakia,Sputnik V,3
2021-04-11,Slovakia,Moderna,2708
2021-04-11,Slovakia,Oxford/AstraZeneca,7470
2021-04-11,Slovakia,Sputnik V,3
2021-04-12,Slovakia,Moderna,2708
2021-04-12,Slovakia,Oxford/AstraZeneca,7470
2021-04-12,Slovakia,Sputnik V,3
2021-04-13,Slovakia,Moderna,2708
2021-04-13,Slovakia,Oxford/AstraZeneca,7470
2021-04-13,Slovakia,Sputnik V,3
2021-04-14,Slovakia,Moderna,2708
2021-04-14,Slovakia,Oxford/AstraZeneca,7470
2021-04-14,Slovakia,Sputnik V,3
2021-04-15,Slovakia,Moderna,2708
2021-04-15,Slovakia,Oxford/AstraZeneca,7470
2021-04-15,Slovakia,Sputnik V,3
2021-04-16,Slovakia,Moderna,3117
2021-04-16,Slovakia,Oxford/AstraZeneca,6405
2021-04-16,Slovakia,Sputnik V,1
2021-04-17,Slovakia,Moderna,3117
2021-04-17,Slovakia,Oxford/AstraZeneca,6405
2021-04-17,Slovakia,Sputnik V,1
2021-04-18,Slovakia,Moderna,3117
2021-04-18,Slovakia,Oxford/AstraZeneca,6405
2021-04-18,Slovakia,Sputnik V,1
2021-04-19,Slovakia,Moderna,3117
2021-04-19,Slovakia,Oxford/AstraZeneca,6405
2021-04-19,Slovakia,Sputnik V,1
2021-04-20,Slovakia,Moderna,3117
2021-04-20,Slovakia,Oxford/AstraZeneca,6405
2021-04-20,Slovakia,Sputnik V,1
2021-04-21,Slovakia,Moderna,3117
2021-04-21,Slovakia,Oxford/AstraZeneca,6405
2021-04-21,Slovakia,Sputnik V,1
2021-04-22,Slovakia,Moderna,3117
2021-04-22,Slovakia,Oxford/AstraZeneca,6405
2021-04-22,Slovakia,Sputnik V,1
2021-04-23,Slovakia,Moderna,3158
2021-04-23,Slovakia,Oxford/AstraZeneca,5048
2021-04-23,Slovakia,Sputnik V,0
2021-04-24,Slovakia,Moderna,3158
2021-04-24,Slovakia,Oxford/AstraZeneca,5048
2021-04-24,Slovakia,Sputnik V,0
2021-04-25,Slovakia,Moderna,3158
2021-04-25,Slovakia,Oxford/AstraZeneca,5048
2021-04-25,Slovakia,Sputnik V,0
2021-04-26,Slovakia,Moderna,3158
2021-04-26,Slovakia,Oxford/AstraZeneca,5048
2021-04-26,Slovakia,Sputnik V,0
2021-04-27,Slovakia,Moderna,3158
2021-04-27,Slovakia,Oxford/AstraZeneca,5048
2021-04-27,Slovakia,Sputnik V,0
2021-04-28,Slovakia,Moderna,3158
2021-04-28,Slovakia,Oxford/AstraZeneca,5048
2021-04-28,Slovakia,Sputnik V,0
2021-04-29,Slovakia,Moderna,3158
2021-04-29,Slovakia,Oxford/AstraZeneca,5048
2021-04-29,Slovakia,Sputnik V,0
2021-04-30,Slovakia,Moderna,3968
2021-04-30,Slovakia,Oxford/AstraZeneca,4954
2021-04-30,Slovakia,Sputnik V,3
2021-05-01,Slovakia,Moderna,3968
2021-05-01,Slovakia,Oxford/AstraZeneca,4954
2021-05-01,Slovakia,Sputnik V,3
2021-05-02,Slovakia,Moderna,3968
2021-05-02,Slovakia,Oxford/AstraZeneca,4954
2021-05-02,Slovakia,Sputnik V,3
2021-05-03,Slovakia,Moderna,3968
2021-05-03,Slovakia,Oxford/AstraZeneca,4954
2021-05-03,Slovakia,Sputnik V,3
2021-05-04,Slovakia,Moderna,3968
2021-05-04,Slovakia,Oxford/AstraZeneca,4954
2021-05-04,Slovakia,Sputnik V,3
2021-05-05,Slovakia,Moderna,3968
2021-05-05,Slovakia,Oxford/AstraZeneca,4954
2021-05-05,Slovakia,Sputnik V,3
2021-05-06,Slovakia,Moderna,3968
2021-05-06,Slovakia,Oxford/AstraZeneca,4954
2021-05-06,Slovakia,Sputnik V,3
2021-05-07,Slovakia,Moderna,4317
2021-05-07,Slovakia,Oxford/AstraZeneca,5687
2021-05-07,Slovakia,Sputnik V,1
2021-05-08,Slovakia,Moderna,4317
2021-05-08,Slovakia,Oxford/AstraZeneca,5687
2021-05-08,Slovakia,Sputnik V,1
2021-05-09,Slovakia,Moderna,4317
2021-05-09,Slovakia,Oxford/AstraZeneca,5687
2021-05-09,Slovakia,Sputnik V,1
2021-05-10,Slovakia,Moderna,4317
2021-05-10,Slovakia,Oxford/AstraZeneca,5687
2021-05-10,Slovakia,Sputnik V,1
2021-05-11,Slovakia,Moderna,4317
2021-05-11,Slovakia,Oxford/AstraZeneca,5687
2021-05-11,Slovakia,Sputnik V,1
2021-05-12,Slovakia,Moderna,4317
2021-05-12,Slovakia,Oxford/AstraZeneca,5687
2021-05-12,Slovakia,Sputnik V,1
2021-05-13,Slovakia,Moderna,4317
2021-05-13,Slovakia,Oxford/AstraZeneca,5687
2021-05-13,Slovakia,Sputnik V,1
2021-05-14,Slovakia,Moderna,4713
2021-05-14,Slovakia,Oxford/AstraZeneca,6657
2021-05-14,Slovakia,Sputnik V,0
2021-05-15,Slovakia,Moderna,4713
2021-05-15,Slovakia,Oxford/AstraZeneca,6657
2021-05-15,Slovakia,Sputnik V,0
2021-05-16,Slovakia,Moderna,4713
2021-05-16,Slovakia,Oxford/AstraZeneca,6657
2021-05-16,Slovakia,Sputnik V,0
2021-05-17,Slovakia,Moderna,4713
2021-05-17,Slovakia,Oxford/AstraZeneca,6657
2021-05-17,Slovakia,Sputnik V,0
2021-05-18,Slovakia,Moderna,4713
2021-05-18,Slovakia,Oxford/AstraZeneca,6657
2021-05-18,Slovakia,Sputnik V,0
2021-05-19,Slovakia,Moderna,4713
2021-05-19,Slovakia,Oxford/AstraZeneca,6657
2021-05-19,Slovakia,Sputnik V,0
2021-05-20,Slovakia,Moderna,4713
2021-05-20,Slovakia,Oxford/AstraZeneca,6657
2021-05-20,Slovakia,Sputnik V,0
2021-05-21,Slovakia,Moderna,4050
2021-05-21,Slovakia,Oxford/AstraZeneca,5800
2021-05-21,Slovakia,Sputnik V,0
2021-05-22,Slovakia,Moderna,4050
2021-05-22,Slovakia,Oxford/AstraZeneca,5800
2021-05-22,Slovakia,Sputnik V,0
2021-05-23,Slovakia,Moderna,4050
2021-05-23,Slovakia,Oxford/AstraZeneca,5800
2021-05-23,Slovakia,Sputnik V,0
2021-05-24,Slovakia,Moderna,4050
2021-05-24,Slovakia,Oxford/AstraZeneca,5800
2021-05-24,Slovakia,Sputnik V,0
2021-05-25,Slovakia,Moderna,4050
2021-05-25,Slovakia,Oxford/AstraZeneca,5800
2021-05-25,Slovakia,Sputnik V,0
2021-05-26,Slovakia,Moderna,4050
2021-05-26,Slovakia,Oxford/AstraZeneca,5800
2021-05-26,Slovakia,Sputnik V,0
2021-05-27,Slovakia,Moderna,4050
2021-05-27,Slovakia,Oxford/AstraZeneca,5800
2021-05-27,Slovakia,Sputnik V,0
2021-05-28,Slovakia,Moderna,4003
2021-05-28,Slovakia,Oxford/AstraZeneca,5839
2021-05-28,Slovakia,Sputnik V,0
2021-05-29,Slovakia,Moderna,4003
2021-05-29,Slovakia,Oxford/AstraZeneca,5839
2021-05-29,Slovakia,Sputnik V,0
2021-05-30,Slovakia,Moderna,4003
2021-05-30,Slovakia,Oxford/AstraZeneca,5839
2021-05-30,Slovakia,Sputnik V,0
2021-05-31,Slovakia,Moderna,4003
2021-05-31,Slovakia,Oxford/AstraZeneca,5839
2021-05-31,Slovakia,Sputnik V,0
2021-06-01,Slovakia,Moderna,4003
2021-06-01,Slovakia,Oxford/AstraZeneca,5839
2021-06-01,Slovakia,Sputnik V,0
2021-06-02,Slovakia,Moderna,4003
2021-06-02,Slovakia,Oxford/AstraZeneca,5839
2021-06-02,Slovakia,Sputnik V,0
2021-06-03,Slovakia,Moderna,4003
2021-06-03,Slovakia,Oxford/AstraZeneca,5839
2021-06-03,Slovakia,Sputnik V,0
2021-06-04,Slovakia,Moderna,3786
2021-06-04,Slovakia,Oxford/AstraZeneca,4488
2021-06-04,Slovakia,Sputnik V,591
2021-06-05,Slovakia,Moderna,3786
2021-06-05,Slovakia,Oxford/AstraZeneca,4488
2021-06-05,Slovakia,Sputnik V,591
2021-06-06,Slovakia,Moderna,3786
2021-06-06,Slovakia,Oxford/AstraZeneca,4488
2021-06-06,Slovakia,Sputnik V,591
2021-06-07,Slovakia,Moderna,3786
2021-06-07,Slovakia,Oxford/AstraZeneca,4488
2021-06-07,Slovakia,Sputnik V,591
2021-06-08,Slovakia,Moderna,3786
2021-06-08,Slovakia,Oxford/AstraZeneca,4488
2021-06-08,Slovakia,Sputnik V,591
2021-06-09,Slovakia,Moderna,3786
2021-06-09,Slovakia,Oxford/AstraZeneca,4488
2021-06-09,Slovakia,Sputnik V,591
2021-06-10,Slovakia,Moderna,3786
2021-06-10,Slovakia,Oxford/AstraZeneca,4488
2021-06-10,Slovakia,Sputnik V,591
2021-06-11,Slovakia,Moderna,3804
2021-06-11,Slovakia,Oxford/AstraZeneca,6595
2021-06-11,Slovakia,Sputnik V,535
2021-06-12,Slovakia,Moderna,3804
2021-06-12,Slovakia,Oxford/AstraZeneca,6595
2021-06-12,Slovakia,Sputnik V,535
2021-06-13,Slovakia,Moderna,3804
2021-06-13,Slovakia,Oxford/AstraZeneca,6595
2021-06-13,Slovakia,Sputnik V,535
2021-06-14,Slovakia,Moderna,3804
2021-06-14,Slovakia,Oxford/AstraZeneca,6595
2021-06-14,Slovakia,Sputnik V,535
2021-06-15,Slovakia,Moderna,3804
2021-06-15,Slovakia,Oxford/AstraZeneca,6595
2021-06-15,Slovakia,Sputnik V,535
2021-06-16,Slovakia,Moderna,3804
2021-06-16,Slovakia,Oxford/AstraZeneca,6595
2021-06-16,Slovakia,Sputnik V,535
2021-06-17,Slovakia,Moderna,3804
2021-06-17,Slovakia,Oxford/AstraZeneca,6595
2021-06-17,Slovakia,Sputnik V,535
2021-06-18,Slovakia,Moderna,3338
2021-06-18,Slovakia,Oxford/AstraZeneca,6899
2021-06-18,Slovakia,Sputnik V,523
2021-06-19,Slovakia,Moderna,3338
2021-06-19,Slovakia,Oxford/AstraZeneca,6899
2021-06-19,Slovakia,Sputnik V,523
2021-06-20,Slovakia,Moderna,3338
2021-06-20,Slovakia,Oxford/AstraZeneca,6899
2021-06-20,Slovakia,Sputnik V,523
2021-06-21,Slovakia,Moderna,3338
2021-06-21,Slovakia,Oxford/AstraZeneca,6899
2021-06-21,Slovakia,Sputnik V,523
2021-06-22,Slovakia,Moderna,3338
2021-06-22,Slovakia,Oxford/AstraZeneca,6899
2021-06-22,Slovakia,Sputnik V,523
2021-06-23,Slovakia,Moderna,3338
2021-06-23,Slovakia,Oxford/AstraZeneca,6899
2021-06-23,Slovakia,Sputnik V,523
2021-06-24,Slovakia,Moderna,3338
2021-06-24,Slovakia,Oxford/AstraZeneca,6899
2021-06-24,Slovakia,Sputnik V,523
2021-06-25,Slovakia,Moderna,3082
2021-06-25,Slovakia,Oxford/AstraZeneca,4830
2021-06-25,Slovakia,Sputnik V,863
2021-06-26,Slovakia,Moderna,3082
2021-06-26,Slovakia,Oxford/AstraZeneca,4830
2021-06-26,Slovakia,Sputnik V,863
2021-06-27,Slovakia,Moderna,3082
2021-06-27,Slovakia,Oxford/AstraZeneca,4830
2021-06-27,Slovakia,Sputnik V,863
2021-06-28,Slovakia,Moderna,3082
2021-06-28,Slovakia,Oxford/AstraZeneca,4830
2021-06-28,Slovakia,Sputnik V,863
2021-06-29,Slovakia,Moderna,3082
2021-06-29,Slovakia,Oxford/AstraZeneca,4830
2021-06-29,Slovakia,Sputnik V,863
2021-06-30,Slovakia,Moderna,3082
2021-06-30,Slovakia,Oxford/AstraZeneca,4830
2021-06-30,Slovakia,Sputnik V,863
2021-07-01,Slovakia,Moderna,3082
2021-07-01,Slovakia,Oxford/AstraZeneca,4830
2021-07-01,Slovakia,Sputnik V,863
2021-07-02,Slovakia,Moderna,2430
2021-07-02,Slovakia,Oxford/AstraZeneca,4173
2021-07-02,Slovakia,Sputnik V,896
2021-07-03,Slovakia,Moderna,2430
2021-07-03,Slovakia,Oxford/AstraZeneca,4173
2021-07-03,Slovakia,Sputnik V,896
2021-07-04,Slovakia,Moderna,2430
2021-07-04,Slovakia,Oxford/AstraZeneca,4173
2021-07-04,Slovakia,Sputnik V,896
2021-07-05,Slovakia,Moderna,2430
2021-07-05,Slovakia,Oxford/AstraZeneca,4173
2021-07-05,Slovakia,Sputnik V,896
2021-07-06,Slovakia,Moderna,2430
2021-07-06,Slovakia,Oxford/AstraZeneca,4173
2021-07-06,Slovakia,Sputnik V,896
2021-07-07,Slovakia,Moderna,2430
2021-07-07,Slovakia,Oxford/AstraZeneca,4173
2021-07-07,Slovakia,Sputnik V,896
2021-07-08,Slovakia,Moderna,2430
2021-07-08,Slovakia,Oxford/AstraZeneca,4173
2021-07-08,Slovakia,Sputnik V,896
2021-07-09,Slovakia,Moderna,2358
2021-07-09,Slovakia,Oxford/AstraZeneca,2178
2021-07-09,Slovakia,Sputnik V,594
2021-07-10,Slovakia,Moderna,2358
2021-07-10,Slovakia,Oxford/AstraZeneca,2178
2021-07-10,Slovakia,Sputnik V,594
2021-07-11,Slovakia,Moderna,2358
2021-07-11,Slovakia,Oxford/AstraZeneca,2178
2021-07-11,Slovakia,Sputnik V,594
2021-07-12,Slovakia,Moderna,2358
2021-07-12,Slovakia,Oxford/AstraZeneca,2178
2021-07-12,Slovakia,Sputnik V,594
2021-07-13,Slovakia,Moderna,2358
2021-07-13,Slovakia,Oxford/AstraZeneca,2178
2021-07-13,Slovakia,Sputnik V,594
2021-07-14,Slovakia,Moderna,2358
2021-07-14,Slovakia,Oxford/AstraZeneca,2178
2021-07-14,Slovakia,Sputnik V,594
2021-07-15,Slovakia,Moderna,2358
2021-07-15,Slovakia,Oxford/AstraZeneca,2178
2021-07-15,Slovakia,Sputnik V,594
2021-07-16,Slovakia,Moderna,1778
2021-07-16,Slovakia,Oxford/AstraZeneca,786
2021-07-16,Slovakia,Sputnik V,387
2021-07-17,Slovakia,Moderna,1778
2021-07-17,Slovakia,Oxford/AstraZeneca,786
2021-07-17,Slovakia,Sputnik V,387
2021-07-18,Slovakia,Moderna,1778
2021-07-18,Slovakia,Oxford/AstraZeneca,786
2021-07-18,Slovakia,Sputnik V,387
2021-07-19,Slovakia,Moderna,1778
2021-07-19,Slovakia,Oxford/AstraZeneca,786
2021-07-19,Slovakia,Sputnik V,387
2021-07-20,Slovakia,Moderna,1778
2021-07-20,Slovakia,Oxford/AstraZeneca,786
2021-07-20,Slovakia,Sputnik V,387
2021-07-21,Slovakia,Moderna,1778
2021-07-21,Slovakia,Oxford/AstraZeneca,786
2021-07-21,Slovakia,Sputnik V,387
2021-07-22,Slovakia,Moderna,1778
2021-07-22,Slovakia,Oxford/AstraZeneca,786
2021-07-22,Slovakia,Sputnik V,387
2021-07-23,Slovakia,Moderna,1760
2021-07-23,Slovakia,Oxford/AstraZeneca,209
2021-07-23,Slovakia,Sputnik V,538
2021-07-24,Slovakia,Moderna,1760
2021-07-24,Slovakia,Oxford/AstraZeneca,209
2021-07-24,Slovakia,Sputnik V,538
2021-07-25,Slovakia,Moderna,1760
2021-07-25,Slovakia,Oxford/AstraZeneca,209
2021-07-25,Slovakia,Sputnik V,538
2021-07-26,Slovakia,Moderna,1760
2021-07-26,Slovakia,Oxford/AstraZeneca,209
2021-07-26,Slovakia,Sputnik V,538
2021-07-27,Slovakia,Moderna,1760
2021-07-27,Slovakia,Oxford/AstraZeneca,209
2021-07-27,Slovakia,Sputnik V,538
2021-07-28,Slovakia,Moderna,1760
2021-07-28,Slovakia,Oxford/AstraZeneca,209
2021-07-28,Slovakia,Sputnik V,538
2021-07-29,Slovakia,Moderna,1760
2021-07-29,Slovakia,Oxford/AstraZeneca,209
2021-07-29,Slovakia,Sputnik V,538
2021-07-30,Slovakia,Moderna,1295
2021-07-30,Slovakia,Oxford/AstraZeneca,64
2021-07-30,Slovakia,Sputnik V,139
2021-07-31,Slovakia,Moderna,1295
2021-07-31,Slovakia,Oxford/AstraZeneca,64
2021-07-31,Slovakia,Sputnik V,139
2021-08-01,Slovakia,Moderna,1295
2021-08-01,Slovakia,Oxford/AstraZeneca,64
2021-08-01,Slovakia,Sputnik V,139
2021-08-02,Slovakia,Moderna,1295
2021-08-02,Slovakia,Oxford/AstraZeneca,64
2021-08-02,Slovakia,Sputnik V,139
2021-08-03,Slovakia,Moderna,1295
2021-08-03,Slovakia,Oxford/AstraZeneca,64
2021-08-03,Slovakia,Sputnik V,139
2021-08-04,Slovakia,Moderna,1295
2021-08-04,Slovakia,Oxford/AstraZeneca,64
2021-08-04,Slovakia,Sputnik V,139
2021-08-05,Slovakia,Moderna,1295
2021-08-05,Slovakia,Oxford/AstraZeneca,64
2021-08-05,Slovakia,Sputnik V,139
2021-08-06,Slovakia,Moderna,935
2021-08-06,Slovakia,Oxford/AstraZeneca,54
2021-08-06,Slovakia,Sputnik V,156
2021-08-07,Slovakia,Moderna,935
2021-08-07,Slovakia,Oxford/AstraZeneca,54
2021-08-07,Slovakia,Sputnik V,156
2021-08-08,Slovakia,Moderna,935
2021-08-08,Slovakia,Oxford/AstraZeneca,54
2021-08-08,Slovakia,Sputnik V,156
2021-08-09,Slovakia,Moderna,935
2021-08-09,Slovakia,Oxford/AstraZeneca,54
2021-08-09,Slovakia,Sputnik V,156
2021-08-10,Slovakia,Moderna,935
2021-08-10,Slovakia,Oxford/AstraZeneca,54
2021-08-10,Slovakia,Sputnik V,156
2021-08-11,Slovakia,Moderna,935
2021-08-11,Slovakia,Oxford/AstraZeneca,54
2021-08-11,Slovakia,Sputnik V,156
2021-08-12,Slovakia,Moderna,935
2021-08-12,Slovakia,Oxford/AstraZeneca,54
2021-08-12,Slovakia,Sputnik V,156
2021-08-13,Slovakia,Moderna,852
2021-08-13,Slovakia,Oxford/AstraZeneca,8
2021-08-13,Slovakia,Sputnik V,158
2021-08-14,Slovakia,Moderna,852
2021-08-14,Slovakia,Oxford/AstraZeneca,8
2021-08-14,Slovakia,Sputnik V,158
2021-08-15,Slovakia,Moderna,852
2021-08-15,Slovakia,Oxford/AstraZeneca,8
2021-08-15,Slovakia,Sputnik V,158
2021-08-16,Slovakia,Moderna,852
2021-08-16,Slovakia,Oxford/AstraZeneca,8
2021-08-16,Slovakia,Sputnik V,158
2021-08-17,Slovakia,Moderna,852
2021-08-17,Slovakia,Oxford/AstraZeneca,8
2021-08-17,Slovakia,Sputnik V,158
2021-08-18,Slovakia,Moderna,852
2021-08-18,Slovakia,Oxford/AstraZeneca,8
2021-08-18,Slovakia,Sputnik V,158
2021-08-19,Slovakia,Moderna,852
2021-08-19,Slovakia,Oxford/AstraZeneca,8
2021-08-19,Slovakia,Sputnik V,158
2021-08-20,Slovakia,Moderna,624
2021-08-20,Slovakia,Oxford/AstraZeneca,17
2021-08-20,Slovakia,Sputnik V,17
2021-08-21,Slovakia,Moderna,624
2021-08-21,Slovakia,Oxford/AstraZeneca,17
2021-08-21,Slovakia,Sputnik V,17
2021-08-22,Slovakia,Moderna,624
2021-08-22,Slovakia,Oxford/AstraZeneca,17
2021-08-22,Slovakia,Sputnik V,17
2021-08-23,Slovakia,Moderna,624
2021-08-23,Slovakia,Oxford/AstraZeneca,17
2021-08-23,Slovakia,Sputnik V,17
2021-08-24,Slovakia,Moderna,624
2021-08-24,Slovakia,Oxford/AstraZeneca,17
2021-08-24,Slovakia,Sputnik V,17
2021-08-25,Slovakia,Moderna,624
2021-08-25,Slovakia,Oxford/AstraZeneca,17
2021-08-25,Slovakia,Sputnik V,17
2021-08-26,Slovakia,Moderna,624
2021-08-26,Slovakia,Oxford/AstraZeneca,17
2021-08-26,Slovakia,Sputnik V,17
2021-08-27,Slovakia,Moderna,511
2021-08-27,Slovakia,Oxford/AstraZeneca,10
2021-08-27,Slovakia,Sputnik V,0
2021-08-28,Slovakia,Moderna,511
2021-08-28,Slovakia,Oxford/AstraZeneca,10
2021-08-28,Slovakia,Sputnik V,0
2021-08-29,Slovakia,Moderna,511
2021-08-29,Slovakia,Oxford/AstraZeneca,10
2021-08-29,Slovakia,Sputnik V,0
2021-08-30,Slovakia,Moderna,511
2021-08-30,Slovakia,Oxford/AstraZeneca,10
2021-08-30,Slovakia,Sputnik V,0
2021-08-31,Slovakia,Moderna,511
2021-08-31,Slovakia,Oxford/AstraZeneca,10
2021-08-31,Slovakia,Sputnik V,0
2021-09-01,Slovakia,Moderna,511
2021-09-01,Slovakia,Oxford/AstraZeneca,10
2021-09-01,Slovakia,Sputnik V,0
2021-09-02,Slovakia,Moderna,511
2021-09-02,Slovakia,Oxford/AstraZeneca,10
2021-09-02,Slovakia,Sputnik V,0
2021-09-03,Slovakia,Moderna,402
2021-09-03,Slovakia,Oxford/AstraZeneca,1
2021-09-03,Slovakia,Sputnik V,0
2021-09-04,Slovakia,Moderna,402
2021-09-04,Slovakia,Oxford/AstraZeneca,1
2021-09-04,Slovakia,Sputnik V,0
2021-09-05,Slovakia,Moderna,402
2021-09-05,Slovakia,Oxford/AstraZeneca,1
2021-09-05,Slovakia,Sputnik V,0
2021-09-06,Slovakia,Moderna,402
2021-09-06,Slovakia,Oxford/AstraZeneca,1
2021-09-06,Slovakia,Sputnik V,0
2021-09-07,Slovakia,Moderna,402
2021-09-07,Slovakia,Oxford/AstraZeneca,1
2021-09-07,Slovakia,Sputnik V,0
2021-09-08,Slovakia,Moderna,402
2021-09-08,Slovakia,Oxford/AstraZeneca,1
2021-09-08,Slovakia,Sputnik V,0
2021-09-09,Slovakia,Moderna,402
2021-09-09,Slovakia,Oxford/AstraZeneca,1
2021-09-09,Slovakia,Sputnik V,0
2021-09-10,Slovakia,Moderna,380
2021-09-10,Slovakia,Oxford/AstraZeneca,1
2021-09-10,Slovakia,Sputnik V,0
2021-09-11,Slovakia,Moderna,380
2021-09-11,Slovakia,Oxford/AstraZeneca,1
2021-09-11,Slovakia,Sputnik V,0
2021-09-12,Slovakia,Moderna,380
2021-09-12,Slovakia,Oxford/AstraZeneca,1
2021-09-12,Slovakia,Sputnik V,0
2021-09-13,Slovakia,Moderna,380
2021-09-13,Slovakia,Oxford/AstraZeneca,1
2021-09-13,Slovakia,Sputnik V,0
2021-09-14,Slovakia,Moderna,380
2021-09-14,Slovakia,Oxford/AstraZeneca,1
2021-09-14,Slovakia,Sputnik V,0
2021-09-15,Slovakia,Moderna,380
2021-09-15,Slovakia,Oxford/AstraZeneca,1
2021-09-15,Slovakia,Sputnik V,0
2021-09-16,Slovakia,Moderna,380
2021-09-16,Slovakia,Oxford/AstraZeneca,1
2021-09-16,Slovakia,Sputnik V,0
2021-09-17,Slovakia,Moderna,348
2021-09-17,Slovakia,Oxford/AstraZeneca,5
2021-09-17,Slovakia,Sputnik V,0
2021-09-18,Slovakia,Moderna,348
2021-09-18,Slovakia,Oxford/AstraZeneca,5
2021-09-18,Slovakia,Sputnik V,0
2021-09-19,Slovakia,Moderna,348
2021-09-19,Slovakia,Oxford/AstraZeneca,5
2021-09-19,Slovakia,Sputnik V,0
2021-09-20,Slovakia,Moderna,348
2021-09-20,Slovakia,Oxford/AstraZeneca,5
2021-09-20,Slovakia,Sputnik V,0
2021-09-21,Slovakia,Moderna,348
2021-09-21,Slovakia,Oxford/AstraZeneca,5
2021-09-21,Slovakia,Sputnik V,0
2021-09-22,Slovakia,Moderna,348
2021-09-22,Slovakia,Oxford/AstraZeneca,5
2021-09-22,Slovakia,Sputnik V,0
2021-09-23,Slovakia,Moderna,348
2021-09-23,Slovakia,Oxford/AstraZeneca,5
2021-09-23,Slovakia,Sputnik V,0
2021-09-24,Slovakia,Moderna,228
2021-09-24,Slovakia,Oxford/AstraZeneca,13
2021-09-24,Slovakia,Sputnik V,0
2021-09-25,Slovakia,Moderna,228
2021-09-25,Slovakia,Oxford/AstraZeneca,13
2021-09-25,Slovakia,Sputnik V,0
2021-09-26,Slovakia,Moderna,228
2021-09-26,Slovakia,Oxford/AstraZeneca,13
2021-09-26,Slovakia,Sputnik V,0
2021-09-27,Slovakia,Moderna,228
2021-09-27,Slovakia,Oxford/AstraZeneca,13
2021-09-27,Slovakia,Sputnik V,0
2021-09-28,Slovakia,Moderna,228
2021-09-28,Slovakia,Oxford/AstraZeneca,13
2021-09-28,Slovakia,Sputnik V,0
2021-09-29,Slovakia,Moderna,228
2021-09-29,Slovakia,Oxford/AstraZeneca,13
2021-09-29,Slovakia,Sputnik V,0
2021-09-30,Slovakia,Moderna,228
2021-09-30,Slovakia,Oxford/AstraZeneca,13
2021-09-30,Slovakia,Sputnik V,0
2021-10-01,Slovakia,Moderna,197
2021-10-01,Slovakia,Oxford/AstraZeneca,2
2021-10-01,Slovakia,Sputnik V,0
2021-10-02,Slovakia,Moderna,197
2021-10-02,Slovakia,Oxford/AstraZeneca,2
2021-10-02,Slovakia,Sputnik V,0
2021-10-03,Slovakia,Moderna,197
2021-10-03,Slovakia,Oxford/AstraZeneca,2
2021-10-03,Slovakia,Sputnik V,0
2021-10-04,Slovakia,Moderna,197
2021-10-04,Slovakia,Oxford/AstraZeneca,2
2021-10-04,Slovakia,Sputnik V,0
2021-10-05,Slovakia,Moderna,197
2021-10-05,Slovakia,Oxford/AstraZeneca,2
2021-10-05,Slovakia,Sputnik V,0
2021-10-06,Slovakia,Moderna,197
2021-10-06,Slovakia,Oxford/AstraZeneca,2
2021-10-06,Slovakia,Sputnik V,0
2021-10-07,Slovakia,Moderna,197
2021-10-07,Slovakia,Oxford/AstraZeneca,2
2021-10-07,Slovakia,Sputnik V,0
2021-10-08,Slovakia,Moderna,200
2021-10-08,Slovakia,Oxford/AstraZeneca,0
2021-10-08,Slovakia,Sputnik V,0
2021-10-09,Slovakia,Moderna,200
2021-10-09,Slovakia,Oxford/AstraZeneca,0
2021-10-09,Slovakia,Sputnik V,0
2021-10-10,Slovakia,Moderna,200
2021-10-10,Slovakia,Oxford/AstraZeneca,0
2021-10-10,Slovakia,Sputnik V,0
2021-10-11,Slovakia,Moderna,200
2021-10-11,Slovakia,Oxford/AstraZeneca,0
2021-10-11,Slovakia,Sputnik V,0
2021-10-12,Slovakia,Moderna,200
2021-10-12,Slovakia,Oxford/AstraZeneca,0
2021-10-12,Slovakia,Sputnik V,0
2021-10-13,Slovakia,Moderna,200
2021-10-13,Slovakia,Oxford/AstraZeneca,0
2021-10-13,Slovakia,Sputnik V,0
2021-10-14,Slovakia,Moderna,200
2021-10-14,Slovakia,Oxford/AstraZeneca,0
2021-10-14,Slovakia,Sputnik V,0
2021-10-15,Slovakia,Moderna,272
2021-10-15,Slovakia,Oxford/AstraZeneca,0
2021-10-15,Slovakia,Sputnik V,0
2021-10-16,Slovakia,Moderna,272
2021-10-16,Slovakia,Oxford/AstraZeneca,0
2021-10-16,Slovakia,Sputnik V,0
2021-10-17,Slovakia,Moderna,272
2021-10-17,Slovakia,Oxford/AstraZeneca,0
2021-10-17,Slovakia,Sputnik V,0
2021-10-18,Slovakia,Moderna,272
2021-10-18,Slovakia,Oxford/AstraZeneca,0
2021-10-18,Slovakia,Sputnik V,0
2021-10-19,Slovakia,Moderna,272
2021-10-19,Slovakia,Oxford/AstraZeneca,0
2021-10-19,Slovakia,Sputnik V,0
2021-10-20,Slovakia,Moderna,272
2021-10-20,Slovakia,Oxford/AstraZeneca,0
2021-10-20,Slovakia,Sputnik V,0
2021-10-21,Slovakia,Moderna,272
2021-10-21,Slovakia,Oxford/AstraZeneca,0
2021-10-21,Slovakia,Sputnik V,0
2021-10-22,Slovakia,Moderna,567
2021-10-22,Slovakia,Oxford/AstraZeneca,0
2021-10-22,Slovakia,Sputnik V,0
2021-10-23,Slovakia,Moderna,567
2021-10-23,Slovakia,Oxford/AstraZeneca,0
2021-10-23,Slovakia,Sputnik V,0
2021-10-24,Slovakia,Moderna,567
2021-10-24,Slovakia,Oxford/AstraZeneca,0
2021-10-24,Slovakia,Sputnik V,0
2021-10-25,Slovakia,Moderna,567
2021-10-25,Slovakia,Oxford/AstraZeneca,0
2021-10-25,Slovakia,Sputnik V,0
2021-10-26,Slovakia,Moderna,567
2021-10-26,Slovakia,Oxford/AstraZeneca,0
2021-10-26,Slovakia,Sputnik V,0
2021-10-27,Slovakia,Moderna,567
2021-10-27,Slovakia,Oxford/AstraZeneca,0
2021-10-27,Slovakia,Sputnik V,0
2021-10-28,Slovakia,Moderna,567
2021-10-28,Slovakia,Oxford/AstraZeneca,0
2021-10-28,Slovakia,Sputnik V,0
2021-10-29,Slovakia,Moderna,1080
2021-10-29,Slovakia,Oxford/AstraZeneca,0
2021-10-29,Slovakia,Sputnik V,0
2021-10-30,Slovakia,Moderna,1080
2021-10-30,Slovakia,Oxford/AstraZeneca,0
2021-10-30,Slovakia,Sputnik V,0
2021-10-31,Slovakia,Moderna,1080
2021-10-31,Slovakia,Oxford/AstraZeneca,0
2021-10-31,Slovakia,Sputnik V,0
2021-11-01,Slovakia,Moderna,1080
2021-11-01,Slovakia,Oxford/AstraZeneca,0
2021-11-01,Slovakia,Sputnik V,0
2021-11-02,Slovakia,Moderna,1080
2021-11-02,Slovakia,Oxford/AstraZeneca,0
2021-11-02,Slovakia,Sputnik V,0
2021-11-03,Slovakia,Moderna,1080
2021-11-03,Slovakia,Oxford/AstraZeneca,0
2021-11-03,Slovakia,Sputnik V,0
2021-11-04,Slovakia,Moderna,1080
2021-11-04,Slovakia,Oxford/AstraZeneca,0
2021-11-04,Slovakia,Sputnik V,0
2021-11-05,Slovakia,Moderna,1395
2021-11-05,Slovakia,Oxford/AstraZeneca,0
2021-11-05,Slovakia,Sputnik V,0
2021-11-06,Slovakia,Moderna,1395
2021-11-06,Slovakia,Oxford/AstraZeneca,0
2021-11-06,Slovakia,Sputnik V,0
2021-11-07,Slovakia,Moderna,1395
2021-11-07,Slovakia,Oxford/AstraZeneca,0
2021-11-07,Slovakia,Sputnik V,0
2021-11-08,Slovakia,Moderna,1395
2021-11-08,Slovakia,Oxford/AstraZeneca,0
2021-11-08,Slovakia,Sputnik V,0
2021-11-09,Slovakia,Moderna,1395
2021-11-09,Slovakia,Oxford/AstraZeneca,0
2021-11-09,Slovakia,Sputnik V,0
2021-11-10,Slovakia,Moderna,1395
2021-11-10,Slovakia,Oxford/AstraZeneca,0
2021-11-10,Slovakia,Sputnik V,0
2021-11-11,Slovakia,Moderna,1395
2021-11-11,Slovakia,Oxford/AstraZeneca,0
2021-11-11,Slovakia,Sputnik V,0
2021-11-12,Slovakia,Moderna,1532
2021-11-12,Slovakia,Oxford/AstraZeneca,0
2021-11-12,Slovakia,Sputnik V,0
2021-11-13,Slovakia,Moderna,1532
2021-11-13,Slovakia,Oxford/AstraZeneca,0
2021-11-13,Slovakia,Sputnik V,0
2021-11-14,Slovakia,Moderna,1532
2021-11-14,Slovakia,Oxford/AstraZeneca,0
2021-11-14,Slovakia,Sputnik V,0
2021-11-15,Slovakia,Moderna,1532
2021-11-15,Slovakia,Oxford/AstraZeneca,0
2021-11-15,Slovakia,Sputnik V,0
2021-11-16,Slovakia,Moderna,1532
2021-11-16,Slovakia,Oxford/AstraZeneca,0
2021-11-16,Slovakia,Sputnik V,0
2021-11-17,Slovakia,Moderna,1532
2021-11-17,Slovakia,Oxford/AstraZeneca,0
2021-11-17,Slovakia,Sputnik V,0
2021-11-18,Slovakia,Moderna,1532
2021-11-18,Slovakia,Oxford/AstraZeneca,0
2021-11-18,Slovakia,Sputnik V,0
2021-11-19,Slovakia,Moderna,1632
2021-11-19,Slovakia,Oxford/AstraZeneca,0
2021-11-19,Slovakia,Sputnik V,0
2021-11-20,Slovakia,Moderna,1632
2021-11-20,Slovakia,Oxford/AstraZeneca,0
2021-11-20,Slovakia,Sputnik V,0
2021-11-21,Slovakia,Moderna,1632
2021-11-21,Slovakia,Oxford/AstraZeneca,0
2021-11-21,Slovakia,Sputnik V,0
2021-11-22,Slovakia,Moderna,1632
2021-11-22,Slovakia,Oxford/AstraZeneca,0
2021-11-22,Slovakia,Sputnik V,0
2021-11-23,Slovakia,Moderna,1632
2021-11-23,Slovakia,Oxford/AstraZeneca,0
2021-11-23,Slovakia,Sputnik V,0
2021-11-24,Slovakia,Moderna,1632
2021-11-24,Slovakia,Oxford/AstraZeneca,0
2021-11-24,Slovakia,Sputnik V,0
2021-11-25,Slovakia,Moderna,1632
2021-11-25,Slovakia,Oxford/AstraZeneca,0
2021-11-25,Slovakia,Sputnik V,0
2021-11-26,Slovakia,Moderna,1996
2021-11-26,Slovakia,Oxford/AstraZeneca,0
2021-11-26,Slovakia,Sputnik V,0
2021-11-27,Slovakia,Moderna,1996
2021-11-27,Slovakia,Oxford/AstraZeneca,0
2021-11-27,Slovakia,Sputnik V,0
2021-11-28,Slovakia,Moderna,1996
2021-11-28,Slovakia,Oxford/AstraZeneca,0
2021-11-28,Slovakia,Sputnik V,0
2021-11-29,Slovakia,Moderna,1996
2021-11-29,Slovakia,Oxford/AstraZeneca,0
2021-11-29,Slovakia,Sputnik V,0
2021-11-30,Slovakia,Moderna,1996
2021-11-30,Slovakia,Oxford/AstraZeneca,0
2021-11-30,Slovakia,Sputnik V,0
2021-12-01,Slovakia,Moderna,1996
2021-12-01,Slovakia,Oxford/AstraZeneca,0
2021-12-01,Slovakia,Sputnik V,0
2021-12-02,Slovakia,Moderna,1996
2021-12-02,Slovakia,Oxford/AstraZeneca,0
2021-12-02,Slovakia,Sputnik V,0
2021-12-03,Slovakia,Moderna,2614
2021-12-03,Slovakia,Oxford/AstraZeneca,0
2021-12-03,Slovakia,Sputnik V,0
2021-12-04,Slovakia,Moderna,2614
2021-12-04,Slovakia,Oxford/AstraZeneca,0
2021-12-04,Slovakia,Sputnik V,0
2021-12-05,Slovakia,Moderna,2614
2021-12-05,Slovakia,Oxford/AstraZeneca,0
2021-12-05,Slovakia,Sputnik V,0
2021-12-06,Slovakia,Moderna,2614
2021-12-06,Slovakia,Oxford/AstraZeneca,0
2021-12-06,Slovakia,Sputnik V,0
2021-12-07,Slovakia,Moderna,2614
2021-12-07,Slovakia,Oxford/AstraZeneca,0
2021-12-07,Slovakia,Sputnik V,0
2021-12-08,Slovakia,Moderna,2614
2021-12-08,Slovakia,Oxford/AstraZeneca,0
2021-12-08,Slovakia,Sputnik V,0
2021-12-09,Slovakia,Moderna,2614
2021-12-09,Slovakia,Oxford/AstraZeneca,0
2021-12-09,Slovakia,Sputnik V,0
2021-12-10,Slovakia,Moderna,3602
2021-12-10,Slovakia,Oxford/AstraZeneca,0
2021-12-10,Slovakia,Sputnik V,0
2021-12-11,Slovakia,Moderna,3602
2021-12-11,Slovakia,Oxford/AstraZeneca,0
2021-12-11,Slovakia,Sputnik V,0
2021-12-12,Slovakia,Moderna,3602
2021-12-12,Slovakia,Oxford/AstraZeneca,0
2021-12-12,Slovakia,Sputnik V,0
2021-12-13,Slovakia,Moderna,3602
2021-12-13,Slovakia,Oxford/AstraZeneca,0
2021-12-13,Slovakia,Sputnik V,0
2021-12-14,Slovakia,Moderna,3602
2021-12-14,Slovakia,Oxford/AstraZeneca,0
2021-12-14,Slovakia,Sputnik V,0
2021-12-15,Slovakia,Moderna,3602
2021-12-15,Slovakia,Oxford/AstraZeneca,0
2021-12-15,Slovakia,Sputnik V,0
2021-12-16,Slovakia,Moderna,3602
2021-12-16,Slovakia,Oxford/AstraZeneca,0
2021-12-16,Slovakia,Sputnik V,0
2021-12-17,Slovakia,Moderna,1709
2021-12-17,Slovakia,Oxford/AstraZeneca,0
2021-12-17,Slovakia,Sputnik V,0
2021-12-18,Slovakia,Moderna,1709
2021-12-18,Slovakia,Oxford/AstraZeneca,0
2021-12-18,Slovakia,Sputnik V,0
2021-12-19,Slovakia,Moderna,1709
2021-12-19,Slovakia,Oxford/AstraZeneca,0
2021-12-19,Slovakia,Sputnik V,0
2021-12-20,Slovakia,Moderna,1709
2021-12-20,Slovakia,Oxford/AstraZeneca,0
2021-12-20,Slovakia,Sputnik V,0
2021-12-21,Slovakia,Moderna,1709
2021-12-21,Slovakia,Oxford/AstraZeneca,0
2021-12-21,Slovakia,Sputnik V,0
2021-12-22,Slovakia,Moderna,1709
2021-12-22,Slovakia,Oxford/AstraZeneca,0
2021-12-22,Slovakia,Sputnik V,0
2021-12-23,Slovakia,Moderna,1709
2021-12-23,Slovakia,Oxford/AstraZeneca,0
2021-12-23,Slovakia,Sputnik V,0
2021-12-24,Slovakia,Moderna,1431
2021-12-24,Slovakia,Oxford/AstraZeneca,0
2021-12-24,Slovakia,Sputnik V,0
2021-12-25,Slovakia,Moderna,1431
2021-12-25,Slovakia,Oxford/AstraZeneca,0
2021-12-25,Slovakia,Sputnik V,0
2021-12-26,Slovakia,Moderna,1431
2021-12-26,Slovakia,Oxford/AstraZeneca,0
2021-12-26,Slovakia,Sputnik V,0
2021-12-27,Slovakia,Moderna,1431
2021-12-27,Slovakia,Oxford/AstraZeneca,0
2021-12-27,Slovakia,Sputnik V,0
2021-12-28,Slovakia,Moderna,1431
2021-12-28,Slovakia,Oxford/AstraZeneca,0
2021-12-28,Slovakia,Sputnik V,0
2021-12-29,Slovakia,Moderna,1431
2021-12-29,Slovakia,Oxford/AstraZeneca,0
2021-12-29,Slovakia,Sputnik V,0
2021-12-30,Slovakia,Moderna,1431
2021-12-30,Slovakia,Oxford/AstraZeneca,0
2021-12-30,Slovakia,Sputnik V,0
2021-12-31,Slovakia,Moderna,2689
2021-12-31,Slovakia,Oxford/AstraZeneca,0
2021-12-31,Slovakia,Sputnik V,0
