date,location,vaccine,total_vaccinations
2021-01-01,Lithuania,Moderna,69
2021-01-02,Lithuania,Moderna,69
2021-01-03,Lithuania,Moderna,69
2021-01-04,Lithuania,Moderna,69
2021-01-05,Lithuania,Moderna,69
2021-01-06,Lithuania,Moderna,69
2021-01-07,Lithuania,Moderna,69
2021-01-08,Lithuania,Moderna,69
2021-01-09,Lithuania,Moderna,69
2021-01-10,Lithuania,Moderna,69
2021-01-11,Lithuania,Moderna,69
2021-01-12,Lithuania,Moderna,69
2021-01-13,Lithuania,Moderna,69
2021-01-14,Lithuania,Moderna,69
2021-01-15,Lithuania,Moderna,190
2021-01-16,Lithuania,Moderna,190
2021-01-17,Lithuania,Moderna,190
2021-01-18,Lithuania,Moderna,190
2021-01-19,Lithuania,Moderna,190
2021-01-20,Lithuania,Moderna,190
2021-01-21,Lithuania,Moderna,190
2021-01-22,Lithuania,Moderna,119
2021-01-23,Lithuania,Moderna,119
2021-01-24,Lithuania,Moderna,119
2021-01-25,Lithuania,Moderna,119
2021-01-26,Lithuania,Moderna,119
2021-01-27,Lithuania,Moderna,119
2021-01-28,Lithuania,Moderna,119
2021-01-29,Lithuania,Moderna,119
2021-01-30,Lithuania,Moderna,119
2021-01-31,Lithuania,Moderna,119
2021-02-01,Lithuania,Moderna,119
2021-02-02,Lithuania,Moderna,119
2021-02-03,Lithuania,Moderna,119
2021-02-04,Lithuania,Moderna,119
2021-02-05,Lithuania,Moderna,242
2021-02-06,Lithuania,Moderna,242
2021-02-07,Lithuania,Moderna,242
2021-02-08,Lithuania,Moderna,242
2021-02-09,Lithuania,Moderna,242
2021-02-10,Lithuania,Moderna,242
2021-02-11,Lithuania,Moderna,242
2021-02-12,Lithuania,Moderna,517
2021-02-13,Lithuania,Moderna,517
2021-02-14,Lithuania,Moderna,517
2021-02-15,Lithuania,Moderna,517
2021-02-16,Lithuania,Moderna,517
2021-02-17,Lithuania,Moderna,517
2021-02-18,Lithuania,Moderna,517
2021-02-19,Lithuania,Moderna,418
2021-02-20,Lithuania,Moderna,418
2021-02-21,Lithuania,Moderna,418
2021-02-22,Lithuania,Moderna,418
2021-02-23,Lithuania,Moderna,418
2021-02-24,Lithuania,Moderna,418
2021-02-25,Lithuania,Moderna,418
2021-02-26,Lithuania,Moderna,1276
2021-02-27,Lithuania,Moderna,1276
2021-02-28,Lithuania,Moderna,1276
2021-03-01,Lithuania,Moderna,1276
2021-03-02,Lithuania,Moderna,1276
2021-03-03,Lithuania,Moderna,1276
2021-03-04,Lithuania,Moderna,1276
2021-03-05,Lithuania,Moderna,271
2021-03-06,Lithuania,Moderna,271
2021-03-07,Lithuania,Moderna,271
2021-03-08,Lithuania,Moderna,271
2021-03-09,Lithuania,Moderna,271
2021-03-10,Lithuania,Moderna,271
2021-03-11,Lithuania,Moderna,271
2021-03-12,Lithuania,Moderna,470
2021-03-13,Lithuania,Moderna,470
2021-03-14,Lithuania,Moderna,470
2021-03-15,Lithuania,Moderna,470
2021-03-16,Lithuania,Moderna,470
2021-03-17,Lithuania,Moderna,470
2021-03-18,Lithuania,Moderna,470
2021-03-19,Lithuania,Moderna,1458
2021-03-20,Lithuania,Moderna,1458
2021-03-21,Lithuania,Moderna,1458
2021-03-22,Lithuania,Moderna,1458
2021-03-23,Lithuania,Moderna,1458
2021-03-24,Lithuania,Moderna,1458
2021-03-25,Lithuania,Moderna,1458
2021-03-26,Lithuania,Moderna,2435
2021-03-27,Lithuania,Moderna,2435
2021-03-28,Lithuania,Moderna,2435
2021-03-29,Lithuania,Moderna,2435
2021-03-30,Lithuania,Moderna,2435
2021-03-31,Lithuania,Moderna,2435
2021-04-01,Lithuania,Moderna,2435
2021-04-02,Lithuania,Moderna,844
2021-04-03,Lithuania,Moderna,844
2021-04-04,Lithuania,Moderna,844
2021-04-05,Lithuania,Moderna,844
2021-04-06,Lithuania,Moderna,844
2021-04-07,Lithuania,Moderna,844
2021-04-08,Lithuania,Moderna,844
2021-04-09,Lithuania,Moderna,210
2021-04-10,Lithuania,Moderna,210
2021-04-11,Lithuania,Moderna,210
2021-04-12,Lithuania,Moderna,210
2021-04-13,Lithuania,Moderna,210
2021-04-14,Lithuania,Moderna,210
2021-04-15,Lithuania,Moderna,210
2021-04-16,Lithuania,Moderna,1871
2021-04-17,Lithuania,Moderna,1871
2021-04-18,Lithuania,Moderna,1871
2021-04-19,Lithuania,Moderna,1871
2021-04-20,Lithuania,Moderna,1871
2021-04-21,Lithuania,Moderna,1871
2021-04-22,Lithuania,Moderna,1871
2021-04-23,Lithuania,Moderna,1248
2021-04-24,Lithuania,Moderna,1248
2021-04-25,Lithuania,Moderna,1248
2021-04-26,Lithuania,Moderna,1248
2021-04-27,Lithuania,Moderna,1248
2021-04-28,Lithuania,Moderna,1248
2021-04-29,Lithuania,Moderna,1248
2021-04-30,Lithuania,Moderna,2819
2021-05-01,Lithuania,Moderna,2819
2021-05-02,Lithuania,Moderna,2819
2021-05-03,Lithuania,Moderna,2819
2021-05-04,Lithuania,Moderna,2819
2021-05-05,Lithuania,Moderna,2819
2021-05-06,Lithuania,Moderna,2819
2021-05-07,Lithuania,Moderna,1659
2021-05-08,Lithuania,Moderna,1659
2021-05-09,Lithuania,Moderna,1659
2021-05-10,Lithuania,Moderna,1659
2021-05-11,Lithuania,Moderna,1659
2021-05-12,Lithuania,Moderna,1659
2021-05-13,Lithuania,Moderna,1659
2021-05-14,Lithuania,Moderna,2963
2021-05-15,Lithuania,Moderna,2963
2021-05-16,Lithuania,Moderna,2963
2021-05-17,Lithuania,Moderna,2963
2021-05-18,Lithuania,Moderna,2963
2021-05-19,Lithuania,Moderna,2963
2021-05-20,Lithuania,Moderna,2963
2021-05-21,Lithuania,Moderna,1456
2021-05-22,Lithuania,Moderna,1456
2021-05-23,Lithuania,Moderna,1456
2021-05-24,Lithuania,Moderna,1456
2021-05-25,Lithuania,Moderna,1456
2021-05-26,Lithuania,Moderna,1456
2021-05-27,Lithuania,Moderna,1456
2021-05-28,Lithuania,Moderna,2209
2021-05-29,Lithuania,Moderna,2209
2021-05-30,Lithuania,Moderna,2209
2021-05-31,Lithuania,Moderna,2209
2021-06-01,Lithuania,Moderna,2209
2021-06-02,Lithuania,Moderna,2209
2021-06-03,Lithuania,Moderna,2209
2021-06-04,Lithuania,Moderna,1884
2021-06-05,Lithuania,Moderna,1884
2021-06-06,Lithuania,Moderna,1884
2021-06-07,Lithuania,Moderna,1884
2021-06-08,Lithuania,Moderna,1884
2021-06-09,Lithuania,Moderna,1884
2021-06-10,Lithuania,Moderna,1884
2021-06-11,Lithuania,Moderna,2574
2021-06-12,Lithuania,Moderna,2574
2021-06-13,Lithuania,Moderna,2574
2021-06-14,Lithuania,Moderna,2574
2021-06-15,Lithuania,Moderna,2574
2021-06-16,Lithuania,Moderna,2574
2021-06-17,Lithuania,Moderna,2574
2021-06-18,Lithuania,Moderna,1023
2021-06-19,Lithuania,Moderna,1023
2021-06-20,Lithuania,Moderna,1023
2021-06-21,Lithuania,Moderna,1023
2021-06-22,Lithuania,Moderna,1023
2021-06-23,Lithuania,Moderna,1023
2021-06-24,Lithuania,Moderna,1023
2021-06-25,Lithuania,Moderna,1098
2021-06-26,Lithuania,Moderna,1098
2021-06-27,Lithuania,Moderna,1098
2021-06-28,Lithuania,Moderna,1098
2021-06-29,Lithuania,Moderna,1098
2021-06-30,Lithuania,Moderna,1098
2021-07-01,Lithuania,Moderna,1098
2021-07-02,Lithuania,Moderna,578
2021-07-03,Lithuania,Moderna,578
2021-07-04,Lithuania,Moderna,578
2021-07-05,Lithuania,Moderna,578
2021-07-06,Lithuania,Moderna,578
2021-07-07,Lithuania,Moderna,578
2021-07-08,Lithuania,Moderna,578
2021-07-09,Lithuania,Moderna,615
2021-07-10,Lithuania,Moderna,615
2021-07-11,Lithuania,Moderna,615
2021-07-12,Lithuania,Moderna,615
2021-07-13,Lithuania,Moderna,615
2021-07-14,Lithuania,Moderna,615
2021-07-15,Lithuania,Moderna,615
2021-07-16,Lithuania,Moderna,666
2021-07-17,Lithuania,Moderna,666
2021-07-18,Lithuania,Moderna,666
2021-07-19,Lithuania,Moderna,666
2021-07-20,Lithuania,Moderna,666
2021-07-21,Lithuania,Moderna,666
2021-07-22,Lithuania,Moderna,666
2021-07-23,Lithuania,Moderna,725
2021-07-24,Lithuania,Moderna,725
2021-07-25,Lithuania,Moderna,725
2021-07-26,Lithuania,Moderna,725
2021-07-27,Lithuania,Moderna,725
2021-07-28,Lithuania,Moderna,725
2021-07-29,Lithuania,Moderna,725
2021-07-30,Lithuania,Moderna,735
2021-07-31,Lithuania,Moderna,735
2021-08-01,Lithuania,Moderna,735
2021-08-02,Lithuania,Moderna,735
2021-08-03,Lithuania,Moderna,735
2021-08-04,Lithuania,Moderna,735
2021-08-05,Lithuania,Moderna,735
2021-08-06,Lithuania,Moderna,573
2021-08-07,Lithuania,Moderna,573
2021-08-08,Lithuania,Moderna,573
2021-08-09,Lithuania,Moderna,573
2021-08-10,Lithuania,Moderna,573
2021-08-11,Lithuania,Moderna,573
2021-08-12,Lithuania,Moderna,573
2021-08-13,Lithuania,Moderna,830
2021-08-14,Lithuania,Moderna,830
2021-08-15,Lithuania,Moderna,830
2021-08-16,Lithuania,Moderna,830
2021-08-17,Lithuania,Moderna,830
2021-08-18,Lithuania,Moderna,830
2021-08-19,Lithuania,Moderna,830
2021-08-20,Lithuania,Moderna,823
2021-08-21,Lithuania,Moderna,823
2021-08-22,Lithuania,Moderna,823
2021-08-23,Lithuania,Moderna,823
2021-08-24,Lithuania,Moderna,823
2021-08-25,Lithuania,Moderna,823
2021-08-26,Lithuania,Moderna,823
2021-08-27,Lithuania,Moderna,636
2021-08-28,Lithuania,Moderna,636
2021-08-29,Lithuania,Moderna,636
2021-08-30,Lithuania,Moderna,636
2021-08-31,Lithuania,Moderna,636
2021-09-01,Lithuania,Moderna,636
2021-09-02,Lithuania,Moderna,636
2021-09-03,Lithuania,Moderna,633
2021-09-04,Lithuania,Moderna,633
2021-09-05,Lithuania,Moderna,633
2021-09-06,Lithuania,Moderna,633
2021-09-07,Lithuania,Moderna,633
2021-09-08,Lithuania,Moderna,633
2021-09-09,Lithuania,Moderna,633
2021-09-10,Lithuania,Moderna,646
2021-09-11,Lithuania,Moderna,646
2021-09-12,Lithuania,Moderna,646
2021-09-13,Lithuania,Moderna,646
2021-09-14,Lithuania,Moderna,646
2021-09-15,Lithuania,Moderna,646
2021-09-16,Lithuania,Moderna,646
2021-09-17,Lithuania,Moderna,485
2021-09-18,Lithuania,Moderna,485
2021-09-19,Lithuania,Moderna,485
2021-09-20,Lithuania,Moderna,485
2021-09-21,Lithuania,Moderna,485
2021-09-22,Lithuania,Moderna,485
2021-09-23,Lithuania,Moderna,485
2021-09-24,Lithuania,Moderna,431
2021-09-25,Lithuania,Moderna,431
2021-09-26,Lithuania,Moderna,431
2021-09-27,Lithuania,Moderna,431
2021-09-28,Lithuania,Moderna,431
2021-09-29,Lithuania,Moderna,431
2021-09-30,Lithuania,Moderna,431
2021-10-01,Lithuania,Moderna,383
2021-10-02,Lithuania,Moderna,383
2021-10-03,Lithuania,Moderna,383
2021-10-04,Lithuania,Moderna,383
2021-10-05,Lithuania,Moderna,383
2021-10-06,Lithuania,Moderna,383
2021-10-07,Lithuania,Moderna,383
2021-10-08,Lithuania,Moderna,338
2021-10-09,Lithuania,Moderna,338
2021-10-10,Lithuania,Moderna,338
2021-10-11,Lithuania,Moderna,338
2021-10-12,Lithuania,Moderna,338
2021-10-13,Lithuania,Moderna,338
2021-10-14,Lithuania,Moderna,338
2021-10-15,Lithuania,Moderna,193
2021-10-16,Lithuania,Moderna,193
2021-10-17,Lithuania,Moderna,193
2021-10-18,Lithuania,Moderna,193
2021-10-19,Lithuania,Moderna,193
2021-10-20,Lithuania,Moderna,193
2021-10-21,Lithuania,Moderna,193
2021-10-22,Lithuania,Moderna,160
2021-10-23,Lithuania,Moderna,160
2021-10-24,Lithuania,Moderna,160
2021-10-25,Lithuania,Moderna,160
2021-10-26,Lithuania,Moderna,160
2021-10-27,Lithuania,Moderna,160
2021-10-28,Lithuania,Moderna,160
2021-10-29,Lithuania,Moderna,107
2021-10-30,Lithuania,Moderna,107
2021-10-31,Lithuania,Moderna,107
2021-11-01,Lithuania,Moderna,107
2021-11-02,Lithuania,Moderna,107
2021-11-03,Lithuania,Moderna,107
2021-11-04,Lithuania,Moderna,107
2021-11-05,Lithuania,Moderna,89
2021-11-06,Lithuania,Moderna,89
2021-11-07,Lithuania,Moderna,89
2021-11-08,Lithuania,Moderna,89
2021-11-09,Lithuania,Moderna,89
2021-11-10,Lithuania,Moderna,89
2021-11-11,Lithuania,Moderna,89
2021-11-12,Lithuania,Moderna,220
2021-11-13,Lithuania,Moderna,220
2021-11-14,Lithuania,Moderna,220
2021-11-15,Lithuania,Moderna,220
2021-11-16,Lithuania,Moderna,220
2021-11-17,Lithuania,Moderna,220
2021-11-18,Lithuania,Moderna,220
2021-11-19,Lithuania,Moderna,520
2021-11-20,Lithuania,Moderna,520
2021-11-21,Lithuania,Moderna,520
2021-11-22,Lithuania,Moderna,520
2021-11-23,Lithuania,Moderna,520
2021-11-24,Lithuania,Moderna,520
2021-11-25,Lithuania,Moderna,520
2021-11-26,Lithuania,Moderna,515
2021-11-27,Lithuania,Moderna,515
2021-11-28,Lithuania,Moderna,515
2021-11-29,Lithuania,Moderna,515
2021-11-30,Lithuania,Moderna,515
2021-12-01,Lithuania,Moderna,515
2021-12-02,Lithuania,Moderna,515
2021-12-03,Lithuania,Moderna,673
2021-12-04,Lithuania,Moderna,673
2021-12-05,Lithuania,Moderna,673
2021-12-06,Lithuania,Moderna,673
2021-12-07,Lithuania,Moderna,673
2021-12-08,Lithuania,Moderna,673
2021-12-09,Lithuania,Moderna,673
2021-12-10,Lithuania,Moderna,827
2021-12-11,Lithuania,Moderna,827
2021-12-12,Lithuania,Moderna,827
2021-12-13,Lithuania,Moderna,827
2021-12-14,Lithuania,Moderna,827
2021-12-15,Lithuania,Moderna,827
2021-12-16,Lithuania,Moderna,827
2021-12-17,Lithuania,Moderna,612
2021-12-18,Lithuania,Moderna,612
2021-12-19,Lithuania,Moderna,612
2021-12-20,Lithuania,Moderna,612
2021-12-21,Lithuania,Moderna,612
2021-12-22,Lithuania,Moderna,612
2021-12-23,Lithuania,Moderna,612
2021-12-24,Lithuania,Moderna,909
2021-12-25,Lithuania,Moderna,909
2021-12-26,Lithuania,Moderna,909
2021-12-27,Lithuania,Moderna,909
2021-12-28,Lithuania,Moderna,909
2021-12-29,Lithuania,Moderna,909
2021-12-30,Lithuania,Moderna,909
2021-12-31,Lithuania,Moderna,1222
