date,location,vaccine,total_vaccinations
2021-01-01,Norway,Moderna,6
2021-01-01,Norway,Oxford/AstraZeneca,0
2021-01-02,Norway,Moderna,6
2021-01-02,Norway,Oxford/AstraZeneca,0
2021-01-03,Norway,Moderna,6
2021-01-03,Norway,Oxford/AstraZeneca,0
2021-01-04,Norway,Moderna,6
2021-01-04,Norway,Oxford/AstraZeneca,0
2021-01-05,Norway,Moderna,6
2021-01-05,Norway,Oxford/AstraZeneca,0
2021-01-06,Norway,Moderna,6
2021-01-06,Norway,Oxford/AstraZeneca,0
2021-01-07,Norway,Moderna,6
2021-01-07,Norway,Oxford/AstraZeneca,0
2021-01-08,Norway,Moderna,16
2021-01-08,Norway,Oxford/AstraZeneca,2
2021-01-09,Norway,Moderna,16
2021-01-09,Norway,Oxford/AstraZeneca,2
2021-01-10,Norway,Moderna,16
2021-01-10,Norway,Oxford/AstraZeneca,2
2021-01-11,Norway,Moderna,16
2021-01-11,Norway,Oxford/AstraZeneca,2
2021-01-12,Norway,Moderna,16
2021-01-12,Norway,Oxford/AstraZeneca,2
2021-01-13,Norway,Moderna,16
2021-01-13,Norway,Oxford/AstraZeneca,2
2021-01-14,Norway,Moderna,16
2021-01-14,Norway,Oxford/AstraZeneca,2
2021-01-15,Norway,Moderna,254
2021-01-15,Norway,Oxford/AstraZeneca,4
2021-01-16,Norway,Moderna,254
2021-01-16,Norway,Oxford/AstraZeneca,4
2021-01-17,Norway,Moderna,254
2021-01-17,Norway,Oxford/AstraZeneca,4
2021-01-18,Norway,Moderna,254
2021-01-18,Norway,Oxford/AstraZeneca,4
2021-01-19,Norway,Moderna,254
2021-01-19,Norway,Oxford/AstraZeneca,4
2021-01-20,Norway,Moderna,254
2021-01-20,Norway,Oxford/AstraZeneca,4
2021-01-21,Norway,Moderna,254
2021-01-21,Norway,Oxford/AstraZeneca,4
2021-01-22,Norway,Moderna,60
2021-01-22,Norway,Oxford/AstraZeneca,6
2021-01-23,Norway,Moderna,60
2021-01-23,Norway,Oxford/AstraZeneca,6
2021-01-24,Norway,Moderna,60
2021-01-24,Norway,Oxford/AstraZeneca,6
2021-01-25,Norway,Moderna,60
2021-01-25,Norway,Oxford/AstraZeneca,6
2021-01-26,Norway,Moderna,60
2021-01-26,Norway,Oxford/AstraZeneca,6
2021-01-27,Norway,Moderna,60
2021-01-27,Norway,Oxford/AstraZeneca,6
2021-01-28,Norway,Moderna,60
2021-01-28,Norway,Oxford/AstraZeneca,6
2021-01-29,Norway,Moderna,26
2021-01-29,Norway,Oxford/AstraZeneca,15
2021-01-30,Norway,Moderna,26
2021-01-30,Norway,Oxford/AstraZeneca,15
2021-01-31,Norway,Moderna,26
2021-01-31,Norway,Oxford/AstraZeneca,15
2021-02-01,Norway,Moderna,26
2021-02-01,Norway,Oxford/AstraZeneca,15
2021-02-02,Norway,Moderna,26
2021-02-02,Norway,Oxford/AstraZeneca,15
2021-02-03,Norway,Moderna,26
2021-02-03,Norway,Oxford/AstraZeneca,15
2021-02-04,Norway,Moderna,26
2021-02-04,Norway,Oxford/AstraZeneca,15
2021-02-05,Norway,Moderna,1454
2021-02-05,Norway,Oxford/AstraZeneca,17
2021-02-06,Norway,Moderna,1454
2021-02-06,Norway,Oxford/AstraZeneca,17
2021-02-07,Norway,Moderna,1454
2021-02-07,Norway,Oxford/AstraZeneca,17
2021-02-08,Norway,Moderna,1454
2021-02-08,Norway,Oxford/AstraZeneca,17
2021-02-09,Norway,Moderna,1454
2021-02-09,Norway,Oxford/AstraZeneca,17
2021-02-10,Norway,Moderna,1454
2021-02-10,Norway,Oxford/AstraZeneca,17
2021-02-11,Norway,Moderna,1454
2021-02-11,Norway,Oxford/AstraZeneca,17
2021-02-12,Norway,Moderna,336
2021-02-12,Norway,Oxford/AstraZeneca,2829
2021-02-13,Norway,Moderna,336
2021-02-13,Norway,Oxford/AstraZeneca,2829
2021-02-14,Norway,Moderna,336
2021-02-14,Norway,Oxford/AstraZeneca,2829
2021-02-15,Norway,Moderna,336
2021-02-15,Norway,Oxford/AstraZeneca,2829
2021-02-16,Norway,Moderna,336
2021-02-16,Norway,Oxford/AstraZeneca,2829
2021-02-17,Norway,Moderna,336
2021-02-17,Norway,Oxford/AstraZeneca,2829
2021-02-18,Norway,Moderna,336
2021-02-18,Norway,Oxford/AstraZeneca,2829
2021-02-19,Norway,Moderna,70
2021-02-19,Norway,Oxford/AstraZeneca,5120
2021-02-20,Norway,Moderna,70
2021-02-20,Norway,Oxford/AstraZeneca,5120
2021-02-21,Norway,Moderna,70
2021-02-21,Norway,Oxford/AstraZeneca,5120
2021-02-22,Norway,Moderna,70
2021-02-22,Norway,Oxford/AstraZeneca,5120
2021-02-23,Norway,Moderna,70
2021-02-23,Norway,Oxford/AstraZeneca,5120
2021-02-24,Norway,Moderna,70
2021-02-24,Norway,Oxford/AstraZeneca,5120
2021-02-25,Norway,Moderna,70
2021-02-25,Norway,Oxford/AstraZeneca,5120
2021-02-26,Norway,Moderna,883
2021-02-26,Norway,Oxford/AstraZeneca,7028
2021-02-27,Norway,Moderna,883
2021-02-27,Norway,Oxford/AstraZeneca,7028
2021-02-28,Norway,Moderna,883
2021-02-28,Norway,Oxford/AstraZeneca,7028
2021-03-01,Norway,Moderna,883
2021-03-01,Norway,Oxford/AstraZeneca,7028
2021-03-02,Norway,Moderna,883
2021-03-02,Norway,Oxford/AstraZeneca,7028
2021-03-03,Norway,Moderna,883
2021-03-03,Norway,Oxford/AstraZeneca,7028
2021-03-04,Norway,Moderna,883
2021-03-04,Norway,Oxford/AstraZeneca,7028
2021-03-05,Norway,Moderna,2032
2021-03-05,Norway,Oxford/AstraZeneca,4856
2021-03-06,Norway,Moderna,2032
2021-03-06,Norway,Oxford/AstraZeneca,4856
2021-03-07,Norway,Moderna,2032
2021-03-07,Norway,Oxford/AstraZeneca,4856
2021-03-08,Norway,Moderna,2032
2021-03-08,Norway,Oxford/AstraZeneca,4856
2021-03-09,Norway,Moderna,2032
2021-03-09,Norway,Oxford/AstraZeneca,4856
2021-03-10,Norway,Moderna,2032
2021-03-10,Norway,Oxford/AstraZeneca,4856
2021-03-11,Norway,Moderna,2032
2021-03-11,Norway,Oxford/AstraZeneca,4856
2021-03-12,Norway,Moderna,864
2021-03-12,Norway,Oxford/AstraZeneca,90
2021-03-13,Norway,Moderna,864
2021-03-13,Norway,Oxford/AstraZeneca,90
2021-03-14,Norway,Moderna,864
2021-03-14,Norway,Oxford/AstraZeneca,90
2021-03-15,Norway,Moderna,864
2021-03-15,Norway,Oxford/AstraZeneca,90
2021-03-16,Norway,Moderna,864
2021-03-16,Norway,Oxford/AstraZeneca,90
2021-03-17,Norway,Moderna,864
2021-03-17,Norway,Oxford/AstraZeneca,90
2021-03-18,Norway,Moderna,864
2021-03-18,Norway,Oxford/AstraZeneca,90
2021-03-19,Norway,Moderna,2575
2021-03-19,Norway,Oxford/AstraZeneca,66
2021-03-20,Norway,Moderna,2575
2021-03-20,Norway,Oxford/AstraZeneca,66
2021-03-21,Norway,Moderna,2575
2021-03-21,Norway,Oxford/AstraZeneca,66
2021-03-22,Norway,Moderna,2575
2021-03-22,Norway,Oxford/AstraZeneca,66
2021-03-23,Norway,Moderna,2575
2021-03-23,Norway,Oxford/AstraZeneca,66
2021-03-24,Norway,Moderna,2575
2021-03-24,Norway,Oxford/AstraZeneca,66
2021-03-25,Norway,Moderna,2575
2021-03-25,Norway,Oxford/AstraZeneca,66
2021-03-26,Norway,Moderna,2907
2021-03-26,Norway,Oxford/AstraZeneca,48
2021-03-27,Norway,Moderna,2907
2021-03-27,Norway,Oxford/AstraZeneca,48
2021-03-28,Norway,Moderna,2907
2021-03-28,Norway,Oxford/AstraZeneca,48
2021-03-29,Norway,Moderna,2907
2021-03-29,Norway,Oxford/AstraZeneca,48
2021-03-30,Norway,Moderna,2907
2021-03-30,Norway,Oxford/AstraZeneca,48
2021-03-31,Norway,Moderna,2907
2021-03-31,Norway,Oxford/AstraZeneca,48
2021-04-01,Norway,Moderna,2907
2021-04-01,Norway,Oxford/AstraZeneca,48
2021-04-02,Norway,Moderna,2689
2021-04-02,Norway,Oxford/AstraZeneca,45
2021-04-03,Norway,Moderna,2689
2021-04-03,Norway,Oxford/AstraZeneca,45
2021-04-04,Norway,Moderna,2689
2021-04-04,Norway,Oxford/AstraZeneca,45
2021-04-05,Norway,Moderna,2689
2021-04-05,Norway,Oxford/AstraZeneca,45
2021-04-06,Norway,Moderna,2689
2021-04-06,Norway,Oxford/AstraZeneca,45
2021-04-07,Norway,Moderna,2689
2021-04-07,Norway,Oxford/AstraZeneca,45
2021-04-08,Norway,Moderna,2689
2021-04-08,Norway,Oxford/AstraZeneca,45
2021-04-09,Norway,Moderna,5804
2021-04-09,Norway,Oxford/AstraZeneca,52
2021-04-10,Norway,Moderna,5804
2021-04-10,Norway,Oxford/AstraZeneca,52
2021-04-11,Norway,Moderna,5804
2021-04-11,Norway,Oxford/AstraZeneca,52
2021-04-12,Norway,Moderna,5804
2021-04-12,Norway,Oxford/AstraZeneca,52
2021-04-13,Norway,Moderna,5804
2021-04-13,Norway,Oxford/AstraZeneca,52
2021-04-14,Norway,Moderna,5804
2021-04-14,Norway,Oxford/AstraZeneca,52
2021-04-15,Norway,Moderna,5804
2021-04-15,Norway,Oxford/AstraZeneca,52
2021-04-16,Norway,Moderna,2367
2021-04-16,Norway,Oxford/AstraZeneca,46
2021-04-17,Norway,Moderna,2367
2021-04-17,Norway,Oxford/AstraZeneca,46
2021-04-18,Norway,Moderna,2367
2021-04-18,Norway,Oxford/AstraZeneca,46
2021-04-19,Norway,Moderna,2367
2021-04-19,Norway,Oxford/AstraZeneca,46
2021-04-20,Norway,Moderna,2367
2021-04-20,Norway,Oxford/AstraZeneca,46
2021-04-21,Norway,Moderna,2367
2021-04-21,Norway,Oxford/AstraZeneca,46
2021-04-22,Norway,Moderna,2367
2021-04-22,Norway,Oxford/AstraZeneca,46
2021-04-23,Norway,Moderna,1514
2021-04-23,Norway,Oxford/AstraZeneca,48
2021-04-24,Norway,Moderna,1514
2021-04-24,Norway,Oxford/AstraZeneca,48
2021-04-25,Norway,Moderna,1514
2021-04-25,Norway,Oxford/AstraZeneca,48
2021-04-26,Norway,Moderna,1514
2021-04-26,Norway,Oxford/AstraZeneca,48
2021-04-27,Norway,Moderna,1514
2021-04-27,Norway,Oxford/AstraZeneca,48
2021-04-28,Norway,Moderna,1514
2021-04-28,Norway,Oxford/AstraZeneca,48
2021-04-29,Norway,Moderna,1514
2021-04-29,Norway,Oxford/AstraZeneca,48
2021-04-30,Norway,Moderna,2225
2021-04-30,Norway,Oxford/AstraZeneca,63
2021-05-01,Norway,Moderna,2225
2021-05-01,Norway,Oxford/AstraZeneca,63
2021-05-02,Norway,Moderna,2225
2021-05-02,Norway,Oxford/AstraZeneca,63
2021-05-03,Norway,Moderna,2225
2021-05-03,Norway,Oxford/AstraZeneca,63
2021-05-04,Norway,Moderna,2225
2021-05-04,Norway,Oxford/AstraZeneca,63
2021-05-05,Norway,Moderna,2225
2021-05-05,Norway,Oxford/AstraZeneca,63
2021-05-06,Norway,Moderna,2225
2021-05-06,Norway,Oxford/AstraZeneca,63
2021-05-07,Norway,Moderna,4644
2021-05-07,Norway,Oxford/AstraZeneca,55
2021-05-08,Norway,Moderna,4644
2021-05-08,Norway,Oxford/AstraZeneca,55
2021-05-09,Norway,Moderna,4644
2021-05-09,Norway,Oxford/AstraZeneca,55
2021-05-10,Norway,Moderna,4644
2021-05-10,Norway,Oxford/AstraZeneca,55
2021-05-11,Norway,Moderna,4644
2021-05-11,Norway,Oxford/AstraZeneca,55
2021-05-12,Norway,Moderna,4644
2021-05-12,Norway,Oxford/AstraZeneca,55
2021-05-13,Norway,Moderna,4644
2021-05-13,Norway,Oxford/AstraZeneca,55
2021-05-14,Norway,Moderna,3099
2021-05-14,Norway,Oxford/AstraZeneca,68
2021-05-15,Norway,Moderna,3099
2021-05-15,Norway,Oxford/AstraZeneca,68
2021-05-16,Norway,Moderna,3099
2021-05-16,Norway,Oxford/AstraZeneca,68
2021-05-17,Norway,Moderna,3099
2021-05-17,Norway,Oxford/AstraZeneca,68
2021-05-18,Norway,Moderna,3099
2021-05-18,Norway,Oxford/AstraZeneca,68
2021-05-19,Norway,Moderna,3099
2021-05-19,Norway,Oxford/AstraZeneca,68
2021-05-20,Norway,Moderna,3099
2021-05-20,Norway,Oxford/AstraZeneca,68
2021-05-21,Norway,Moderna,6203
2021-05-21,Norway,Oxford/AstraZeneca,85
2021-05-22,Norway,Moderna,6203
2021-05-22,Norway,Oxford/AstraZeneca,85
2021-05-23,Norway,Moderna,6203
2021-05-23,Norway,Oxford/AstraZeneca,85
2021-05-24,Norway,Moderna,6203
2021-05-24,Norway,Oxford/AstraZeneca,85
2021-05-25,Norway,Moderna,6203
2021-05-25,Norway,Oxford/AstraZeneca,85
2021-05-26,Norway,Moderna,6203
2021-05-26,Norway,Oxford/AstraZeneca,85
2021-05-27,Norway,Moderna,6203
2021-05-27,Norway,Oxford/AstraZeneca,85
2021-05-28,Norway,Moderna,6957
2021-05-28,Norway,Oxford/AstraZeneca,72
2021-05-29,Norway,Moderna,6957
2021-05-29,Norway,Oxford/AstraZeneca,72
2021-05-30,Norway,Moderna,6957
2021-05-30,Norway,Oxford/AstraZeneca,72
2021-05-31,Norway,Moderna,6957
2021-05-31,Norway,Oxford/AstraZeneca,72
2021-06-01,Norway,Moderna,6957
2021-06-01,Norway,Oxford/AstraZeneca,72
2021-06-02,Norway,Moderna,6957
2021-06-02,Norway,Oxford/AstraZeneca,72
2021-06-03,Norway,Moderna,6957
2021-06-03,Norway,Oxford/AstraZeneca,72
2021-06-04,Norway,Moderna,7051
2021-06-04,Norway,Oxford/AstraZeneca,83
2021-06-05,Norway,Moderna,7051
2021-06-05,Norway,Oxford/AstraZeneca,83
2021-06-06,Norway,Moderna,7051
2021-06-06,Norway,Oxford/AstraZeneca,83
2021-06-07,Norway,Moderna,7051
2021-06-07,Norway,Oxford/AstraZeneca,83
2021-06-08,Norway,Moderna,7051
2021-06-08,Norway,Oxford/AstraZeneca,83
2021-06-09,Norway,Moderna,7051
2021-06-09,Norway,Oxford/AstraZeneca,83
2021-06-10,Norway,Moderna,7051
2021-06-10,Norway,Oxford/AstraZeneca,83
2021-06-11,Norway,Moderna,5039
2021-06-11,Norway,Oxford/AstraZeneca,62
2021-06-12,Norway,Moderna,5039
2021-06-12,Norway,Oxford/AstraZeneca,62
2021-06-13,Norway,Moderna,5039
2021-06-13,Norway,Oxford/AstraZeneca,62
2021-06-14,Norway,Moderna,5039
2021-06-14,Norway,Oxford/AstraZeneca,62
2021-06-15,Norway,Moderna,5039
2021-06-15,Norway,Oxford/AstraZeneca,62
2021-06-16,Norway,Moderna,5039
2021-06-16,Norway,Oxford/AstraZeneca,62
2021-06-17,Norway,Moderna,5039
2021-06-17,Norway,Oxford/AstraZeneca,62
2021-06-18,Norway,Moderna,5895
2021-06-18,Norway,Oxford/AstraZeneca,51
2021-06-19,Norway,Moderna,5895
2021-06-19,Norway,Oxford/AstraZeneca,51
2021-06-20,Norway,Moderna,5895
2021-06-20,Norway,Oxford/AstraZeneca,51
2021-06-21,Norway,Moderna,5895
2021-06-21,Norway,Oxford/AstraZeneca,51
2021-06-22,Norway,Moderna,5895
2021-06-22,Norway,Oxford/AstraZeneca,51
2021-06-23,Norway,Moderna,5895
2021-06-23,Norway,Oxford/AstraZeneca,51
2021-06-24,Norway,Moderna,5895
2021-06-24,Norway,Oxford/AstraZeneca,51
2021-06-25,Norway,Moderna,5695
2021-06-25,Norway,Oxford/AstraZeneca,47
2021-06-26,Norway,Moderna,5695
2021-06-26,Norway,Oxford/AstraZeneca,47
2021-06-27,Norway,Moderna,5695
2021-06-27,Norway,Oxford/AstraZeneca,47
2021-06-28,Norway,Moderna,5695
2021-06-28,Norway,Oxford/AstraZeneca,47
2021-06-29,Norway,Moderna,5695
2021-06-29,Norway,Oxford/AstraZeneca,47
2021-06-30,Norway,Moderna,5695
2021-06-30,Norway,Oxford/AstraZeneca,47
2021-07-01,Norway,Moderna,5695
2021-07-01,Norway,Oxford/AstraZeneca,47
2021-07-02,Norway,Moderna,5183
2021-07-02,Norway,Oxford/AstraZeneca,33
2021-07-03,Norway,Moderna,5183
2021-07-03,Norway,Oxford/AstraZeneca,33
2021-07-04,Norway,Moderna,5183
2021-07-04,Norway,Oxford/AstraZeneca,33
2021-07-05,Norway,Moderna,5183
2021-07-05,Norway,Oxford/AstraZeneca,33
2021-07-06,Norway,Moderna,5183
2021-07-06,Norway,Oxford/AstraZeneca,33
2021-07-07,Norway,Moderna,5183
2021-07-07,Norway,Oxford/AstraZeneca,33
2021-07-08,Norway,Moderna,5183
2021-07-08,Norway,Oxford/AstraZeneca,33
2021-07-09,Norway,Moderna,2933
2021-07-09,Norway,Oxford/AstraZeneca,25
2021-07-10,Norway,Moderna,2933
2021-07-10,Norway,Oxford/AstraZeneca,25
2021-07-11,Norway,Moderna,2933
2021-07-11,Norway,Oxford/AstraZeneca,25
2021-07-12,Norway,Moderna,2933
2021-07-12,Norway,Oxford/AstraZeneca,25
2021-07-13,Norway,Moderna,2933
2021-07-13,Norway,Oxford/AstraZeneca,25
2021-07-14,Norway,Moderna,2933
2021-07-14,Norway,Oxford/AstraZeneca,25
2021-07-15,Norway,Moderna,2933
2021-07-15,Norway,Oxford/AstraZeneca,25
2021-07-16,Norway,Moderna,5655
2021-07-16,Norway,Oxford/AstraZeneca,26
2021-07-17,Norway,Moderna,5655
2021-07-17,Norway,Oxford/AstraZeneca,26
2021-07-18,Norway,Moderna,5655
2021-07-18,Norway,Oxford/AstraZeneca,26
2021-07-19,Norway,Moderna,5655
2021-07-19,Norway,Oxford/AstraZeneca,26
2021-07-20,Norway,Moderna,5655
2021-07-20,Norway,Oxford/AstraZeneca,26
2021-07-21,Norway,Moderna,5655
2021-07-21,Norway,Oxford/AstraZeneca,26
2021-07-22,Norway,Moderna,5655
2021-07-22,Norway,Oxford/AstraZeneca,26
2021-07-23,Norway,Moderna,5663
2021-07-23,Norway,Oxford/AstraZeneca,20
2021-07-24,Norway,Moderna,5663
2021-07-24,Norway,Oxford/AstraZeneca,20
2021-07-25,Norway,Moderna,5663
2021-07-25,Norway,Oxford/AstraZeneca,20
2021-07-26,Norway,Moderna,5663
2021-07-26,Norway,Oxford/AstraZeneca,20
2021-07-27,Norway,Moderna,5663
2021-07-27,Norway,Oxford/AstraZeneca,20
2021-07-28,Norway,Moderna,5663
2021-07-28,Norway,Oxford/AstraZeneca,20
2021-07-29,Norway,Moderna,5663
2021-07-29,Norway,Oxford/AstraZeneca,20
2021-07-30,Norway,Moderna,9154
2021-07-30,Norway,Oxford/AstraZeneca,17
2021-07-31,Norway,Moderna,9154
2021-07-31,Norway,Oxford/AstraZeneca,17
2021-08-01,Norway,Moderna,9154
2021-08-01,Norway,Oxford/AstraZeneca,17
2021-08-02,Norway,Moderna,9154
2021-08-02,Norway,Oxford/AstraZeneca,17
2021-08-03,Norway,Moderna,9154
2021-08-03,Norway,Oxford/AstraZeneca,17
2021-08-04,Norway,Moderna,9154
2021-08-04,Norway,Oxford/AstraZeneca,17
2021-08-05,Norway,Moderna,9154
2021-08-05,Norway,Oxford/AstraZeneca,17
2021-08-06,Norway,Moderna,12872
2021-08-06,Norway,Oxford/AstraZeneca,15
2021-08-07,Norway,Moderna,12872
2021-08-07,Norway,Oxford/AstraZeneca,15
2021-08-08,Norway,Moderna,12872
2021-08-08,Norway,Oxford/AstraZeneca,15
2021-08-09,Norway,Moderna,12872
2021-08-09,Norway,Oxford/AstraZeneca,15
2021-08-10,Norway,Moderna,12872
2021-08-10,Norway,Oxford/AstraZeneca,15
2021-08-11,Norway,Moderna,12872
2021-08-11,Norway,Oxford/AstraZeneca,15
2021-08-12,Norway,Moderna,12872
2021-08-12,Norway,Oxford/AstraZeneca,15
2021-08-13,Norway,Moderna,10596
2021-08-13,Norway,Oxford/AstraZeneca,13
2021-08-14,Norway,Moderna,10596
2021-08-14,Norway,Oxford/AstraZeneca,13
2021-08-15,Norway,Moderna,10596
2021-08-15,Norway,Oxford/AstraZeneca,13
2021-08-16,Norway,Moderna,10596
2021-08-16,Norway,Oxford/AstraZeneca,13
2021-08-17,Norway,Moderna,10596
2021-08-17,Norway,Oxford/AstraZeneca,13
2021-08-18,Norway,Moderna,10596
2021-08-18,Norway,Oxford/AstraZeneca,13
2021-08-19,Norway,Moderna,10596
2021-08-19,Norway,Oxford/AstraZeneca,13
2021-08-20,Norway,Moderna,27318
2021-08-20,Norway,Oxford/AstraZeneca,13
2021-08-21,Norway,Moderna,27318
2021-08-21,Norway,Oxford/AstraZeneca,13
2021-08-22,Norway,Moderna,27318
2021-08-22,Norway,Oxford/AstraZeneca,13
2021-08-23,Norway,Moderna,27318
2021-08-23,Norway,Oxford/AstraZeneca,13
2021-08-24,Norway,Moderna,27318
2021-08-24,Norway,Oxford/AstraZeneca,13
2021-08-25,Norway,Moderna,27318
2021-08-25,Norway,Oxford/AstraZeneca,13
2021-08-26,Norway,Moderna,27318
2021-08-26,Norway,Oxford/AstraZeneca,13
2021-08-27,Norway,Moderna,31141
2021-08-27,Norway,Oxford/AstraZeneca,11
2021-08-28,Norway,Moderna,31141
2021-08-28,Norway,Oxford/AstraZeneca,11
2021-08-29,Norway,Moderna,31141
2021-08-29,Norway,Oxford/AstraZeneca,11
2021-08-30,Norway,Moderna,31141
2021-08-30,Norway,Oxford/AstraZeneca,11
2021-08-31,Norway,Moderna,31141
2021-08-31,Norway,Oxford/AstraZeneca,11
2021-09-01,Norway,Moderna,31141
2021-09-01,Norway,Oxford/AstraZeneca,11
2021-09-02,Norway,Moderna,31141
2021-09-02,Norway,Oxford/AstraZeneca,11
2021-09-03,Norway,Moderna,19047
2021-09-03,Norway,Oxford/AstraZeneca,11
2021-09-04,Norway,Moderna,19047
2021-09-04,Norway,Oxford/AstraZeneca,11
2021-09-05,Norway,Moderna,19047
2021-09-05,Norway,Oxford/AstraZeneca,11
2021-09-06,Norway,Moderna,19047
2021-09-06,Norway,Oxford/AstraZeneca,11
2021-09-07,Norway,Moderna,19047
2021-09-07,Norway,Oxford/AstraZeneca,11
2021-09-08,Norway,Moderna,19047
2021-09-08,Norway,Oxford/AstraZeneca,11
2021-09-09,Norway,Moderna,19047
2021-09-09,Norway,Oxford/AstraZeneca,11
2021-09-10,Norway,Moderna,9405
2021-09-10,Norway,Oxford/AstraZeneca,6
2021-09-11,Norway,Moderna,9405
2021-09-11,Norway,Oxford/AstraZeneca,6
2021-09-12,Norway,Moderna,9405
2021-09-12,Norway,Oxford/AstraZeneca,6
2021-09-13,Norway,Moderna,9405
2021-09-13,Norway,Oxford/AstraZeneca,6
2021-09-14,Norway,Moderna,9405
2021-09-14,Norway,Oxford/AstraZeneca,6
2021-09-15,Norway,Moderna,9405
2021-09-15,Norway,Oxford/AstraZeneca,6
2021-09-16,Norway,Moderna,9405
2021-09-16,Norway,Oxford/AstraZeneca,6
2021-09-17,Norway,Moderna,6075
2021-09-17,Norway,Oxford/AstraZeneca,7
2021-09-18,Norway,Moderna,6075
2021-09-18,Norway,Oxford/AstraZeneca,7
2021-09-19,Norway,Moderna,6075
2021-09-19,Norway,Oxford/AstraZeneca,7
2021-09-20,Norway,Moderna,6075
2021-09-20,Norway,Oxford/AstraZeneca,7
2021-09-21,Norway,Moderna,6075
2021-09-21,Norway,Oxford/AstraZeneca,7
2021-09-22,Norway,Moderna,6075
2021-09-22,Norway,Oxford/AstraZeneca,7
2021-09-23,Norway,Moderna,6075
2021-09-23,Norway,Oxford/AstraZeneca,7
2021-09-24,Norway,Moderna,4445
2021-09-24,Norway,Oxford/AstraZeneca,6
2021-09-25,Norway,Moderna,4445
2021-09-25,Norway,Oxford/AstraZeneca,6
2021-09-26,Norway,Moderna,4445
2021-09-26,Norway,Oxford/AstraZeneca,6
2021-09-27,Norway,Moderna,4445
2021-09-27,Norway,Oxford/AstraZeneca,6
2021-09-28,Norway,Moderna,4445
2021-09-28,Norway,Oxford/AstraZeneca,6
2021-09-29,Norway,Moderna,4445
2021-09-29,Norway,Oxford/AstraZeneca,6
2021-09-30,Norway,Moderna,4445
2021-09-30,Norway,Oxford/AstraZeneca,6
2021-10-01,Norway,Moderna,1891
2021-10-01,Norway,Oxford/AstraZeneca,5
2021-10-02,Norway,Moderna,1891
2021-10-02,Norway,Oxford/AstraZeneca,5
2021-10-03,Norway,Moderna,1891
2021-10-03,Norway,Oxford/AstraZeneca,5
2021-10-04,Norway,Moderna,1891
2021-10-04,Norway,Oxford/AstraZeneca,5
2021-10-05,Norway,Moderna,1891
2021-10-05,Norway,Oxford/AstraZeneca,5
2021-10-06,Norway,Moderna,1891
2021-10-06,Norway,Oxford/AstraZeneca,5
2021-10-07,Norway,Moderna,1891
2021-10-07,Norway,Oxford/AstraZeneca,5
2021-10-08,Norway,Moderna,969
2021-10-08,Norway,Oxford/AstraZeneca,3
2021-10-09,Norway,Moderna,969
2021-10-09,Norway,Oxford/AstraZeneca,3
2021-10-10,Norway,Moderna,969
2021-10-10,Norway,Oxford/AstraZeneca,3
2021-10-11,Norway,Moderna,969
2021-10-11,Norway,Oxford/AstraZeneca,3
2021-10-12,Norway,Moderna,969
2021-10-12,Norway,Oxford/AstraZeneca,3
2021-10-13,Norway,Moderna,969
2021-10-13,Norway,Oxford/AstraZeneca,3
2021-10-14,Norway,Moderna,969
2021-10-14,Norway,Oxford/AstraZeneca,3
2021-10-15,Norway,Moderna,699
2021-10-15,Norway,Oxford/AstraZeneca,3
2021-10-16,Norway,Moderna,699
2021-10-16,Norway,Oxford/AstraZeneca,3
2021-10-17,Norway,Moderna,699
2021-10-17,Norway,Oxford/AstraZeneca,3
2021-10-18,Norway,Moderna,699
2021-10-18,Norway,Oxford/AstraZeneca,3
2021-10-19,Norway,Moderna,699
2021-10-19,Norway,Oxford/AstraZeneca,3
2021-10-20,Norway,Moderna,699
2021-10-20,Norway,Oxford/AstraZeneca,3
2021-10-21,Norway,Moderna,699
2021-10-21,Norway,Oxford/AstraZeneca,3
2021-10-22,Norway,Moderna,666
2021-10-22,Norway,Oxford/AstraZeneca,4
2021-10-23,Norway,Moderna,666
2021-10-23,Norway,Oxford/AstraZeneca,4
2021-10-24,Norway,Moderna,666
2021-10-24,Norway,Oxford/AstraZeneca,4
2021-10-25,Norway,Moderna,666
2021-10-25,Norway,Oxford/AstraZeneca,4
2021-10-26,Norway,Moderna,666
2021-10-26,Norway,Oxford/AstraZeneca,4
2021-10-27,Norway,Moderna,666
2021-10-27,Norway,Oxford/AstraZeneca,4
2021-10-28,Norway,Moderna,666
2021-10-28,Norway,Oxford/AstraZeneca,4
2021-10-29,Norway,Moderna,457
2021-10-29,Norway,Oxford/AstraZeneca,4
2021-10-30,Norway,Moderna,457
2021-10-30,Norway,Oxford/AstraZeneca,4
2021-10-31,Norway,Moderna,457
2021-10-31,Norway,Oxford/AstraZeneca,4
2021-11-01,Norway,Moderna,457
2021-11-01,Norway,Oxford/AstraZeneca,4
2021-11-02,Norway,Moderna,457
2021-11-02,Norway,Oxford/AstraZeneca,4
2021-11-03,Norway,Moderna,457
2021-11-03,Norway,Oxford/AstraZeneca,4
2021-11-04,Norway,Moderna,457
2021-11-04,Norway,Oxford/AstraZeneca,4
2021-11-05,Norway,Moderna,1244
2021-11-05,Norway,Oxford/AstraZeneca,5
2021-11-06,Norway,Moderna,1244
2021-11-06,Norway,Oxford/AstraZeneca,5
2021-11-07,Norway,Moderna,1244
2021-11-07,Norway,Oxford/AstraZeneca,5
2021-11-08,Norway,Moderna,1244
2021-11-08,Norway,Oxford/AstraZeneca,5
2021-11-09,Norway,Moderna,1244
2021-11-09,Norway,Oxford/AstraZeneca,5
2021-11-10,Norway,Moderna,1244
2021-11-10,Norway,Oxford/AstraZeneca,5
2021-11-11,Norway,Moderna,1244
2021-11-11,Norway,Oxford/AstraZeneca,5
2021-11-12,Norway,Moderna,2397
2021-11-12,Norway,Oxford/AstraZeneca,3
2021-11-13,Norway,Moderna,2397
2021-11-13,Norway,Oxford/AstraZeneca,3
2021-11-14,Norway,Moderna,2397
2021-11-14,Norway,Oxford/AstraZeneca,3
2021-11-15,Norway,Moderna,2397
2021-11-15,Norway,Oxford/AstraZeneca,3
2021-11-16,Norway,Moderna,2397
2021-11-16,Norway,Oxford/AstraZeneca,3
2021-11-17,Norway,Moderna,2397
2021-11-17,Norway,Oxford/AstraZeneca,3
2021-11-18,Norway,Moderna,2397
2021-11-18,Norway,Oxford/AstraZeneca,3
2021-11-19,Norway,Moderna,3488
2021-11-19,Norway,Oxford/AstraZeneca,3
2021-11-20,Norway,Moderna,3488
2021-11-20,Norway,Oxford/AstraZeneca,3
2021-11-21,Norway,Moderna,3488
2021-11-21,Norway,Oxford/AstraZeneca,3
2021-11-22,Norway,Moderna,3488
2021-11-22,Norway,Oxford/AstraZeneca,3
2021-11-23,Norway,Moderna,3488
2021-11-23,Norway,Oxford/AstraZeneca,3
2021-11-24,Norway,Moderna,3488
2021-11-24,Norway,Oxford/AstraZeneca,3
2021-11-25,Norway,Moderna,3488
2021-11-25,Norway,Oxford/AstraZeneca,3
2021-11-26,Norway,Moderna,3872
2021-11-26,Norway,Oxford/AstraZeneca,3
2021-11-27,Norway,Moderna,3872
2021-11-27,Norway,Oxford/AstraZeneca,3
2021-11-28,Norway,Moderna,3872
2021-11-28,Norway,Oxford/AstraZeneca,3
2021-11-29,Norway,Moderna,3872
2021-11-29,Norway,Oxford/AstraZeneca,3
2021-11-30,Norway,Moderna,3872
2021-11-30,Norway,Oxford/AstraZeneca,3
2021-12-01,Norway,Moderna,3872
2021-12-01,Norway,Oxford/AstraZeneca,3
2021-12-02,Norway,Moderna,3872
2021-12-02,Norway,Oxford/AstraZeneca,3
2021-12-03,Norway,Moderna,4290
2021-12-03,Norway,Oxford/AstraZeneca,5
2021-12-04,Norway,Moderna,4290
2021-12-04,Norway,Oxford/AstraZeneca,5
2021-12-05,Norway,Moderna,4290
2021-12-05,Norway,Oxford/AstraZeneca,5
2021-12-06,Norway,Moderna,4290
2021-12-06,Norway,Oxford/AstraZeneca,5
2021-12-07,Norway,Moderna,4290
2021-12-07,Norway,Oxford/AstraZeneca,5
2021-12-08,Norway,Moderna,4290
2021-12-08,Norway,Oxford/AstraZeneca,5
2021-12-09,Norway,Moderna,4290
2021-12-09,Norway,Oxford/AstraZeneca,5
2021-12-10,Norway,Moderna,7514
2021-12-10,Norway,Oxford/AstraZeneca,3
2021-12-11,Norway,Moderna,7514
2021-12-11,Norway,Oxford/AstraZeneca,3
2021-12-12,Norway,Moderna,7514
2021-12-12,Norway,Oxford/AstraZeneca,3
2021-12-13,Norway,Moderna,7514
2021-12-13,Norway,Oxford/AstraZeneca,3
2021-12-14,Norway,Moderna,7514
2021-12-14,Norway,Oxford/AstraZeneca,3
2021-12-15,Norway,Moderna,7514
2021-12-15,Norway,Oxford/AstraZeneca,3
2021-12-16,Norway,Moderna,7514
2021-12-16,Norway,Oxford/AstraZeneca,3
2021-12-17,Norway,Moderna,8081
2021-12-17,Norway,Oxford/AstraZeneca,1
2021-12-18,Norway,Moderna,8081
2021-12-18,Norway,Oxford/AstraZeneca,1
2021-12-19,Norway,Moderna,8081
2021-12-19,Norway,Oxford/AstraZeneca,1
2021-12-20,Norway,Moderna,8081
2021-12-20,Norway,Oxford/AstraZeneca,1
2021-12-21,Norway,Moderna,8081
2021-12-21,Norway,Oxford/AstraZeneca,1
2021-12-22,Norway,Moderna,8081
2021-12-22,Norway,Oxford/AstraZeneca,1
2021-12-23,Norway,Moderna,8081
2021-12-23,Norway,Oxford/AstraZeneca,1
2021-12-24,Norway,Moderna,6469
2021-12-24,Norway,Oxford/AstraZeneca,2
2021-12-25,Norway,Moderna,6469
2021-12-25,Norway,Oxford/AstraZeneca,2
2021-12-26,Norway,Moderna,6469
2021-12-26,Norway,Oxford/AstraZeneca,2
2021-12-27,Norway,Moderna,6469
2021-12-27,Norway,Oxford/AstraZeneca,2
2021-12-28,Norway,Moderna,6469
2021-12-28,Norway,Oxford/AstraZeneca,2
2021-12-29,Norway,Moderna,6469
2021-12-29,Norway,Oxford/AstraZeneca,2
2021-12-30,Norway,Moderna,6469
2021-12-30,Norway,Oxford/AstraZeneca,2
2021-12-31,Norway,Moderna,19253
2021-12-31,Norway,Oxford/AstraZeneca,3
